391.217
379.803
943.846
488.174
168.767
617.328
7.11081
511.643
835.231
276.345
447.31
761.559
907.437
994.476
287.698
859.737
944.121
322.52
694.51
351.207
679.739
448.042
431.806
463.637
371.532
279.763
232.978
118.442
390.179
799.738
369.06
350.688
586.352
89.3887
195.837
792.81
463.454
935.667
960.509
379.406
688.772
423.292
649.464
929.106
973.235
419.935
158.483
759.056
851.924
359.783
566.088
989.563
396.161
232.673
791.986
694.021
388.256
184.21
421.43
550.768
990.783
633.534
976.775
153.508
440.84
314.951
417.524
635.762
801.355
149.754
150.395
766.167
299.875
354.106
330.149
170.904
286.843
689.718
732.627
839.259
344.066
263.222
981.658
568.194
574.847
780.877
410.291
503.525
607.013
664.144
338.511
432.02
340.281
933.378
47.6699
982.604
968.657
264.779
234.046
391.308
309.641
128.056
221.595
987.518
971.587
409.864
716.117
56.6118
389.63
430.036
381.481
236.305
262.581
756.767
19.5318
102.054
421.125
726.676
634.632
98.4527
658.956
76.2352
164.129
472.365
558.153
591.052
156.346
364.452
839.93
178.289
176.977
714.988
271.798
270.18
225.105
140.416
663.076
962.859
940.458
436.995
979.034
798.364
882.656
867.489
105.716
595.508
664.449
887.265
296.548
235.328
219.153
466.384
831.385
808.496
984.497
663.32
920.011
29.664
283.486
607.044
381.085
326.334
684.072
543.565
127.506
507.065
618.244
103.061
989.868
416.608
42.4207
444.166
908.78
483.413
419.965
431.227
28.0465
565.813
807.184
501.175
719.016
3.41807
324.259
376.08
67.9037
280.007
792.016
277.505
857.723
203.65
816.004
799.432
574.786
10.8341
99.2462
95.0041
472.701
300.821
264.473
534.837
223.609
206
967.65
491.409
188.94
705.191
583.483
407.3
840.388
485.336
244.85
802.515
362.499
258.736
516.587
377.606
968.444
941.313
485.366
868.984
959.441
598.529
547.136
811.945
59.9384
565.081
672.811
868.648
59.5721
644.887
433.607
876.461
292.367
797.113
567.858
273.354
985.778
214.85
369.579
56.6729
9.70489
202.918
680.898
931.089
57.3748
760.277
769.036
802.271
789.026
274.026
869.503
272.866
969.512
231.117
676.382
296.243
131.779
353.557
561.205
644.978
796.625
63.9363
801.691
349.803
780.358
687.185
601.184
765.831
621.784
294.931
180.853
421.644
659.352
598.743
724.876
308.084
790.246
798.303
460.768
762.627
442
791.131
655.599
605.67
788.598
649.586
809.381
685.202
741.661
772.057
827.235
485.733
748.497
613.88
450.941
958.098
928.037
404.828
731.925
225.867
575.701
759.117
826.106
325.602
568.865
584.124
892.666
635.884
703.879
194.372
377.178
152.409
496.048
36.7443
461.043
265.023
473.586
933.256
958.159
192.877
497.208
247.505
439.833
734.001
136.143
881.832
869.93
485.702
632.13
509.842
530.564
191.839
482.559
952.391
520.432
373.333
173.986
101.718
606.403
898.16
97.354
301.309
709.922
646.748
175.939
586.413
809.626
929.991
237.617
692.679
540.88
814.692
662.435
238.227
274.27
13.9775
336.772
986.236
953.398
498.337
445.631
593.31
473.983
483.322
133.58
750.938
885.22
950.865
566.82
125.431
194.433
359.752
426.008
3.08237
56.8865
701.926
362.835
46.7544
131.138
560.686
450.056
69.7043
382.061
327.189
157.414
233.68
112.033
231.208
883.877
576.739
2.38044
342.906
577.746
277.505
945.219
201.117
476.363
562.273
947.966
225.349
495.621
660.36
891.415
566.82
301.401
715.049
422.254
555.437
594.043
55.7268
761.895
398.602
636.586
737.541
712.363
288.278
558.672
754.662
640.919
572.497
467.055
834.254
724.204
147.588
893.979
216.041
233.558
727.348
614.582
325.114
142.552
145.299
364.91
742.851
838.191
346.782
491.379
383.679
216.376
226.142
63.2038
282.54
944.243
966.46
479.019
900.388
168.798
37.0495
98.7579
353.099
454.878
505.814
932.34
470.901
232.337
821.833
916.044
93.7223
534.562
725.303
808.283
509.415
309.122
440.504
235.542
440.565
81.8506
808.283
920.011
486.77
255.959
514.084
620.167
427.595
826.899
68.1784
815.546
293.924
794.549
693.899
666.646
612.323
54.1093
780.45
281.838
730.186
46.5407
56.2456
821.924
626.606
950.102
139.561
473.708
116.367
693.93
621.906
824.519
852.412
575.823
341.166
667.592
33.3262
763.878
0.518815
771.05
222.602
464.736
788.995
640.522
184.973
39.0637
160.405
807.52
146.794
845.21
426.893
674.123
386.67
92.8983
322.825
445.814
561.998
488.113
195.99
183.386
678.549
949.614
981.719
505.112
108.463
179.662
616.626
970.702
563.707
369.243
48.0056
678.152
430.525
819.025
495.315
104.587
371.624
758.11
119.419
722.77
602.283
140.812
756.951
423.78
746.3
703.696
874.752
278.268
678.457
62.9902
401.654
666.097
259.529
134.953
593.463
306.894
370.098
659.322
587.024
222.175
149.388
107.486
800.409
160.07
845.515
757.164
834.895
514.634
183.233
213.569
35.0658
270.028
655.782
160.009
363.598
1.83111
646.229
617.389
746.361
465.957
785.821
495.285
544.908
806.787
454.421
715.14
311.869
915.647
830.012
686.85
486.007
971.099
393.17
420.301
182.684
691.763
292.978
52.7665
736.686
333.781
480.422
73.7327
152.745
963.286
15.5034
27.955
121.128
35.432
454.848
978.79
753.41
811.884
725.12
511.765
695.273
646.748
389.355
561.419
772.942
673.421
711.997
840.663
828.486
922.758
429.09
155.522
901.212
404.218
629.719
385.876
410.84
181.463
654.988
413.038
499.008
972.655
421.033
776.238
185.064
308.023
71.8406
338.878
492.752
775.262
368.694
745.537
203.619
383.496
721.824
951.415
393.872
578.478
271.218
605.304
410.596
938.719
922.422
567.37
443.464
84.872
743.553
342.631
348.888
833.247
630.055
712.18
881.771
124.516
643.056
342.54
992.218
759.362
928.159
655.019
342.631
471.572
620.136
735.862
702.017
370.8
640.553
568.926
373.18
285.379
794.061
371.746
309.702
36.8358
69.6738
316.172
78.3105
177.282
553.758
415.418
323.466
221.046
859.951
858.15
890.103
901.669
483.596
570.879
260.475
485.305
985.87
290.628
462.447
672.536
414.197
928.312
103.793
118.656
865.535
504.105
690.634
104.923
598.102
437.025
884.487
391.186
598.712
468.612
855.77
781.335
10.6815
2.9603
388.592
433.027
330.271
144.108
894.345
442.885
775.933
211.463
989.257
738.151
738.426
15.595
792.84
806.146
716.971
674.703
603.565
293.313
647.938
253.243
107.12
4.15052
32.2886
4.54726
774.834
332.072
768.487
497.574
607.105
653.066
96.1333
410.23
879.452
713.523
557.878
269.57
46.144
543.443
384.503
920.835
458.937
926.267
210.456
5.85955
55.7573
956.664
525.803
233.07
677.084
717.307
770.257
718.986
164.953
606.372
476.699
183.935
901.852
346.08
369.274
282.235
944.914
204.901
822.993
848.323
412.427
463.179
590.869
340.22
278.39
654.653
205.084
261.696
231.391
614.368
957.945
843.776
754.418
864.467
869.198
767.754
81.4844
369.396
546.251
210.059
187.628
191.046
342.753
991.058
467.971
76.0216
722.678
107.974
262.978
505.417
235.389
434.706
885.342
238.899
8.5757
868.068
305.155
884.274
164.708
703.085
149.571
523.392
67.9647
517.777
173.162
926.389
807.031
349.254
855.129
384.533
820.826
441.664
279.824
694.052
73.0308
348.003
956.816
320.994
681.448
666.463
736.351
279.458
408.856
193.06
477.065
753.838
921.628
771.264
621.815
996.185
221.625
620.197
337.809
530.595
158.971
422.712
377.728
195.349
430.311
954.466
317.515
54.0483
970.275
535.112
327.586
707.389
141.423
83.1324
133.274
36.256
629.597
55.5742
321.329
908.17
450.056
53.3464
647.847
877.346
971.831
374.31
504.959
410.504
365.307
294.534
201.575
669.362
380.596
359.569
215.003
380.596
861.385
466.353
69.5212
825.465
902.005
17.9144
998.108
479.354
53.0717
931.181
43.5194
333.445
482.437
779.504
755.455
428.846
496.902
851.741
139.103
635.029
332.255
407.91
12.4516
203.711
616.535
913.907
427.625
129.398
413.77
535.63
313.181
847.621
253.792
674.306
993.255
302.438
54.7197
824.03
739.891
914.518
344.371
532.853
14.9236
480.361
686.514
748.589
557.543
535.142
718.619
330.607
973.601
208.808
707.327
9.00296
983.459
108.463
27.2835
572.253
984.039
256.691
470.656
564.409
81.6675
618.122
792.413
273.812
251.961
245.064
398.48
293.466
782.647
573.595
582.904
435.377
656.148
901.09
219.55
279.519
27.6193
576.861
315.592
138.676
455.214
936.857
332.56
720.847
38.2397
513.688
680.837
269.784
119.999
553.423
294.626
465.712
711.173
370.098
693.228
866.726
290.292
569.597
434.462
172.552
137.394
673.696
367.565
92.0743
857.051
175.909
590.625
95.1872
246.986
560.137
519.578
830.927
169.225
313.486
974.883
492.874
578.539
464.522
691.641
913.083
366.1
678.03
160.375
665.548
173.589
437.788
203.558
961.058
834.101
348.521
195.105
613.941
596.393
88.0764
328.471
862.636
788.781
41.4136
840.022
324.747
78.2189
147.313
593.493
868.465
982.055
989.41
932.31
680.807
787.103
662.374
205.481
314.798
534.074
445.173
873.806
996.185
222.083
811.64
602.069
971.16
890.378
810.602
244.179
176.397
733.085
346.324
127.018
12.8178
903.745
390.484
539.262
503.586
165.105
657.033
831.507
618.732
41.3526
771.416
34.2112
46.5712
628.071
464.949
399.396
194.006
716.941
825.861
772.057
696.158
391.095
138.371
198.462
217.536
747.49
340.861
676.626
825.098
902.219
634.205
455.855
714.835
935.575
272.103
791.131
573.382
932.707
64.0889
559.069
355.449
776.208
622.73
641.255
758.477
846.858
886.135
481.582
175.878
288.949
947.264
723.563
410.23
996.338
721.03
333.842
927.061
975.066
480.544
118.656
931.303
239.753
793.725
38.789
46.968
899.167
891.659
229.652
882.046
587.268
999.634
132.847
258.522
896.695
662.679
645.192
390.881
970
596.088
691.58
791.986
905.698
92.8068
127.934
189.428
134.648
518.784
380.535
232.734
423.841
927.183
727.805
272.591
662.984
323.222
631.001
993.957
90.64
610.645
20.1117
183.63
116.367
750.969
940.825
414.167
394.33
166.906
469.161
924.558
305.399
921.232
300.119
480.026
503.83
702.261
916.166
491.073
684.256
147.13
742.088
173.894
225.99
534.501
192.694
32.8379
870.357
377.209
18.8604
446.547
87.466
946.989
859.096
638.661
288.827
261.727
402.173
814.753
541.795
567.309
67.4764
746.452
942.198
844.264
609.18
584.002
301.431
371.471
550.31
178.625
304.575
877.804
853.328
696.097
794.794
312.54
733.36
802.179
341.594
766.503
19.9591
201.91
748.222
574.664
974.334
813.715
654.714
131.779
967.345
358.989
893.094
452.04
925.81
649.77
750.664
4.02844
952.086
354.137
797.815
852.718
23.8044
521.897
436.293
638.783
180.303
651.143
824.854
427.534
100.986
576.861
337.718
958.098
483.261
963.469
212.775
324.046
124.821
681.692
545.244
617.237
117.954
851.833
283.364
565.447
60.8844
833.979
382.488
695.791
693.258
946.959
773.4
54.384
861.415
196.905
301.279
14.2521
220.344
797.082
291.971
202.002
578.112
759.514
900.998
75.3197
288.766
340.739
902.371
181.707
600.909
621.784
73.0003
630.421
367.046
4.42518
829.096
808.222
20.9052
904.813
270.516
870.907
228.492
425.184
290.017
41.2305
118.9
285.928
902.799
244.758
502.029
798.212
453.261
114.719
978.393
158.971
854.823
897.732
347.972
849.666
519.303
290.475
224.097
419.355
131.84
739.921
258.736
434.248
928.007
237.159
885.22
874.203
628.864
137.028
984.802
757.805
690.664
34.1807
383.496
277.474
25.1778
226.966
585.131
225.105
847.011
800.714
646.809
990.356
804.01
861.11
603.442
912.351
47.2121
949.431
347.209
266.06
396.741
170.598
368.542
664.937
259.011
65.4317
264.321
160.344
452.864
758.141
420.392
820.124
599.628
410.413
773.614
66.3167
234.169
513.932
60.7318
554.552
292.825
51.1795
459.609
874.935
134.465
57.4358
29.0231
857.143
751.091
613.819
854.244
759.85
324.015
803.613
303.049
126.438
782.373
662.496
300.15
587.756
519.15
654.317
24.781
393.536
922.422
703.421
938.902
953.551
876.675
314.798
551.195
169.652
891.568
813.684
824.244
840.358
13.5197
235.054
629.933
918.668
176.977
895.291
160.466
904.813
151.25
176.244
700.278
154.912
739.494
553.88
665.761
387.127
385.571
402.02
318.766
165.868
845.79
602.832
60.213
646.352
80.813
495.102
710.013
359.661
25.2388
191.961
679.403
320.414
389.599
798.547
442.488
237.8
152.287
561.632
212.47
111.332
897.244
482.131
229.377
992.859
653.096
421.552
565.508
195.41
391.247
233.924
854.305
731.101
837.733
954.649
849.788
258.309
756.096
576.556
221.992
320.17
357.28
446.028
495.102
155.217
992.492
808.618
534.318
861.69
785.73
536.943
487.96
196.142
361.95
571.154
590.838
788.903
327.128
103.58
734.977
55.8489
656.545
38.9416
214.637
589.465
647.572
761.04
551.012
309.183
593.158
737.144
803.278
152.959
832.179
992.157
272.561
591.144
333.11
982.391
4.30311
743.645
467.116
901.547
996.063
382.092
126.774
949.37
516.251
597.98
846.858
594.409
441.023
417.859
83.0714
362.255
14.3132
147.435
305.795
180.425
938.536
724.998
63.8752
811.09
201.117
866.115
675.771
402.814
544.237
280.709
703.757
693.075
982.604
743.309
867.641
891.964
276.955
298.318
554.247
779.138
768.67
381.268
578.631
44.5875
481.765
137.181
353.679
405.225
899.075
717.795
124.18
527.573
318.216
838.008
421.491
288.827
194.098
373.913
395.154
406.781
373.852
282.785
177.831
970.275
630.543
626.576
939.665
901.09
402.264
980.285
788.141
879.086
142.186
6.19526
170.202
761.132
186.499
475.814
932.493
25.5745
545.854
519.486
695.761
273.415
527.299
386.761
700.43
317.148
592.059
496.933
778.71
889.126
356.365
62.4714
610.187
499.71
140.782
65.5232
916.837
477.92
974.731
869.533
753.502
724.021
462.325
246.498
550.584
207.038
415.845
101.871
64.8518
737.205
663.015
677.816
894.803
45.1064
934.141
516.037
716.3
699.026
236
961.974
895.932
891.018
618.03
491.073
636.738
623.524
737.205
638.6
314.066
327.83
128.361
814.081
156.621
445.112
585.711
782.067
929.899
1.77007
561.663
89.9075
777.398
710.257
989.959
224.219
876.766
626.118
438.398
776.849
66.0726
893.674
998.321
402.081
97.6897
610.004
816.279
846.248
674.734
339.915
674.886
830.317
927.488
312.357
528.489
67.9647
485.092
829.676
400.281
199.042
799.646
920.988
547.044
920.652
877.987
771.142
297.494
96.4995
78.4326
956.175
471.023
126.469
127.903
16.541
782.525
356.578
16.0527
399.854
139.836
811.731
922.697
303.476
240.242
31.5867
834.468
449.385
371.624
291.696
7.66015
321.299
825.312
989.959
932.493
896.512
826.319
480.941
955.718
402.57
387.616
138.585
217.872
131.169
994.14
928.465
61.2506
839.412
523.423
271.004
564.409
770.562
308.725
477.676
360.271
825.007
750.938
539.598
393.689
912.931
385.54
551.866
774.438
19.8675
811.151
553.392
382.427
16.4495
385.083
64.0889
380.902
743.431
93.5392
100.772
294.351
403.333
501.144
952.544
806.787
790.246
187.109
497.208
937.254
388.409
574.114
340.403
748.527
871.517
555.773
557.604
245.003
33.2957
829.34
321.36
616.688
681.509
339.488
194.311
484.664
525.315
740.226
369.549
305.246
588.885
279.824
639.576
588.336
181.097
16.6936
374.737
86.3674
953.246
770.898
293.191
610.462
75.869
718.497
302.499
629.658
66.2557
34.9132
195.288
309.61
297.128
493.179
479.385
146.916
718.497
423.322
123.936
855.617
823.634
939.787
503.037
661.58
390.362
842.219
317.637
661.641
29.1757
96.7437
777.398
403.211
68.8803
303.323
823.298
341.105
811.762
55.5437
672.842
327.189
688.894
599.78
468.551
789.85
347.209
698.691
311.289
758.995
199.469
106.815
459.67
393.017
468.307
563.097
976.501
163.976
255.531
707.663
604.053
357.219
668.508
828.455
148.961
41.7493
533.921
844.234
158.055
167.516
731.04
430.311
166.448
945.83
675.1
692.923
299.417
169.378
982.635
298.624
508.744
627.949
849.361
465.407
225.166
275.826
172.491
720.817
708.121
307.84
948.332
834.468
874.05
799.432
976.318
830.164
884.304
67.6595
401.349
484.664
274.3
409.284
124.973
218.94
904.721
371.563
616.962
788.232
516.343
213.111
158.635
677.023
169.652
710.044
49.1348
605.762
350.383
964.263
805.567
54.7502
22.4006
369.762
888.852
212.073
409.04
393.719
985.992
251.534
784.356
327.86
380.352
346.934
55.0554
667.226
441.084
328.959
415.204
271.615
762.78
390.851
853.938
967.162
986.908
749.168
798.181
742.882
836.238
665.883
671.529
199.713
393.17
738.029
650.044
407.605
153.539
861.324
396.863
826.899
887.265
773.553
56.3982
450.545
836.482
584.643
289.651
823.42
283.151
199.072
631.764
94.5158
17.0293
37.1715
953.001
758.934
735.191
961.608
304.666
245.216
904.263
814.875
930.998
4.944
117.161
474.96
728.019
260.475
475.112
834.132
931.486
66.9271
26.0628
608.325
314.005
845.088
791.345
382.58
673.666
41.1695
411.145
799.249
894.467
69.9484
940.641
294.809
360.698
197.058
827.601
292.032
5.82904
517.106
603.015
253.243
777.49
683.92
315.714
501.144
799.554
548.753
242.439
213.782
13.123
363.109
904.66
499.252
576.952
702.17
923.032
956.816
808.863
765.13
741.356
630.696
949.675
208.96
750.511
762.658
530.412
171.453
844.447
249.611
624.561
639.882
938.658
212.653
765.893
821.802
483.2
583.453
814.081
674.062
500.717
114.811
548.326
245.979
181.402
721.03
271.218
993.744
565.722
554.643
203.314
721.061
346.232
725.883
949.95
303.751
319.987
70.7724
821.772
853.267
522.263
874.569
289.956
476.058
573.504
956.053
357.433
285.073
270.211
19.9591
127.293
819.208
951.323
682.943
349.773
527.299
671.041
79.5007
229.133
472.976
709.891
454.634
271.31
916.105
454.634
648.518
454.115
927.824
178.625
880.642
500.595
694.845
753.96
738.426
537.492
669.454
826.197
777.612
919.584
221.412
483.718
640.034
501.205
948.363
951.933
95.1567
136.479
300.089
344.493
911.924
689.169
674.276
2.28889
966.643
333.445
638.508
451.491
493.637
427.29
435.865
512.223
884.793
739.036
429.853
588.519
943.968
308.725
645.1
671.56
2.77718
725.944
59.8163
86.7641
804.224
104.007
806.818
516.495
559.74
533.738
938.597
328.99
86.6115
296.121
913.358
745.903
431.654
616.535
457.9
878.14
887.417
240.822
963.927
162.755
807.184
615.436
73.1834
231.3
125.217
951.689
609.302
740.684
988.281
956.481
510.453
198.798
404.431
510.178
921.262
315.104
316.172
72.9698
98.3001
907.987
3.26548
101.047
287.057
899.899
222.053
253.548
225.135
431.99
987.304
672.292
429.182
628.59
402.844
114.444
921.049
43.8551
447.493
220.374
549.608
320.963
121.982
697.348
564.776
95.4314
863.704
700.4
599.475
674.276
635.212
191.992
716.056
521.134
592.792
561.174
673.666
79.8059
741.417
283.883
72.2678
966.857
482.04
905.545
530.168
64.2415
458.235
126.926
550.707
544.084
607.318
275.307
234.809
355.968
823.145
941.038
495.529
208.563
136.418
61.6474
930.662
576.617
818.873
234.718
9.82696
764.397
317.362
540.056
732.505
557.39
424.482
653.096
412.61
492.752
591.632
530.625
746.605
280.465
790.979
449.995
820.887
405.957
832.453
683.096
214.972
445.57
542.161
586.138
856.655
126.316
708.151
387.158
785.119
661.031
200.385
451.46
478.896
389.966
170.324
307.443
904.324
260.537
737.358
212.897
940.794
175.909
67.2323
543.901
339.488
744.377
249.886
787.042
871.487
459.853
881.954
416.608
821.406
845.851
760.735
437.696
483.291
593.066
595.782
876.37
814.447
222.694
144.261
998.718
903.806
306.314
676.443
539.415
410.993
773.553
177.343
721.458
632.588
338.908
191.382
347.942
351.024
579.211
715.171
747.642
123.569
692.343
46.0829
855.068
166.631
469.192
991.821
206.793
491.989
509.445
347.362
134.953
451.552
213.05
46.2355
939.146
346.232
578.143
891.537
318.186
255.715
336.863
273.049
843.013
745.079
460.433
777.764
751.64
604.724
564.501
98.117
847.682
279.641
246.223
146.397
783.807
144.444
884.182
779.595
510.941
280.404
932.371
42.2376
174.963
910.55
239.753
333.354
241.798
149.297
426.374
402.753
132.298
222.907
847.255
584.277
148.137
816.645
175.512
171.331
970.031
705.344
136.052
341.441
509.293
323.252
420.606
535.691
394.513
429.945
315.653
699.484
873.775
527.512
74.9229
291.086
414.563
186.743
566.698
463.851
781.976
937.223
228.187
328.562
876.583
878.262
857.631
702.017
113.651
666.829
275.399
248.329
624.439
38.789
385.937
418.989
60.8234
519.364
670.766
97.9339
285.043
479.354
644.765
358.165
725.242
193.487
306.528
235.633
678.243
56.7949
114.078
927.244
341.044
615.528
517.106
318.613
851.955
568.651
577.258
248.665
122.593
396.466
707.663
416.242
742.515
772.423
62.4104
335.856
736.93
414.075
608.295
248.482
459.609
530.29
408.826
393.658
401.502
519.822
152.837
549.059
196.661
78.5546
458.296
244.179
606.861
370.983
982.757
553.789
765.801
422.285
871.67
877.773
464.278
387.646
575.976
613.788
758.049
854.61
570.055
128.452
678.457
834.803
1.00711
933.836
328.562
601.489
801.477
475.051
144.993
29.1757
295.694
435.682
606.83
591.144
832.026
966.826
173.345
671.621
471.084
746.239
731.559
348.582
262.49
274.087
334.269
303.69
140.385
310.892
511.124
15.1372
969.604
864.406
932.493
890.164
773.034
631.764
708.609
493.057
672.506
302.866
104.404
525.559
573.26
631.123
951.933
714.927
124.149
678.304
540.819
266.671
984.344
139.409
269.051
38.2092
927.763
153.783
834.376
89.2056
817.194
508.805
248.115
765.038
978.118
642.567
452.467
970.061
4.60829
351.329
822.596
786.279
528.062
608.753
334.696
94.1191
979.919
402.173
681.448
351.451
879.91
993.164
115.696
186.682
680.898
507.92
304.3
963.164
701.712
264.077
972.655
970
178.838
740.013
621.57
396.466
968.902
593.066
97.9339
745.628
932.371
632.801
299.661
843.684
530.503
155.614
797.021
101.382
666.28
546.953
651.082
183.63
300.607
557.146
210.761
743.431
875.515
157.72
169.561
376.476
74.7703
383.618
663.35
453.108
954.161
68.2089
690.39
982.94
971.496
877.316
634.846
169.256
949.126
547.716
175.268
809.046
498.428
737.724
358.806
194.983
939.238
394.818
122.776
675.619
243.995
47.2732
44.9843
529.893
39.1247
925.962
603.412
312.662
193.762
322.123
727.103
326.914
28.0465
88.4121
919.584
379.192
671.682
687.887
735.252
474.624
603.9
698.843
891.049
607.471
906.705
180.456
793.725
303.903
261.91
806.391
764.824
72.6646
223.975
171.789
743.675
420.362
798.944
180.975
750.572
587.42
861.599
920.774
890.713
661.031
441.877
926.786
180.517
221.229
411.512
248.695
977.569
176.58
602.069
220.222
294.839
945.25
886.38
340.526
781.732
638.386
253.761
173.437
651.601
401.502
410.718
670.217
338.237
570.36
938.353
822.535
162.053
797.601
537.492
51.7594
787.194
806.207
393.109
240.822
750.816
926.298
189.245
814.905
846.339
71.2912
805.17
777.154
640.858
309.915
224.83
105.869
909.024
689.81
690.359
419.141
263.833
469.893
630.634
313.272
766.503
416.639
397.107
281.472
795.221
321.421
336.924
618.732
955.84
394.574
235.511
219.245
314.28
692.862
659.474
672.811
732.505
236.183
231.056
566.149
589.496
970.275
365.703
395.672
667.959
230.934
503.555
997.803
488.54
867.031
366.375
902.951
872.372
677.267
271.157
519.974
13.4892
318.308
31.6782
556.475
842.28
339.457
479.11
582.018
960.997
500.626
132.939
140.08
933.195
29.8166
53.7736
314.982
207.373
976.348
408.826
160.375
457.289
315.714
781.579
895.016
618.885
963.225
756.859
272.53
406.14
351.421
812.677
31.4341
586.718
728.904
49.6841
831.08
798.242
835.414
790.124
580.401
187.292
110.599
576.739
565.6
651.692
92.1354
603.687
282.723
967.437
159.429
110.294
381.664
581.927
279.305
768.731
627.613
354.32
910.062
597.247
286.508
24.3233
719.718
430.097
840.541
690.909
275.155
475.204
439.802
81.8201
358.287
991.119
996.796
895.84
65.0349
614.093
329.478
997.711
344.31
367.321
259.651
748.802
132.115
882.473
72.4815
253.059
738.243
865.688
243.721
800.623
640.461
338.969
840.663
289.621
343.822
688.162
503.159
908.292
460.25
48.677
411.267
857.387
665.181
60.7624
144.963
395.367
687.46
524.613
843.104
987.091
988.708
987.548
567.278
836.879
288.217
793.97
277.047
588.122
590.167
629.322
322.703
469.68
868.526
89.6939
861.934
671.072
66.8355
307.749
106.479
227.454
568.59
166.875
805.261
195.349
794.397
134.129
869.869
401.013
82.4915
244.026
549.089
541.887
508.896
263.375
58.3819
923.338
802.728
569.597
70.7419
610.767
14.0385
772.79
975.127
279.733
89.5718
613.33
308.603
543.901
12.9704
166.143
268.899
43.1227
665.853
882.748
712.851
72.6341
65.4927
502.518
547.746
34.0892
136.235
364.422
921.354
490.555
669.881
150.151
117.008
105.991
631.977
590.503
560.32
250.954
470.107
165.441
842.799
555.254
580.279
330.058
170.171
189.55
587.817
296.731
140.049
156.377
598.956
905.545
256.325
372.265
79.3481
613.392
86.0317
822.26
515.854
134.068
464.949
567.675
517.747
759.484
658.467
889.126
513.474
894.04
883.663
344.829
699.789
832.942
98.88
26.9478
398.45
316.263
467.421
795.862
478.072
889.248
400.891
774.468
996.094
600.696
589.312
883.572
718.039
70.4672
923.49
699.271
669.881
457.503
716.33
414.136
379.864
359.142
129.215
183.05
966.094
173.742
209.967
634.907
725.791
957.152
447.676
831.812
383.221
304.636
252.297
456.74
651.784
289.59
263.558
510.91
266.64
989.99
896.603
302.011
144.841
633.839
30.0302
5.21867
828.028
895.566
243.049
577.044
864.956
373.241
507.126
304.422
289.804
779.595
739.708
769.768
852.077
876.217
124.821
513.016
154.973
684.103
608.112
172.491
358.196
0
471.45
385.449
601.367
751.366
394.208
229.499
804.407
219.703
906.98
486.496
1.22074
665.212
644.032
509.751
862.85
382.092
301.187
976.196
565.966
717.582
704.55
304.392
663.839
84.5058
897.153
19.9896
115.268
499.771
649.342
849.605
127.842
678.945
299.234
824.183
972.106
219.031
329.508
174.078
422.498
900.632
586.688
295.663
981.841
639.79
549.425
571.917
544.694
122.227
551.683
327.433
657.064
650.105
367.412
699.973
27.5582
232.704
62.685
708.548
447.005
453.139
521.714
300.76
772.515
141.026
552.812
659.352
132.023
383.557
981.048
550.035
6.25629
905.301
632.954
991.577
343.242
348.827
620.563
29.3283
362.896
486.557
830.164
893.643
206.946
895.779
22.5227
323.893
90.9146
127.628
450.88
340.587
114.292
901.822
402.264
245.003
385.174
357.28
569.353
129.429
615.65
891.598
658.62
677.908
843.989
618.793
140.69
539.293
440.229
978.118
550.066
54.2314
51.088
524.064
239.357
616.382
640.675
429.395
995.361
449.904
282.876
732.505
422.285
84.2921
862.484
859.737
499.222
307.596
340.129
454.878
217.261
879.299
738.548
46.1135
703.299
784.509
505.234
582.324
736.198
310.16
408.765
369.701
61.8305
724.906
624.226
440.107
413.373
843.593
164.495
882.168
642.506
257.881
313.669
166.601
868.74
514.206
218.177
997.07
52.0951
19.9896
292.886
717.277
896.207
959.929
597.705
806.421
487.411
2.89926
840.907
493.423
576.891
81.7591
166.082
21.8513
911.039
25.9713
378.338
596.24
517.441
329.386
766.015
541.337
351.97
834.04
174.688
705.649
213.324
611.011
489.242
640.217
331.645
820.002
180.242
584.155
537.034
828.547
71.2302
787.896
414.533
372.417
983.001
205.847
351.482
37.9345
410.688
89.1446
883.969
848.354
890.896
510.331
248.115
234.23
213.965
350.566
542.924
170.782
138.707
781.487
410.413
761.62
764.824
771.844
639.882
51.4847
220.161
651.448
602.008
348.735
818.659
262.337
919.462
838.588
344.89
729.637
279.946
768.822
622.303
382.366
798.303
989.105
20.5084
856.41
833.186
124.729
58.4735
909.726
665.822
166.814
759.667
982.238
945.616
759.301
915.25
30.8847
310.007
964.843
911.954
671.377
84.4142
790.307
280.557
157.689
468.215
253.212
621.174
230.964
113.529
270.669
61.9221
368.542
502.884
151.616
907.102
464.797
31.6477
973.846
630.787
474.868
202.307
627.064
872.707
52.2782
835.719
803.491
592.09
712.516
706.595
716.483
36.1034
552.385
509.049
829.188
678.884
58.1988
558.214
374.371
787.622
32.4107
134.709
946.165
771.783
170.965
877.895
945.555
971.801
322.092
133.854
160.588
43.4278
958.373
665.395
262.703
594.348
892.361
628.864
499.924
228.278
768.12
225.349
369.121
654.408
359.172
931.73
547.716
16.8157
204.352
717.917
866.359
101.352
612.751
157.17
604.022
575.335
569.17
834.651
886.715
916.959
571.123
961.303
470.504
190.283
928.831
599.231
691.183
322.275
559.221
404.401
860.561
37.904
805.383
293.283
891.842
109.867
312.693
939.604
434.4
78.7988
492.874
507.218
299.692
100.711
606.952
525.925
459.426
77.3644
998.962
315.806
397.259
726.279
510.941
866.756
95.1872
746.33
611.133
579.241
436.14
735.466
266.03
772.912
303.568
16.3274
88.168
368.664
159.825
26.7647
790.124
651.112
384.045
430.494
476.699
517.136
151.25
605.274
806.299
117.161
133.702
663.839
552.355
295.267
805.567
664.632
596.85
734.245
632.527
167.882
886.319
212.134
927.549
794.092
382.244
876.247
653.493
940.184
536.76
940.977
954.588
310.587
324.931
715.934
697.653
418.806
365.123
369.976
804.071
715.842
158.238
338.328
654.408
501.999
977.691
778.13
346.202
278.115
440.443
979.095
86.6726
692.495
291.787
135.838
501.572
739.616
433.424
387.463
140.934
367.26
727.47
530.961
963.866
148.137
606.8
314.92
82.461
171.911
23.5603
719.352
547.441
814.508
766.655
128.208
455.397
540.3
679.464
800.745
160.07
394.208
809.565
547.777
868.099
338.969
21.1493
19.5624
400.647
94.7295
101.505
510.971
402.966
636.738
893.002
690.664
781.64
7.416
481.674
160.253
652.058
599.292
973.815
250.038
576.922
564.592
891.446
956.755
376.782
508.53
718.467
430.799
294.321
121.494
628.254
918.149
793.329
907.376
924.253
563.738
773.492
663.442
224.586
982.33
482.772
868.984
922.269
3.26548
908.2
637.715
951.781
495.407
926.206
391.522
393.78
678.121
994.324
910.703
948.912
825.159
664.846
917.661
811.762
767.113
702.322
849.91
976.867
99.1852
85.3298
978.942
507.157
500.046
674.947
530.9
797.082
68.3615
829.798
965.545
360.393
83.3155
749.992
69.4906
175.481
94.9126
830.897
20.5695
117.71
750.877
807.672
78.6462
511.551
265.877
972.228
59.8773
332.621
939.879
243.599
250.526
91.8912
631.214
373.272
916.288
932.279
591.418
66.2862
63.6006
969.573
567.217
299.722
609.302
408.887
576.586
619.77
614.582
467.574
264.809
698.416
739.647
636.158
246.925
931.333
575.518
308.115
342.692
357.707
8.72829
310.617
110.385
684.133
275.796
366.283
585.742
692.557
863.186
18.1585
632.069
814.905
909.238
48.9822
808.222
154.546
264.412
925.352
160.039
736.534
865.963
298.99
842.189
267.312
583.148
95.7366
976.073
185.797
189.611
223.67
650.533
286.447
618.946
431.532
471.328
695.975
159.337
349.01
565.538
484.787
744.682
239.723
447.432
694.479
996.735
498.459
651.967
62.5019
176.183
423.688
541.948
225.532
697.897
296.884
195.41
682.363
366.71
299.509
779.321
297.922
990.6
299.417
315.622
629.749
526.475
37.3547
246.559
857.509
416.059
745.445
704.672
597.888
267.067
728.019
894.192
384.93
536.332
937.376
490.28
98.0255
371.288
74.0989
461.806
118.259
265.908
244.697
224.219
494.552
687.338
706.687
529.038
900.784
329.173
732.902
995.453
665.181
148.564
126.469
691.244
653.371
842.128
417.096
668.386
285.989
917.936
270.425
860.286
472.457
19.4403
141.331
246.284
741.844
657.521
703.024
690.359
352.489
6.80563
82.1863
359.508
661.214
923.154
432.691
128.758
533.616
837.55
877.865
878.719
76.5709
683.737
353.343
91.6776
474.41
514.847
381.878
653.249
209.54
966.033
310.526
264.87
449.507
218.848
42.2681
374.31
880.917
624.042
793.054
29.603
772.149
638.569
905.301
563.402
545.824
233.528
249.336
513.352
642.018
428.938
244.27
685.415
954.1
111.667
28.779
765.557
617.786
792.932
813.807
387.005
435.163
461.409
948.18
58.4429
714.743
188.421
728.294
859.981
808.435
641.194
483.169
312.845
127.506
160.466
966.155
329.325
918.18
559.252
584.552
648.854
577.807
298.013
498.489
666.738
794
193.396
119.816
61.7389
286.782
316.263
43.1837
128.727
435.774
235.42
939.512
222.663
573.077
263.436
443.8
220.099
223.853
860.561
568.499
404.523
75.1061
853.023
673.238
681.936
954.314
622.181
522.568
532.548
599.017
920.591
462.935
605.182
498.917
471.145
249.794
360.363
591.113
5.95111
556.658
668.722
90.4569
900.571
696.86
770.501
235.694
60.3046
589.404
502.792
232.917
215.033
500.473
200.385
177.618
277.993
591.266
177.129
236.457
925.504
803.888
193.03
869.961
53.6821
116.398
814.447
377.636
268.41
698.202
72.7561
546.617
64.4551
997.009
328.44
684.713
850.642
288.797
746.117
820.093
476.76
722.007
287.362
347.606
418.744
386.761
627.522
904.111
278.39
441.145
902.097
753.197
753.624
825.22
690.115
461.165
735.679
593.921
139.5
145.299
689.901
400.83
641.621
75.3502
975.372
163.274
960.753
910.154
260.72
440.229
224.921
349.864
691.733
554.735
684.469
486.099
967.04
991.272
644.063
629.749
978.545
100.131
475.204
899.258
172.216
639.546
114.841
349.498
286.142
186.712
956.603
923.276
621.632
949.767
540.757
5.768
503.586
10.8036
949.614
864.62
87.0693
532.243
313.669
755.028
165.41
956.969
335.917
972.9
136.479
734.184
239.601
636.097
783.898
601.642
46.144
475.692
28.2296
956.084
589.587
418.012
305.918
342.296
173.162
239.021
730.796
593.249
275.369
72.4509
695.273
651.204
210.334
52.3087
67.2933
602.191
150.243
871.7
639.302
954.375
414.808
538.652
985.015
691.885
434.828
110.843
381.207
135.35
295.816
689.779
949.858
140.294
267.83
455.947
677.084
664.48
227.973
26.4901
465.926
235.847
381.756
916.318
877.804
352.245
189.459
383.679
720.176
343.638
903.897
442.305
136.052
728.782
625.507
320.353
351.665
597.064
281.808
148.015
738.578
47.2427
436.384
155.034
346.446
213.965
334.422
158.91
562.975
913.205
90.9452
625.752
56.7339
438.337
427.595
84.3837
659.81
538.041
864.803
175.268
345.683
106.51
774.987
115.543
959.685
618.366
203.558
861.232
856.899
838.649
863.765
747.887
105.197
839.534
211.219
891.232
408.734
855.068
5.43229
128.697
408.124
4.73037
263.314
783.135
514.206
417.798
11.7496
30.0913
931.211
788.903
745.354
150.06
25.2083
896.878
995.27
446.394
695.334
117.496
915.891
110.721
902.219
461.745
295.145
816.889
11.6276
170.598
895.047
324.381
108.615
397.748
528.214
873.379
938.414
11.597
777.612
651.204
630.604
47.4563
764.397
113.041
863.124
841.365
871.395
437.178
621.296
377.056
827.631
895.993
209.479
876.827
60.5182
424.574
670.522
167.852
721.824
167.76
269.631
855.19
293.68
286.813
199.316
832.606
181.249
807.245
160.863
162.603
197.424
788.812
979.4
856.899
346.782
599.139
907.956
588.305
814.478
572.039
777.703
865.719
566.332
831.782
649.892
703.238
466.842
564.714
125.95
314.585
320.658
519.547
972.228
864.223
744.377
16.9988
215.186
806.269
274.422
250.832
363.903
842.708
617.878
161.046
915.311
31.8918
451.674
660.451
799.341
78.7378
677.358
496.261
919.492
337.626
536.729
527.39
445.418
559.832
495.407
699.393
13.8249
915.891
299.997
497.482
493.637
324.9
115.482
159.734
471.969
621.754
148.778
430.982
117.008
593.188
665.09
139.225
574.328
414.533
802.881
375.378
552.171
518.052
94.0886
557.756
252.937
423.994
95.5535
162.816
306.345
566.027
38.0871
403.027
860.836
641.896
899.35
633.045
489.456
520.707
806.696
766.045
66.4998
238.289
176.58
480.758
271.096
111.515
496.536
501.022
873.714
503.037
155.492
728.538
462.6
267.739
229.957
510.666
765.648
412.091
630.787
824.274
224.067
997.467
518.021
656.362
974.731
819.056
389.416
363.964
896.39
891.324
748.863
293.191
877.071
271.371
761.498
439.436
958.19
251.473
800.989
430.158
511.917
451.979
295.999
610.767
108.036
845.729
781.518
515.427
226.356
245.552
561.541
504.074
471.358
285.989
889.523
846.37
444.685
429.975
72.2068
34.2723
932.463
32.6243
404.218
604.694
563.005
992.706
338.237
252.571
591.632
23.1025
798.395
516.8
968.719
72.1458
41.9019
819.208
347.087
925.993
976.501
138.646
185.156
524.247
338.298
100.986
602.1
19.776
638.112
766.228
141.057
113.651
280.984
894.223
96.9573
696.921
766.106
970.397
564.989
330.241
372.936
772.027
865.993
592.669
239.937
757.256
505.081
830.622
242.195
57.2222
319.651
338.878
573.962
353.282
973.388
504.257
442.763
419.965
451.552
943.205
780.755
615.406
715.445
165.197
380.261
100.253
170.385
792.596
359.233
66.1946
104.984
868.282
362.865
755.791
757.134
282.601
408.124
554.094
163.213
850.612
776.91
934.477
446.913
70.9861
864.223
538.408
703.482
97.9034
387.829
172.094
136.143
956.877
865.474
999.664
600.726
536.058
765.801
715.14
214.545
384.35
239.448
974.517
186.163
847.255
836.634
868.191
522.111
571.734
116.703
716.208
766.655
911.74
557.482
966.765
431.196
265.145
668.752
479.476
269.295
873.898
717.704
974.914
53.5905
117.679
971.618
930.906
10.9867
833.857
864.559
707.877
572.405
693.167
994.018
183.752
592.944
163.884
353.984
679.8
699.271
95.0346
710.623
458.632
920.133
449.721
526.505
576.25
256.203
220.405
340.373
368.145
345.927
56.9475
7.81274
352
882.87
638.813
709.799
827.357
941.649
322.55
134.8
953.703
868.282
96.1638
741.234
588.794
890.988
371.197
506.058
667.409
108.158
643.788
66.0421
402.722
9.55229
556.658
657.857
91.2809
186.804
392.071
763.115
802.271
389.599
528.275
864.925
733.39
584.124
889.584
221.87
513.474
169.225
922.3
66.0421
234.107
7.62963
126.896
130.772
490.585
427.198
678.365
915.128
214.057
849.666
165.502
590.533
576.098
202.277
980.834
956.694
746.513
769.158
391.736
352.245
786.035
637.928
825.159
926.878
455.184
398.846
395.672
180.914
220.008
251.656
209.51
179.052
236.854
177.252
474.99
343.638
596.423
329.783
950.896
234.748
609.088
305.795
763.939
222.724
412.549
446.73
126.713
459.365
682.76
830.592
987.243
54.2924
729.85
109.622
141.24
862.911
759.85
849.757
838.954
791.314
583.911
528.031
416.852
25.7881
555.925
845.21
986.419
91.8607
19.8065
508.164
710.501
149.785
48.0361
139.927
699.087
432.661
752.19
472.61
55.208
233.497
947.203
479.812
102.603
347.087
450.301
604.846
326.365
373.424
796.045
740.776
57.5274
788.598
648.396
118.717
433.21
189.55
691.58
760.704
663.35
618.976
280.587
653.005
135.166
376.263
632.74
296.64
387.219
221.534
841.365
790.979
483.291
378.002
493.149
106.693
818.232
239.631
170.354
704.825
886.685
190.161
618.732
157.109
45.8388
439.65
862.88
925.321
803.827
284.829
50.264
954.283
664.235
699.515
304.727
236.244
59.1449
661.519
371.197
1.73956
400.861
121.799
332.621
694.021
784.265
22.9499
180.273
382.397
370.586
272.195
519.15
772.118
984.466
76.0521
189.062
465.255
954.527
542.589
83.1019
630.665
730.064
957.366
944.792
737.693
303.781
639.485
424.512
511.032
972.9
784.082
177.77
762.383
468.764
197.211
284.829
255.226
987.671
329.783
774.438
259.285
152.593
516.343
532.09
950.529
438.307
825.282
374.493
312.906
90.3653
426.71
571.093
698.935
69.5517
884.152
594.073
703.97
52.9801
275.979
378.491
511.795
23.1025
553.789
873.012
366.771
475.906
42.6954
163.06
329.356
779.29
491.104
947.722
971.038
713.279
574.816
650.807
165.075
723.167
263.222
948.729
628.986
916.654
952.666
994.964
375.408
336.283
773.431
123.417
727.409
538.987
977.447
311.411
54.2314
12.8178
811.701
183.691
884.61
463.576
784.539
838.71
552.385
501.144
730.766
278.481
32.5022
757.958
581.683
723.197
122.105
970.092
246.651
591.632
623.737
52.6139
512.223
429.212
686.789
700.4
364.727
564.318
963.469
545.213
643.513
774.316
735.282
401.257
430.128
742.882
666.616
629.292
80.1416
589.282
341.533
151.555
303.873
251.411
239.845
148.167
202.185
3.38755
309.153
966.399
663.503
889.431
788.568
273.995
28.5043
354.595
440.84
988.311
428.785
854.488
848.933
11.4139
705.13
724.479
933.042
303.873
312.662
89.877
344.951
326.792
118.259
98.6663
895.322
385.083
496.872
257.332
670.461
901.852
632.923
151.86
995.025
155.705
432.905
334.544
896.237
512.619
955.962
658.01
226.753
682.638
767.632
837.947
101.81
33.5398
124.393
525.407
807.001
492.386
394.086
670.309
832.911
66.1031
618.854
456.954
193.426
512.497
627.369
593.371
683.004
192.938
601.611
235.206
229.713
637.928
505.356
325.663
0.61037
856.685
280.038
632.71
414.869
922.361
214.454
264.901
721.458
863.765
394.787
946.898
297.8
394.818
640.461
835.871
325.083
513.474
833.186
160.436
996.918
500.839
44.1908
462.905
917.325
351.848
367.321
726.371
844.6
169.073
862.545
167.699
437.025
550.493
517.655
978.149
156.743
502.64
633.839
791.894
988.281
910.52
540.91
164.953
127.354
95.3398
49.1043
844.691
297.311
491.44
543.626
111.728
847.987
973.418
127.537
975.555
294.595
865.139
720.359
504.41
452.193
161.596
517.35
71.8711
821.863
994.751
716.91
800.043
385.327
874.874
921.506
981.658
464.095
738.517
118.686
761.895
798.914
334.483
648.64
861.049
506.638
978.729
63.9668
619.709
70.0705
209.693
288.766
147.13
17.1819
375.591
982.208
854.854
446.272
684.042
513.993
155.583
52.797
746.3
457.137
610.34
814.692
146.672
4.39467
303.14
991.913
68.6666
215.278
726.188
596.82
508.927
498.825
955.535
991.455
110.324
239.204
399.396
767.998
145.543
970.489
899.869
568.804
682.333
5.64592
469.222
1.89215
461.257
927.946
442.518
308.847
518.296
848.933
327.25
940.184
82.0643
840.876
131.626
696.005
778.283
449.11
452.62
586.779
671.712
690.695
104.892
71.2607
177.526
445.54
572.161
827.723
372.997
646.535
62.0136
714.255
740.623
174.749
445.509
75.4112
874.386
865.871
862.606
50.1419
180.12
534.104
275.246
38.3923
101.138
420.331
748.65
981.903
900.693
969.848
742.271
615.711
531.999
346.629
192.236
346.965
627.888
590.411
665.609
916.44
140.324
822.108
368.267
499.741
662.069
404.798
287.82
404.34
960.753
465.682
252.022
18.2501
757.408
685.842
185.064
167.241
280.374
763.604
341.868
536.332
625.629
458.327
802.362
311.777
455.306
620.167
6.83615
700.613
65.0655
112.522
613.544
482.681
352.092
33.5398
459.487
252.632
714.499
142.277
906.583
507.431
413.953
896.634
353.221
235.786
432.02
8.36207
193.64
165.838
352.367
922.666
5.31022
327.342
299.051
126.774
246.437
84.4142
463.363
696.097
244.301
295.511
249.153
981.933
756.066
756.188
569.048
848.506
882.778
581.591
321.97
365.032
618.397
684.805
583.85
359.081
814.905
6.71407
542.131
737.419
844.234
654.5
706.046
980.743
739.28
604.175
423.17
718.589
94.2717
124.332
234.138
790.551
506.394
576.312
96.3775
699.789
839.534
747.887
8.24
865.841
91.464
376.476
64.8213
582.08
146.214
17.7007
476.547
84.7804
191.931
916.288
582.11
639.729
86.2148
34.8216
386.608
52.3087
450.148
897.397
656.423
508.408
771.905
403.394
101.871
150.731
301.187
268.746
679.281
298.563
16.48
250.069
543.016
715.659
445.235
808.466
679.617
833.674
619.221
368.725
754.418
336.68
945.555
830.897
202.582
13.3976
275.369
489.731
95.4314
283.212
950.804
18.7078
813.471
302.133
111.545
674.795
57.0086
55.3301
42.9395
379.955
226.569
342.021
845.82
836.238
702.872
59.3585
209.937
329.905
59.1754
691.366
572.71
381.603
736.045
408.918
443.129
898.312
210.425
687.857
173.62
983.337
190.252
850.429
960.112
61.2201
865.291
436.964
351.817
472.976
746.33
814.081
52.2782
198.279
123.264
925.108
292.55
861.08
673.605
589.618
557.695
674.49
252.571
257.912
948.424
481.46
396.283
626.942
958.434
547.411
568.834
23.6213
949.248
260.903
684.927
962.157
103.366
399.121
939.085
781.304
137.425
113.559
472.762
768.09
556.017
293.252
910.672
674.032
728.111
460.585
297.22
30.2133
566.881
857.082
465.133
167.394
94.1801
874.569
366.222
347.453
671.316
488.449
397.107
912.595
176.611
849.178
249.611
857.936
912.107
687.948
318.278
734.764
519.425
693.564
195.563
289.621
687.124
515.732
286.233
746.269
930.021
552.019
72.0847
136.326
222.053
173.833
58.3819
585.07
764.245
548.448
933.256
958.434
667.989
712.912
970.946
777.825
836.512
55.8794
210.73
808.496
824
864.467
442.61
228.248
955.107
91.0367
530.229
782.281
484.97
997.833
103.763
830.592
82.1253
833.857
152.684
694.357
414.197
202.124
550.249
207.465
118.87
271.95
40.9558
878.994
940.916
493.454
722.19
573.656
315.867
970.275
551.012
115.848
183.081
146.702
907.987
724.021
307.932
965.545
748.436
680.868
895.138
152.806
373.272
146.855
774.529
785.852
349.834
521.897
940.336
800.623
614.704
262.368
724.845
595.08
289.163
559.618
388.714
384.014
238.96
785.73
407.88
462.6
909.299
113.285
239.601
33.9061
466.597
215.339
847.743
757.653
778.222
451.46
769.341
675.283
260.964
446.394
3.57067
668.935
130.558
467.818
503.861
109.195
82.0948
508.835
555.01
849.147
934.05
482.009
816.37
219.855
265.694
430.83
312.082
184.515
580.767
165.258
150.029
306.619
26.9173
226.997
250.496
689.322
203.742
591.357
865.719
541.093
89.3887
11.6276
171.819
525.376
618.152
412.275
714.408
548.997
939.055
237.129
988.525
146.672
887.906
159.062
935.026
117.405
703.055
57.1001
634.114
568.865
516.861
667.531
977.172
26.6121
653.676
814.814
598.56
763.726
265.542
629.139
848.567
7.29392
337.321
656.301
88.1375
178.655
592.151
266.64
87.8018
822.443
328.318
268.777
810.755
381.542
719.321
134.983
362.133
474.38
607.837
743.919
385.968
829.798
325.236
47.1206
689.932
536.912
567.766
565.996
380.383
765.252
860.317
124.577
288.369
612.262
639.76
725.364
967.62
233.558
488.388
973.54
46.2355
913.114
549.028
956.603
213.355
228.706
653.188
985.26
621.418
969.695
193.182
101.779
985.87
962.645
269.814
762.261
163.579
461.715
146.367
598.926
490.799
259.621
541.063
668.813
662.038
175.512
787.957
95.0041
431.532
75.9911
398.846
506.79
918.027
85.9401
56.4287
184.545
794.305
144.536
570.605
316.507
142.705
563.585
828.578
272.622
258.248
744.011
270.73
302.469
179.662
706.626
923.032
563.25
230.781
593.768
516.984
884.091
352.55
797.937
729.392
172.765
507.553
873.287
71.8101
871.609
937.834
887.112
462.172
367.992
557.665
366.527
8.9114
766.717
262.276
497.513
39.5215
929.502
433.851
731.773
904.447
188.452
425.886
458.357
587.329
639.943
307.627
895.871
653.584
423.994
649.281
861.568
567.888
897.366
629.475
573.84
911.924
104.312
246.437
143.925
534.043
453.413
913.877
913.541
161.718
5.03555
222.51
294.198
508.042
276.742
149.602
265.053
403.577
972.32
496.231
184.942
985.29
541.063
834.864
75.2586
472.579
973.388
747.703
29.725
563.402
738.701
637.379
907.407
979.858
272.561
891.079
965.117
196.112
918.638
679.556
585.559
878.933
731.956
172.124
757.561
72.1458
49.9588
448.744
464.187
657.094
237.19
890.988
635.67
119.053
510.117
332.255
822.718
151.952
248.238
749.687
247.047
132.206
698.05
777.612
384.991
992.737
475.234
825.037
740.501
528.733
772.668
77.6391
963.927
666.555
679.128
165.99
972.808
726.31
516.037
780.755
230.781
210.12
597.644
16.541
841.029
147.099
321.665
725.852
610.096
525.956
995.972
663.289
739.341
846.858
307.84
702.78
298.837
323.771
842.433
907.987
141.24
768.426
555.773
737.327
411.115
687.002
609.516
165.349
306.375
621.082
473.006
1.28178
247.719
264.077
699.454
185.797
112.766
384.167
281.716
347.911
690.634
84.994
995.056
402.783
13.6723
436.018
631.855
471.725
722.434
2.56355
535.539
905.759
119.755
308.054
339.518
693.899
71.0166
758.873
317.27
37.6293
406.018
63.4175
250.252
372.356
979.156
676.687
219.52
617.634
43.9467
301.126
227.363
936.949
98.6663
975.89
55.3301
788.751
858.394
784.814
264.992
549.486
510.483
714.896
747.185
490.463
909.696
696.677
726.676
389.08
868.679
356.975
627.857
556.475
200.69
516.434
708.396
562.181
670.339
961.791
866.237
437.33
508.835
525.224
527.024
637.745
649.983
1.52593
17.8838
547.96
343.028
934.416
333.537
807.459
298.99
802.82
701.254
240.486
25.8797
639.607
851.283
670.766
510.331
612.506
397.992
401.837
900.571
599.506
239.204
645.192
347.972
289.56
378.948
676.382
662.923
839.9
80.3552
1.34281
941.404
621.235
755.058
313.517
818.506
82.3389
494.919
523.179
505.203
264.565
652.882
640.492
264.534
998.413
378.582
793.115
483.566
312.723
515.549
159.917
997.131
88.2595
765.862
102.084
819.88
486.435
528.55
272.5
942.991
184.79
318.308
985.015
351.146
950.438
170.354
624.714
916.807
582.415
937.895
380.535
327.586
754.753
888.424
81.2708
703.055
790.948
505.173
416.456
57.1612
901.303
899.808
323.099
263.009
914.64
742.637
819.91
675.192
35.0963
116.947
69.7348
67.0492
655.965
202.979
952.269
38.6059
760.826
198.614
927.091
551.317
944.578
382.397
469.558
745.903
584.124
725.517
860.012
700.003
191.229
958.8
607.532
281.228
478.042
501.083
290.109
752.281
166.662
155.156
91.7692
284.249
74.4346
977.447
818.323
34.3638
505.509
227.821
672.872
944.548
480.453
805.902
572.466
916.623
835.139
79.6533
286.63
521.104
719.749
513.016
180.029
895.322
529.649
998.505
839.228
986.999
799.097
301.187
365.886
800.073
88.8394
520.28
617.206
798.7
399.64
974.517
174.688
125.492
141.911
417.463
322.886
790.796
193.487
989.563
818.873
488.479
76.5404
812.189
734.367
195.471
784.875
631.092
150.975
210.15
292.734
414.563
990.661
787.011
276.742
312.998
761.559
22.8278
81.7286
886.105
501.907
151.311
462.111
3.90637
701.682
902.158
129.887
327.83
484.573
80.5383
640.461
778.069
830.683
24.0486
647.633
893.643
121.525
92.4406
59.0838
491.073
788.72
846.889
123.325
528.52
347.209
75.1061
979.705
580.706
594.592
318.278
702.261
831.965
257.79
56.3066
369.518
992.676
868.221
207.373
190.344
46.0524
146.428
98.2391
218.055
231.33
678.365
561.663
683.37
169.012
163.244
316.782
478.164
535.63
15.3508
289.163
820.521
193.152
600.574
26.307
632.71
179.754
888.668
865.413
663.533
468.429
803.186
9.00296
885.8
899.014
49.5315
165.41
200.537
190.588
703.299
909.574
979.278
440.382
338.786
420.85
475.021
14.5268
980.865
754.509
634.144
238.624
659.291
301.889
339.549
792.505
848.659
596.973
616.932
216.865
573.717
124.363
834.925
437.391
462.416
286.019
431.043
712.424
527.207
181.829
193.854
911.1
956.114
361.4
633.32
527.512
694.998
202.46
470.077
337.687
101.932
72.7561
775.323
105.167
455.092
931.211
792.077
241.829
595.569
524.552
969.695
829.951
485.916
836.665
242.103
911.924
966.308
945.219
81.7286
453.688
488.907
943.388
360.027
888.424
112.217
81.9422
545.732
646.321
536.302
788.598
272.347
577.197
460.311
720.145
806.207
671.682
43.672
504.44
445.875
987.701
751.732
327.921
384.625
188.177
367.687
24.9336
66.9271
596.362
451.735
825.709
570.544
174.78
28.6264
418.043
44.9843
334.758
785.119
480.636
738.182
981.628
558.245
342.54
641.804
702.994
396.13
926.328
287.637
505.722
972.167
630.329
725.059
7.84326
633.808
307.108
211.554
492.019
867.733
993.255
647.572
726.31
461.959
547.807
286.355
959.014
146.672
855.129
750.969
993.53
994.598
748.131
888.638
749.443
362.621
308.908
494.705
216.285
655.66
702.292
436.628
206.214
693.869
198.706
209.906
811.396
964.66
543.382
456.648
973.174
540.971
326.67
478.378
68.6056
946.471
513.169
274.361
920.835
749.474
785.119
136.357
139.348
166.631
856.38
331.37
197.089
457.503
413.556
903.562
149.632
391.522
840.266
126.469
403.272
568.438
380.749
637.013
438.52
873.501
899.35
782.189
894.559
848.598
891.751
209.998
921.415
260.903
904.66
235.939
205.969
649.831
19.776
15.8696
578.173
133.549
558.489
56.8255
603.229
257.21
663.503
97.1404
66.6524
162.542
913.785
886.746
758.293
861.782
628.834
899.228
460.829
895.657
18.7384
506.76
550.34
157.994
836.146
649.312
113.956
167.302
686.392
528.825
991.516
566.668
652.181
360.485
647.145
133.885
388.928
711.814
277.566
82.2779
347.087
460.463
62.4104
933.866
277.535
903.195
963.866
745.964
676.595
45.5336
981.079
972.839
326.67
605.304
265.999
742.943
588.855
759.453
6.89718
833.827
603.687
166.845
485.611
125.278
56.5203
297.372
214.667
812.403
663.411
599.2
561.205
159.52
33.9366
534.806
763.054
76.7235
67.5375
17.8228
743.889
299.387
538.957
281.35
633.29
452.895
29.3893
708.853
398.206
783.288
860.042
659.81
492.111
834.956
183.203
820.215
927.854
857.173
888.394
109.989
680.41
220.069
478.774
678.243
826.472
622.028
574.847
17.6092
326.09
368.786
201.025
729.057
853.511
506.638
512.009
968.2
582.751
90.0296
114.475
104.801
334.88
365.215
641.194
626.026
992.676
151.402
732.78
815.363
588.916
200.018
84.5058
238.044
975.249
814.264
713.279
564.47
476.882
509.049
101.901
762.688
440.229
993.866
376.476
191.29
79.0429
258.614
173.162
623.92
526.017
44.5875
350.719
736.747
495.285
481.216
204.962
89.9686
462.874
170.11
341.533
134.922
770.867
497.909
862.911
277.444
561.357
458.419
26.2764
529.588
947.325
766.167
28.4127
780.053
325.449
542.039
73.6412
215.4
238.197
352.458
381.115
922.575
690.847
883.328
288.156
204.505
329.783
29.9081
105.38
639.821
388.379
684.347
879.849
417.829
806.909
1.00711
722.831
980.438
432.173
422.346
858.486
501.541
703.818
245.186
49.0127
235.939
732.963
9.64385
553.484
268.38
179.785
491.47
275.674
694.479
836.299
578.997
258.126
764.214
320.078
816.279
177.618
19.8675
786.035
893.521
999.298
959.258
61.5558
865.871
444.838
255.409
112.339
382.092
431.806
64.5772
243.66
704.184
139.5
452.864
945.219
799.341
858.242
473.586
783.99
285.318
278.054
926.237
252.632
510.849
373.119
328.227
979.156
551.469
538.133
130.833
203.864
403.363
132.694
710.593
930.631
155.187
90.64
167.119
657.735
419.874
749.443
459.212
95.4619
807.428
556.963
909.604
775.994
719.84
811.426
610.492
962.127
249.886
90.5789
760.643
761.406
464.248
526.963
465.133
851.131
852.931
584.582
29.5724
721.274
225.837
494.278
279.519
841.029
838.008
3.32652
936.522
655.568
24.2927
595.782
582.141
819.025
125.462
839.717
241.127
570.177
986.328
17.7007
114.902
656.85
807.245
696.982
496.78
715.384
630.848
394.726
399.792
511.521
244.301
996.002
929.258
948.851
779.168
79.3176
929.991
251.045
789.514
807.154
940.733
224.189
90.0601
536.515
986.328
5.37126
135.166
807.306
238.716
204.077
220.099
863.155
78.8903
842.067
285.775
362.041
589.953
998.596
608.57
432.661
13.3061
566.942
155.553
732.536
199.194
28.4127
887.783
664.48
582.08
650.197
791.253
407.544
713.279
13.2756
918.271
918.577
881.039
276.894
219.55
560.625
849.94
85.1161
448.744
514.969
250.74
522.843
920.164
632.008
651.753
26.307
401.532
878.384
843.074
655.385
922.91
35.6456
365.062
633.106
782.434
807.581
812.281
559.221
530.931
991.394
943.815
203.803
216.102
870.113
131.687
287.088
667.959
481.765
178.442
152.013
106.113
921.659
34.9742
735.588
851.161
334.208
449.995
745.109
420.148
750.633
82.6136
446.028
788.72
428.083
108.737
967.254
100.04
847.774
853.236
530.137
602.557
26.6121
478.286
507.828
97.1709
300.546
260.079
720.786
675.893
233.985
484.329
874.783
32.3191
812.891
492.386
547.96
125.95
577.319
908.78
632.74
481.094
849.452
581.835
639.332
901.73
713.797
268.38
766.411
883.908
905.362
593.86
146.153
506.363
262.551
318.918
168.798
81.1792
900.632
444.136
294.046
345.164
761.925
183.813
254.585
473.647
699.728
340.007
58.7481
697.928
751.213
108.371
698.263
807.245
756.188
846.828
966.948
316.813
977.935
838.374
297.464
583.392
881.985
579.333
21.7902
648.885
729.698
624.134
961.425
94.2106
142.155
518.143
754.234
683.859
291.36
849.452
823.939
82.7052
874.386
951.201
398.206
426.679
527.024
285.379
481.918
27.7108
833.369
39.9182
191.778
995.209
586.962
969.329
358.531
54.2314
460.494
11.0172
802.85
342.814
739.799
708.67
191.534
468.551
278.39
972.533
879.849
606.281
329.417
209.937
646.535
918.363
410.321
355.358
727.622
78.0663
857.173
832.667
55.269
177.953
224.769
979.797
108.097
804.285
188.604
968.108
278.909
558.428
105.045
746.666
166.265
807.215
885.891
43.3973
696.341
942.656
343.76
954.07
480.728
932.981
664.449
150.304
317.331
445.662
162.297
238.411
239.601
324.229
975.28
299.203
21.0883
699.637
855.495
141.209
541.337
517.777
711.875
297.891
919.218
764.183
60.9455
300.119
820.338
167.241
42.2071
255.593
844.203
661.336
153.874
265.664
397.961
390.728
365.947
711.844
962.615
535.966
766.32
942.381
158.086
743.522
396.222
390.393
513.443
440.596
431.776
655.324
348.125
815.607
366.863
578.051
671.316
745.933
354.869
841.609
504.532
454.451
364.33
128.666
534.806
175.634
305.734
366.619
503.8
612.659
784.845
92.0133
239.784
466.842
639.576
465.468
738.212
820.582
916.227
967.772
197.546
655.049
441.206
309.458
416.456
283.914
645.131
584.216
458.235
984.405
794.61
197.485
989.624
606.555
289.01
602.313
199.072
442.793
177.435
372.356
701.895
138.005
553.117
644.642
337.596
922.147
980.59
462.294
266.274
946.257
612.568
49.1653
269.997
3.32652
152.562
547.258
665.487
415.204
319.285
248.238
734.428
366.558
969.329
850.49
77.5781
467.574
534.227
772.515
799.158
826.38
928.495
54.6587
927
412.366
584.185
879.696
976.012
991.974
769.066
243.629
59.9689
417.646
843.959
808.679
458.541
552.141
615.925
468.551
45.6557
608.112
443.373
658.345
485.397
185.583
249.336
939.451
601.733
787.744
99.2767
891.415
828.455
96.1333
499.496
841.487
145.177
787.561
72.573
463.393
406.232
172.613
766.015
776.543
468.154
438.185
250.282
576.586
22.2175
774.346
662.557
829.463
538.682
167.547
352.55
58.8092
228.004
141.026
786.309
259.56
426.496
223.518
264.657
367.473
311.594
428.083
612.415
817.042
353.771
521.592
494.125
218.329
410.779
366.71
513.688
684.256
870.968
117.435
752.678
839.503
751.366
549.12
905.057
42.2681
157.476
304.758
663.259
850.368
10.3763
338.511
513.016
262.276
447.645
337.718
592.181
765.435
804.559
404.523
770.379
721.824
581.347
778.802
605.945
123.203
303.323
883.114
335.52
246.376
679.739
471.297
553.545
240.211
967.437
161.84
737.144
175.695
946.287
137.089
273.232
589.831
411.847
290.048
143.651
55.2385
592.242
599.292
924.802
806.177
394.421
13.947
257.851
952.574
887.692
629.749
446.333
313.059
928.892
436.842
336.314
398.663
337.138
421.888
136.479
577.837
523.24
304.178
333.934
954.527
980.468
688.345
361.431
990.387
543.046
913.846
173.559
402.356
818.445
383.465
386.822
366.955
699.667
651.204
140.507
562.212
363.872
51.2101
334.88
79.104
663.656
149.266
401.99
733.177
317.057
797.571
266.457
807.642
802.82
74.0379
651.692
759.85
366.71
888.333
388.043
921.384
45.7167
534.349
879.36
723.838
115.818
971.801
383.77
481.185
869.93
117.222
265.267
260.048
132.206
926.298
872.433
868.954
415.082
548.021
199.835
498.184
124.577
332.926
989.593
41.2
721.458
975.585
427.992
629.048
243.049
573.29
94.5158
408.429
93.0509
882.29
318.888
96.0112
505.112
551.958
602.374
338.572
586.077
619.343
260.292
411.512
346.294
44.2213
941.038
286.233
621.906
566.881
178.289
598.224
296.091
668.905
633.229
546.403
725.669
919.156
181.585
255.684
778.588
485.641
503.586
633.473
389.386
94.5769
331.248
251.625
38.2702
217.963
10.6815
285.073
60.3046
771.05
535.051
38.3312
190.924
100.65
704.031
91.0367
254.097
545.946
567.156
594.134
399.274
352.519
806.055
747.276
793.268
221.442
212.592
989.715
173.803
274.087
919.187
934.629
170.293
714.499
536.821
579.577
798.639
970.092
857.997
822.901
36.0118
592.151
280.129
818.537
882.168
697.348
606.006
199.622
812.922
231.574
377.361
702.902
32.899
837.275
397.931
224.128
433.271
605.365
602.283
837.123
660.39
493.515
926.542
806.269
202.612
691.488
337.199
125.004
900.662
714.805
674.764
610.462
787.896
508.652
467.513
86.2453
667.318
342.326
372.814
684.5
330.76
776.36
401.135
797.845
827.235
482.65
580.035
713.553
685.965
200.018
213.172
460.311
501.236
605.152
392.041
899.045
784.448
381.237
915.311
589.343
490.066
264.84
272.774
462.447
121.769
352.824
850.398
832.087
824.946
449.965
11.475
774.407
371.41
739.097
212.012
408.49
443.525
554.613
804.743
108.371
122.868
540.849
689.108
177.892
990.6
976.44
463.454
19.8065
745.14
545.732
235.145
330.241
743.889
339.244
745.079
349.834
374.889
363.231
963.134
702.658
664.876
340.77
810.389
854.335
29.7861
84.9025
164.708
720.634
574.45
225.227
805.689
457.656
846.797
569.506
455.092
964.721
453.871
881.008
569.75
131.718
445.296
353.191
42.1461
361.644
870.418
563.219
465.896
399.823
415.632
184.606
121.403
0.976592
528.153
241.585
339.091
465.56
932.188
185.095
395.215
576.342
943.907
572.924
597.766
966.735
491.745
633.869
717.46
451.888
247.749
498.795
421.064
354.167
776.757
378.063
862.972
353.71
109.043
468.245
90.7926
895.871
643.635
868.007
422.224
686.331
787.133
285.409
448.408
305.612
235.969
817.347
820.765
473.861
306.986
582.232
477.126
997.131
222.999
488.113
463.729
926.756
760.216
916.013
8.9114
962.798
162.603
601.062
5.37126
632.862
730.674
492.08
556.505
277.627
989.807
870.693
743.706
374.096
845.363
511.612
270.455
228.248
629.963
165.349
139.805
567.766
450.087
144.078
21.1798
66.7135
737.144
292.611
462.722
332.896
410.382
125.034
605.976
389.447
557.207
409.162
558.519
181.707
37.1715
978.759
81.0266
141.057
916.318
56.1541
745.231
336.1
137.608
865.749
218.513
243.477
334.086
819.33
832.179
668.844
190.802
55.6047
88.5342
849.574
261.879
614.032
264.473
270.211
648.762
24.6284
766.228
222.266
446.15
595.569
392.773
639.271
361.858
178.442
163.701
238.38
416.578
694.235
867.55
500.259
129.978
199.53
987.243
517.533
99.5514
775.536
158.727
244.118
378.094
20.1117
819.117
175.97
556.322
425.245
200.293
994.812
956.999
419.721
324.839
205.664
846.278
359.722
159.734
300.607
69.216
247.688
584.979
478.042
15.2287
460.921
332.53
450.819
319.803
271.126
552.385
372.936
208.869
436.567
161.779
416.913
892.026
647.298
634.053
32.5327
910.733
105.441
382.763
418.958
848.048
21.3935
398.267
240.303
305.673
307.382
292.276
117.191
555.04
249.245
406.659
924.741
768.242
438.49
143.376
428.266
235.633
744.804
171.056
288.461
475.723
611.316
664.846
966.735
643.941
452.986
235.694
562.09
146.58
440.016
705.618
111.332
866.115
447.188
384.259
383.007
903.745
450.453
4.4557
696.707
246.254
152.074
971.74
799.402
262.703
115.452
84.5058
329.325
437.3
191.107
381.573
899.136
245.094
514.817
272.561
329.356
576.525
859.279
607.776
63.6616
616.749
620.594
843.928
296.823
586.596
220.71
961.76
846.919
250.984
207.221
291.726
302.988
601.184
831.446
904.508
479.202
617.054
386.608
721.61
706.961
515.793
86.8557
3.54015
996.185
393.2
768.426
371.014
596.881
663.625
194.555
15.1067
992.615
205.176
245.094
254.006
856.471
616.199
771.966
90.9146
1.43437
489.303
402.081
930.662
856.319
109.256
68.8192
110.446
497.665
480.911
552.995
401.563
770.44
93.5087
815.119
137.791
527.116
327.525
399.731
127.354
517.563
910.428
693.472
3.87585
960.479
327.219
317.667
173.406
327.586
592.914
437.056
13.245
372.204
291.818
265.786
479.11
933.012
291.299
551.988
776.36
544.42
35.2184
321.848
252.571
385.174
824
665.151
166.387
595.691
986.816
842.586
490.158
495.956
353.191
496.872
401.44
735.099
929.38
248.695
620.899
903.897
185.827
458.449
251.442
641.133
862.819
435.286
276.162
765.77
699.271
874.905
370.251
465.438
992.187
806.757
184.057
72.9392
392.01
832.575
752.678
461.928
840.968
937.04
189.062
592.822
59.6332
651.875
316.477
240.547
489.425
854.884
396.558
435.133
95.4924
984.832
609.455
646.29
937.956
953.795
442.213
243.507
916.44
537.797
641.408
262.917
595.111
527.39
886.715
11.7191
513.718
419.141
841.243
542.1
891.232
929.472
735.16
525.224
128.636
111.82
138.859
557.176
16.419
359.05
81.6675
427.473
53.5295
71.1081
172.491
382.092
784.021
270.76
878.872
911.405
557.299
947.233
620.319
95.2788
618.732
409.864
832.423
35.7067
936.338
432.966
657.857
408.704
670.125
472.427
420.606
666.463
690.298
736.412
539.75
921.506
50.6302
390.393
38.7585
43.2447
822.901
678.518
306.986
999.176
199.103
241.92
268.99
970.885
267.586
415.876
618.763
277.291
368.938
786.462
274.392
635.456
438.49
788.293
709.647
790.49
241.279
624.775
318.918
46.0524
906.003
291.391
471.511
726.402
663.594
984.313
411.695
101.077
197.76
674.459
660.665
804.437
512.619
129.246
76.6625
279.55
724.357
162.786
229.743
279.824
682.882
395.642
247.017
957.61
829.951
305.704
784.967
572.497
199.774
851.588
284.829
349.834
968.383
449.019
167.791
520.89
458.113
582.446
125.462
75.808
3.60118
832.575
162.481
260.964
585.131
600.909
547.288
351.39
635.792
313.181
327.586
730.125
928.953
382.214
566.027
805.17
951.842
712.058
953.337
795.953
671.773
24.2012
954.344
919.797
101.26
787.561
143.529
10.3153
568.163
32.6853
886.41
98.5137
97.0794
832.85
22.6142
988.22
808.466
731.407
707.48
356.548
741.447
898.556
67.7206
411.603
6.80563
297.189
828.272
637.379
676.412
640.309
565.63
658.376
314.707
420.24
744.652
754.265
559.832
791.681
194.8
56.2456
659.108
589.251
182.012
956.633
366.161
261.452
732.597
761.773
105.716
1.43437
365.062
121.433
812.037
856.624
886.99
263.955
347.423
97.8423
411.969
569.72
907.254
629.841
253.883
513.535
317.362
723.533
854.274
507.736
630.482
852.229
399.03
676.565
927.427
912.473
281.167
93.6308
730.003
610.797
65.0044
513.535
931.272
297.952
109.134
128.697
649.586
31.4035
503.342
383.19
912.9
147.74
476.547
373.882
579.18
126.194
931.516
871.426
399.701
24.1096
262.917
491.043
630.757
266.305
114.872
45.2284
100.864
68.9718
233.833
609.485
139.042
279.58
73.9158
331.614
270.669
914.212
310.129
517.319
87.3135
173.162
916.135
21.424
196.631
216.651
962.645
477.889
658.284
481.155
792.993
398.328
812.922
818.384
731.62
671.194
909.635
237.342
982.208
492.66
438.551
531.724
871.364
260.201
574.999
572.741
94.4548
460.463
640.797
549.608
119.602
82.3695
989.837
938.383
405.774
587.176
223.304
480.544
592.212
965.972
141.82
952.818
314.219
916.746
339.488
8.85037
802.606
671.529
847.133
874.935
922.178
505.387
730.735
179.846
806.269
458.235
50.7828
701.468
743.156
300.638
89.7244
309.915
470.443
275.338
252.724
889.798
534.135
645.1
548.845
521.744
868.435
578.57
58.4124
705.435
252.266
405.408
293.13
904.477
799.31
771.538
854.732
194.891
137.12
726.249
298.898
298.746
432.386
272.103
610.645
783.166
917.661
409.07
196.844
707.083
76.693
203.864
803.125
496.384
144.139
916.135
260.353
328.745
75.6859
712.455
467.849
809.626
645.466
999.39
518.845
220.222
826.533
907.071
374.981
119.419
110.782
954.314
995.911
580.065
924.741
426.71
329.936
841.517
796.93
498.886
72.6951
659.291
433.821
631.855
599.231
133.396
360.149
277.505
976.318
296.365
279.702
420.576
461.196
242.134
813.379
989.898
392.804
77.4865
770.196
670.095
881.802
476.852
607.99
144.841
205.695
121.708
239.631
303.14
315.409
806.482
841.182
439.436
359.172
491.012
818.384
979.522
630.543
82.3695
587.634
762.658
846.339
225.593
327.372
412.152
160.741
886.074
356.822
824.427
822.535
3.87585
297.586
308.908
880.306
1.77007
674.917
409.497
843.654
427.839
114.597
938.78
704.978
514.176
791.864
256.417
229.316
933.012
288.247
323.191
917.844
531.022
513.352
561.266
551.317
323.71
846.889
52.6749
720.115
530.717
157.903
106.784
246.712
933.226
857.173
728.141
906.888
335.093
638.936
16.0527
356.212
408.826
68.4835
27.131
667.837
707.144
671.682
131.657
387.524
122.166
682.516
395.611
513.108
573.321
105.289
19.2877
303.446
204.23
247.627
363.903
324.076
871.609
379.955
596.973
635.334
205.542
678.701
488.479
529.13
23.9265
108.676
388.623
721.244
381.359
401.318
918.21
404.401
33.9366
784.6
403.333
69.3381
601.794
621.54
585.681
499.588
209.51
612.812
638.966
846.126
886.99
720.328
23.7739
188.696
510.575
467.544
211.219
489.578
567.278
773.156
807.062
345.958
521.683
974.09
107.486
447.737
68.3004
194.342
617.969
146.397
49.5926
715.812
565.813
41.6578
321.268
506.943
938.536
991.791
346.141
566.362
78.6767
453.993
797.937
236.885
366.527
561.327
955.718
146.489
22.0344
841.975
170.904
932.768
557.085
987.487
187.872
406.232
909.238
575.976
598.834
310.19
788.842
156.743
215.247
331.797
269.723
602.557
636.341
521.622
155.614
135.441
795.923
777.734
153.142
932.981
769.372
550.462
382.672
720.481
621.265
423.933
258.248
256.203
575.396
730.979
268.136
115.055
288.461
857.57
686.697
677.48
508.316
392.621
749.413
729.667
898.343
780.236
321.94
581.408
308.939
629.627
594.592
107.608
277.841
339.946
833.338
620.228
39.8267
195.502
718.894
976.012
827.815
588.122
304.788
827.296
745.72
522.599
125.98
421.369
995.544
61.6779
488.907
855.098
738.456
866.695
474.532
190.558
372.539
490.066
685.629
338.725
507.34
576.342
269.356
116.489
417.158
627.247
246.406
384.167
254.097
487.655
678.182
668.935
802.149
208.655
702.994
181.341
53.2548
443.587
972.747
630.238
387.432
33.5093
521.226
742.759
637.104
938.688
595.294
896.146
817.804
171.545
480.148
766.442
805.963
888.424
850.124
401.624
745.354
295.145
675.863
624.439
463.179
523.881
219.764
171.606
677.358
136.418
150.273
475.967
275.613
411.176
306.589
496.78
448.836
69.216
145.177
505.844
958.464
596.149
399.06
234.321
320.261
816.095
981.17
287.606
185.492
873.684
663.259
233.711
700.156
280.435
561.357
271.92
124.363
182.287
959.166
887.631
492.721
503.433
500.443
399.792
596.637
123.875
282.144
807.428
70.5588
746.147
878.689
840.846
862.88
607.898
829.463
624.317
872.433
696.432
620.533
856.594
32.9295
621.204
691.427
914.823
625.599
801.172
498.825
788.842
101.169
122.379
168.004
251.717
193.793
723.075
763.543
172.796
606.342
61.3727
710.196
379.772
49.7757
922.941
395.703
975.524
917.02
524.003
486.312
516.556
372.906
366.497
986.419
958.983
141.514
1.40385
573.595
778.161
771.905
356.517
240.486
168.554
663.381
784.814
774.377
730.003
632.435
489.883
105.777
546.281
301.157
484.695
57.741
62.685
89.7855
739.525
526.627
668.935
93.7529
675.71
625.752
392.712
626.667
661.489
823.145
611.621
710.715
665.914
604.877
188.208
295.541
727.073
694.815
935.759
487.014
391.43
362.468
819.819
566.607
779.717
849.696
802.606
83.5902
436.048
448.103
736.351
800.287
616.993
258.003
211.371
772.332
175.573
160.07
765.77
344.89
697.897
31.373
362.59
346.141
47.5173
736.717
540.788
259.316
974.609
926.481
146.306
654.347
945.524
172.704
49.6231
660.726
849.605
474.013
755.577
762.566
738.975
660.848
312.082
697.104
257.79
732.688
424.36
738.06
917.478
657.979
179.876
144.993
873.409
668.05
291.238
59.8468
360.393
576.739
262.825
632.191
442.091
156.407
387.432
653.89
231.422
101.901
979.4
485.244
237.922
613.788
750.084
553.087
998.138
131.687
732.536
202.307
645.528
249.702
660.695
182.592
576.342
344.218
210.486
550.676
866.97
946.257
8.17896
270.028
599.841
388.928
812.616
289.377
753.807
761.834
777.49
380.413
814.875
703.024
200.049
517.045
764.275
60.2435
662.435
76.5099
599.567
952.757
971.557
644.368
45.1064
264.382
804.376
703.909
608.57
99.9481
464.309
991.852
638.783
235.359
655.293
801.172
542.558
93.3866
679.678
12.421
815.302
276.193
966.124
134.983
42.7259
185.217
333.964
139.134
529.435
760.918
900.052
360.485
710.471
872.28
34.2723
257.82
2.68563
388.318
270.699
306.07
251.625
462.539
579.241
804.712
430.311
61.0065
905.606
883.938
746.33
266.61
384.716
489.029
813.318
389.172
134.251
624.866
43.2142
414.045
34.6995
640.889
915.525
819.544
401.624
838.801
279.366
294.778
957.152
183.599
345.653
389.325
6.19526
399.518
524.4
625.538
224.494
231.666
764.275
105.106
963.5
155.278
550.279
141.179
479.751
313.242
215.857
946.745
994.11
963.591
725.761
911.222
987.121
217.78
585.833
496.17
637.196
351.512
35.9813
281.137
807.703
468.795
182.623
191.473
488.693
800.928
226.844
438.856
100.497
421.461
444.594
205.786
564.531
658.467
74.7703
606.067
548.051
985.26
772.24
951.079
788.995
670.888
781.03
854.701
907.193
971.679
485
206.977
607.959
144.993
491.287
548.326
684.866
66.744
903.531
875.118
727.195
733.146
940.367
408.551
938.993
428.938
556.505
357.433
975.616
842.952
221.442
206.366
204.108
911.588
512.925
560.595
293.619
672.811
680.898
78.7072
542.253
910.581
838.801
524.583
846.37
871.883
937.559
469.649
718.741
837.123
179.449
676.748
261.94
825.343
27.4056
697.012
502.823
215.369
466.475
710.685
994.812
564.409
673.177
143.59
93.6613
404.95
749.718
90.0601
813.929
301.614
678.579
73.7327
670.949
948.851
154.302
177.679
416.15
590.96
448.225
74.6483
70.7114
545.763
962.859
989.288
164.495
112.918
631.855
122.806
586.261
648.122
822.169
572.375
951.445
84.8109
894.009
275.338
893.735
684.408
75.5943
10.3763
186.956
295.877
808.527
986.541
103
907.01
219.886
51.2711
912.29
767.296
878.079
49.1348
933.47
864.803
487.32
361.705
37.6904
37.5072
678.701
160.802
14.7099
500.9
552.538
405.713
706.107
72.4204
129.337
115.543
312.571
875.118
364.879
948.79
781.274
800.348
886.349
620.045
679.525
511.856
105.136
186.651
460.982
272.256
863.063
735.13
530.778
372.6
267.769
499.405
15.4729
447.096
874.264
942.167
644.887
453.627
867.855
830.042
650.716
601.672
405.774
834.407
89.6329
8.63674
773.064
688.681
496.414
366.008
509.018
433.515
272.805
396.496
160.833
781.335
719.749
383.435
820.429
130.894
117.801
553.789
100.345
263.894
763.237
595.721
706.076
254.128
364.696
92.4711
259.468
620.991
708.274
153.233
531.205
258.278
995.788
22.6753
736.9
169.744
763.359
950.224
54.6587
542.436
786.431
100.192
19.1046
189.032
877.255
784.661
948.668
891.079
980.987
799.219
62.4714
673.086
477.401
143.834
442.946
540.391
93.3256
909.94
500.198
710.44
333.201
614.154
94.6684
869.869
832.911
761.284
974.456
488.021
544.206
916.44
682.791
718.497
155.187
68.5141
593.28
919.828
653.462
566.027
227.485
326.304
437.88
405.988
512.741
900.967
885.8
158.086
134.922
900.784
781.274
304.605
643.941
186.56
511.032
277.566
466.628
808.069
434.278
974.639
484.909
895.627
332.408
34.4249
333.995
389.721
345.195
653.31
77.8527
639.882
299.631
223.853
417.951
403.76
837.397
577.532
91.0367
277.871
247.444
111.362
613.361
91.3724
410.138
581.469
25.8492
293.71
758.69
842.982
798.639
868.099
664.449
319.224
548.875
801.019
152.593
480.27
730.247
640.309
353.71
112.552
948.79
171.789
598.254
660.787
62.1967
746.696
559.648
423.414
718.589
290.414
352.672
882.87
490.707
524.552
992.95
951.689
262.49
432.539
124.18
416.089
23.5298
501.297
419.141
357.86
728.05
768.914
560.717
836.238
374.676
210.73
209.326
610.614
963.073
494.278
863.002
185.553
483.779
634.602
16.0222
959.532
597.674
581.408
522.965
757.927
160.802
268.899
573.84
532.701
251.503
159.917
186.895
508.835
855.495
815.363
625.355
559.496
865.505
520.219
643.88
90.7926
551.714
497.726
971.862
217.994
159.032
742.363
938.871
513.352
787.439
3.296
649.129
107.974
212.012
949.919
611.133
428.205
798.761
49.2874
228.248
348.186
171.85
189.001
57.4358
39.491
789.819
574.236
241.34
299.356
85.4213
932.218
20.5084
638.813
327.067
554.308
732.353
911.588
856.319
207.251
202.033
765.496
859.096
444.868
932.89
697.165
326.487
351.207
1.1597
991.668
360.759
246.834
62.8986
328.104
483.749
389.172
377.667
332.469
103.122
198.035
256.6
859.004
793.451
38.2397
840.327
281.228
547.655
89.6329
613.147
574.358
655.69
336.558
560.045
469.497
366.039
207.556
372.356
461.653
987.243
896.939
608.417
952.391
584.46
898.892
215.705
308.603
928.648
786.035
320.627
118.503
853.328
763.268
691.916
426.069
676.26
28.077
784.143
225.349
841.67
469.253
767.785
995.697
439.253
733.97
451.582
559.282
756.737
195.929
503.983
42.3292
521.592
854.884
879.36
220.771
988.617
699.026
855.892
32.1055
529.221
561.48
590.716
534.562
879.482
2.472
599.231
94.6684
701.895
247.658
64.1499
84.6889
618.458
714.866
381.054
871.09
370.342
159.49
846.614
374.92
260.933
970.763
895.352
986.389
538.285
649.129
791.803
113.529
873.226
997.101
183.813
147.313
589.465
53.6821
423.505
123.814
801.965
304.636
61.8305
864.986
119.602
199.164
423.78
879.086
68.7277
504.44
669.088
802.362
893.551
529.435
246.345
662.709
889.645
749.077
145.329
747.093
927.183
860.012
854.793
353.526
319.651
799.219
431.257
209.174
694.571
756.981
585.803
835.81
22.3701
714.957
194.25
643.513
459.944
541.063
137.669
34.4554
164.434
172.216
879.177
297.555
734.672
916.288
683.279
575.274
435.041
404.187
884.091
684.133
859.401
224.036
108.554
69.8874
190.435
767.754
861.11
678.854
711.02
322.031
375.774
26.1544
723.655
934.812
142.186
242.988
534.654
87.9849
11.7191
383.19
658.773
708.67
289.834
771.05
900.815
548.784
721.122
671.438
470.626
465.651
772.973
63.3259
787.347
634.144
124.668
798.09
129.368
221.29
767.602
923.795
786.462
555.742
622.73
456.923
869.808
321.818
82.6746
382.458
436.75
810.968
383.129
163.701
86.0622
760.521
210.944
543.321
680.319
811.945
454.817
916.318
351.176
119.236
504.593
56.8255
444.655
139.286
5.95111
479.659
561.51
134.709
476.089
217.597
349.864
421.186
687.277
296.213
206.244
889.981
223.945
687.094
540.513
837.153
120.243
20.8441
762.108
630.757
983.581
841.212
642.72
247.017
510.636
681.204
212.653
206.977
802.881
743.004
846.278
944.884
386.364
462.63
693.136
139.073
343.333
740.318
111.484
37.7819
461.226
118.564
259.56
309.397
805.536
688.467
501.45
449.995
622.822
5.64592
783.715
278.603
979.949
797.784
638.905
551.561
45.9914
743.706
972.32
227.21
422.926
106.449
288.247
412.397
431.257
501.053
511.795
521.805
757.286
578.082
62.7155
681.204
367.687
904.721
337.657
906.552
98.117
824.244
256.355
89.2056
821.65
575.335
29.1147
319.559
603.717
452.315
800.897
579.302
749.687
287.637
328.623
334.422
151.097
38.0566
348.033
59.7552
837.123
755.394
786.309
226.417
137.059
723.289
476.333
783.288
361.064
41.5052
529.588
664.022
403.79
438.459
23.1941
350.719
178.93
593.463
157.72
25.2998
289.651
750.389
542.07
340.251
841.639
903.165
761.315
339.427
805.078
334.941
884.304
560.991
831.721
792.261
66.6829
852.809
933.195
74.6483
906.247
932.157
926.908
322.275
705.771
220.771
55.7573
781.365
301.279
986.755
688.131
329.783
610.248
323.893
503.861
543.809
556.993
0.640889
73.0308
586.535
531.358
709.281
233.65
700.491
36.8358
746.422
174.108
584.552
684.286
657.094
627.308
437.117
187.597
872.25
82.0032
946.44
517.777
872.036
418.531
9.3997
871.151
905.728
873.836
460.372
608.57
799.493
743.614
590.625
821.467
883.053
726.432
740.41
681.021
567.217
317.026
744.285
226.905
602.618
154.607
511.46
751.64
551.622
732.353
521.867
436.964
504.135
374.554
519.7
398.48
569.079
887.844
185.4
794.488
172.338
791.986
67.4459
155.858
692.587
537.492
555.132
592.608
466.17
615.467
173.528
33.784
692.862
966.552
982.208
156.804
272.408
594.714
358.348
162.481
104.953
792.505
946.318
51.973
884.762
883.877
54.0178
561.998
919.706
890.713
278.298
414.38
7.56859
29.725
639.576
36.5612
899.899
445.296
7.90429
408.734
385.052
85.1466
101.077
194.372
521.928
124.821
836.39
810.266
54.8723
847.224
316.904
591.968
542.009
383.221
234.107
711.631
227.18
220.496
967.65
3.66222
187.75
885.403
163.335
355.083
788.629
705.496
71.5049
816.37
974.456
58.1072
425.733
89.4192
430.952
11.6886
144.383
548.814
146.489
765.801
635.182
452.071
405.316
796.136
984.985
496.292
743.858
111.209
815.271
376.08
900.906
526.322
84.9635
500.137
293.405
361.37
622.028
522.08
48.8601
468.886
664.266
842.158
125.401
998.26
191.717
735.527
551.378
802.606
330.973
264.26
314.829
894.528
613.208
628.468
935.331
856.777
366.741
113.071
247.841
614.399
25.8492
286.813
431.44
474.471
636.799
609.241
813.105
839.442
342.112
102.176
478.072
500.87
125.126
242.103
218.329
919.279
595.111
729.087
850.063
396.558
94.7295
289.285
431.532
547.411
911.374
166.784
412.702
975.646
872.616
461.074
247.566
561.968
108.432
966.552
500.778
269.204
260.018
670.095
979.492
871.578
917.631
563.402
922.178
513.596
567.675
925.687
774.865
505.997
831.507
733.451
587.024
263.527
275.735
353.587
557.36
792.077
576.739
175.695
761.559
630.543
319.224
340.373
592.944
654.347
211.585
219.184
946.989
646.229
997.925
803.064
681.478
40.9864
848.72
654.988
383.343
750.45
511.612
583.514
973.052
474.471
2.65511
693.197
178.533
404.736
120.334
968.139
409.314
727.409
562.7
45.0758
62.1662
830.531
929.502
332.255
790.002
623.249
390.301
129.978
764.458
872.311
299.844
909.757
464.248
962.249
541.948
407.453
20.0201
986.114
882.992
687.582
647.084
572.039
116.672
834.193
197.119
352.702
281.106
425.184
360.729
483.505
728.874
446.089
551.134
115.818
332.53
799.28
1.09867
231.605
605.731
65.3706
103.793
745.537
21.6376
673.055
529.191
281.045
310.038
132.572
146.977
526.444
14.0385
490.982
287.423
577.227
87.8628
663.442
371.502
171.056
816.889
798.242
441.145
221.778
841.151
331.095
621.296
558
563.799
885.22
44.8927
273.598
725.303
673.116
271.981
595.294
425.184
557.024
734.031
674.459
372.021
423.383
235.084
208.655
643.391
28.1686
40.8643
299.875
736.778
969.329
586.749
454.878
192.755
942.015
336.314
134.831
571.612
933.775
821.68
759.88
64.8824
515.091
396.191
574.664
522.721
882.076
732.078
282.174
178.716
807.093
592.608
850.673
853.084
154.118
911.588
401.166
915.738
114.872
710.349
581.042
790.216
821.436
884.06
330.302
280.068
492.477
388.348
446.577
498.672
768.975
857.631
855.403
683.737
395.306
186.132
991.516
677.908
902.524
103.458
198.004
356.7
449.782
275.124
549.211
784.753
480.331
959.899
3.57067
382.092
347.942
755.058
293.039
881.191
570.544
460.952
454.817
356.395
866.909
595.477
412.122
106.876
632.893
590.686
509.934
674.459
13.3061
202.033
412.061
777.032
225.837
161.809
265.908
439.833
293.039
607.99
540.819
104.77
838.801
319.681
446.852
999.817
105.594
290.536
339.457
549.059
848.811
671.224
17.1514
105.564
263.741
612.262
317.82
787.225
602.863
38.728
919.98
697.501
637.959
887.539
755.516
312.54
624.836
839.015
940.214
315.073
925.932
73.8853
627.522
657.155
947.478
86.9778
693.106
132.328
547.258
88.5037
655.08
239.387
569.475
24.8115
737.327
617.725
662.77
749.504
481.338
836.695
37.5378
375.805
813.288
819.483
319.254
342.448
972.32
683.126
153.356
223.121
206.488
275.674
718.833
811.731
642.567
192.083
805.658
513.932
235.755
549.486
613.544
576.922
205.939
303.934
927.213
188.086
866.482
389.142
824.976
974.242
251.503
458.724
576.891
932.249
448.927
513.291
888.546
322.916
44.1298
193.67
146.702
558.641
581.622
21.0883
823.359
616.657
450.423
366.1
693.899
8.97244
99.4598
427.29
26.429
840.022
989.441
0.793481
397.778
983.489
187.078
322.428
292.52
909.757
8.48415
762.932
141.942
194.586
617.206
658.132
958.373
241.249
983.947
55.4216
221.29
246.101
113.681
657.002
172.338
940.123
946.898
741.966
173.925
136.845
840.175
347.972
289.102
618.274
34.0587
494.278
738.304
389.752
12.9398
726.463
388.958
835.566
163.64
765.16
935.209
805.719
639.607
539.354
922.483
166.112
835.871
385.784
274.819
842.463
382.061
695.395
479.934
889.767
58.9007
788.629
88.7478
618.488
544.969
300.15
685.965
308.42
399.701
854.946
987.06
541.948
188.971
316.263
219.031
687.49
159.612
387.555
440.199
564.653
368.938
848.659
955.962
822.321
675.405
208.411
486.251
60.7929
497.299
54.445
241.462
229.499
744.774
881.344
562.7
331.034
832.331
678.518
282.662
963.439
177.313
59.5416
463.668
731.315
91.3724
213.202
668.691
57.5579
470.29
458.449
421.918
426.71
189.215
683.859
15.1067
590.96
609.241
453.261
315.775
770.531
101.26
58.6871
733.573
379.498
994.018
301.584
1.22074
307.993
851.894
284.127
926.176
292.52
489.334
991.211
768.975
405.316
627.674
944.914
405.194
194.098
600.757
712.546
926.481
503.494
15.7476
549.181
837.489
509.384
775.292
956.542
504.868
997.314
367.046
438.795
14.069
416.181
827.326
237.159
91.0978
739.067
284.524
324.259
244.606
661.245
489.242
439.161
785.028
167.791
236.518
445.143
877.01
1.58696
87.3745
790.613
281.228
62.8071
295.053
354.991
941.893
271.249
342.753
460.616
76.2047
922.971
999.023
331.706
922.147
72.2068
296.701
782.067
800.409
970.183
342.448
412.458
647.45
91.2198
361.858
99.0326
675.192
778.71
887.967
54.0178
313.883
40.8948
497.879
239.814
94.8515
528.764
4.91348
417.982
628.346
226.356
512.07
614.246
333.781
885.678
232.704
280.648
78.0663
736.534
485.458
936.46
378.338
503.525
769.036
568.438
325.358
260.475
323.313
572.619
883.999
154.302
83.1629
517.93
726.829
529.008
431.013
513.535
257.241
481.643
654.408
461.013
978.179
380.871
514.939
972.32
862.789
379.803
835.047
235.115
883.541
454.268
508.072
606.891
355.449
997.589
838.954
218.268
250.221
503.281
620.838
367.962
137.272
367.138
854.64
989.41
908.048
339.213
517.014
971.404
939.543
658.01
283.731
613.239
853.877
397.076
614.307
996.002
529.649
56.0015
104.038
550.798
521.378
926.847
510.269
606.098
543.504
266.976
358.074
194.25
175.237
810.053
533.067
899.35
442.152
645.924
766.076
27.253
431.013
1.06815
417.188
879.238
594.104
950.743
464.461
410.077
899.319
593.585
104.312
52.7055
482.131
721.152
869.137
989.654
955.687
511.948
669.057
653.096
35.493
282.723
663.625
734.855
634.877
827.57
369.732
487.35
86.9472
375.683
912.442
596.637
650.502
700.4
824.183
409.162
954.619
408.826
299.417
793.176
539.506
945.311
310.434
416.211
149.113
338.359
490.86
719.901
931.852
223.457
192.724
373.058
205.725
172.002
623.951
484.878
944.731
858.76
471.999
358.806
641.224
97.7203
919.98
68.8498
702.475
279.153
461.867
639.576
35.9203
237.648
422.559
110.385
980.773
83.285
589.404
266.366
240.883
27.0394
861.08
315.989
976.44
731.59
320.719
297.555
709.738
218.268
638.752
495.376
201.758
862.88
212.104
646.718
955.84
509.507
946.165
221.503
504.166
235.725
85.3908
555.101
134.22
798.761
999.268
115.909
210.608
294.9
329.051
689.383
748.833
62.8376
402.875
758.66
397.351
362.682
323.862
864.345
484.207
861.232
638.936
223.548
284.127
455.367
993.652
390.423
162.786
464.797
679.678
238.441
754.082
724.601
481.124
46.5712
826.93
610.004
725.974
970.183
997.925
523.759
948.698
677.694
945.708
877.651
70.5893
434.858
283.67
99.4903
504.105
417.341
747.215
696.768
86.6115
533.006
851.314
908.048
251.411
535.508
675.527
973.601
340.495
709.738
931.944
556.566
466.689
911.161
972.594
345.408
830.5
239.753
892.636
369.701
898.648
129.948
385.388
59.5416
349.864
137.791
505.814
580.889
194.678
206.824
998.047
477.126
975.28
693.503
343.913
148.778
451.521
933.714
188.513
202.185
679.891
631.703
298.715
198.645
890.957
852.199
711.142
835.353
71.8711
897.641
226.081
88.8089
660.695
851.131
903.195
352.947
257.515
66.9271
715.354
102.023
760.155
389.294
17.1209
110.752
829.493
380.993
983.917
761.895
91.2198
343.12
677.694
473.067
980.316
406.934
896.695
774.224
634.053
479.293
463.759
66.3472
740.44
322.855
110.843
593.524
747.734
552.355
615.497
658.498
341.624
827.998
345.134
614.368
596.24
27.4972
866.359
662.374
705.222
677.847
774.407
987.823
699.149
428.053
400.067
264.992
55.4216
844.325
549.333
62.7155
607.349
308.329
932.798
181.28
657.643
300.913
440.748
452.345
703.94
851.131
920.042
33.0515
681.539
432.936
609.302
725.547
129.917
90.4263
888.638
352.886
189.611
72.512
499.893
723.289
835.047
759.087
894.009
212.989
250.282
158.879
861.354
500.015
753.502
761.467
101.901
479.202
176.305
23.4382
890.774
890.194
104.77
271.096
495.743
689.81
887.875
299.997
503.189
699.484
819.514
453.322
708.304
559.526
401.074
459.853
726.035
521.256
89.9991
812.983
979.064
108.31
441.084
972.015
218.757
178.106
46.3576
166.997
236
415.387
180.456
88.29
917.264
788.141
556.963
242.164
302.835
998.108
102.451
253.578
803.43
456.313
154.424
897.671
230.842
815.699
989.257
140.812
799.738
591.021
86.3369
972.808
756.066
898.465
35.2489
311.258
788.781
845.332
491.073
759.606
881.222
601.459
85.3908
499.68
757.714
683.554
698.386
100.558
582.781
483.535
998.413
524.461
67.8426
572.497
655.507
111.209
643.025
811.121
135.044
822.718
849.178
797.998
477.645
527.879
607.105
687.185
971.557
610.492
519.913
906.186
123.966
680.136
864.895
805.231
837.642
667.989
430.982
770.043
198.248
88.6868
858.272
828.059
780.053
749.565
635.609
280.679
874.691
687.979
412.885
391.736
550.676
619.037
783.807
663.93
948.729
673.727
195.502
734.55
719.932
709.769
141.881
421.43
12.7262
975.707
295.724
950.774
914.975
409.803
737.114
897.427
757.012
355.235
933.256
869.778
182.958
972.106
627.033
469.802
395.245
128.178
289.682
559.771
479.476
49.5926
294.229
366.802
215.583
512.192
465.865
456.709
281.625
855.464
165.654
108.188
256.233
599.658
563.616
118.381
326.426
948.119
257.332
571.825
106.326
955.168
892.941
603.076
474.044
641.56
943.754
685.018
831.721
838.343
303.934
473.617
696.158
40.4065
852.443
740.837
25.605
51.3321
644.002
426.283
189.093
700.125
883.541
339.702
984.619
411.634
339.671
544.664
612.293
912.015
354.289
955.626
9.18607
849.605
103.763
178.594
451.369
613.636
268.624
127.689
829.798
131.138
767.418
448.042
506.577
923.765
711.6
276.528
157.323
205.451
237.007
371.99
506.088
302.591
368.938
145.482
359.142
177.526
576.312
622.456
844.081
336.924
171.728
867.397
259.743
906.034
213.507
903.226
444.258
150.304
65.7369
655.568
66.4998
225.623
273.11
953.948
747.948
438.154
906.095
120.579
420.576
795.099
33.1736
178.808
827.54
127.964
476.638
211.402
572.588
569.445
507.157
900.784
624.622
664.51
634.724
782.006
683.432
898.068
151.036
240.089
313.303
919.767
580.523
782.556
250.099
247.047
695.364
618.519
788.659
728.385
251.595
75.9911
656.392
547.044
102.145
888.058
279.672
47.6089
842.616
879.482
848.75
165.746
647.145
84.9635
87.8628
742.637
449.538
830.531
136.967
505.692
126.621
808.588
450.392
996.49
839.503
678.732
120.09
226.875
189.581
225.227
528.336
345.439
345.103
602.008
737.114
94.3937
794.702
697.195
519.974
339.091
884.091
147.923
442.763
451.033
792.352
36.5917
899.228
825.465
103.732
800.348
508.255
315.104
631.672
384.32
778.619
861.171
650.594
170.598
447.218
102.878
192.602
713.767
397.931
246.651
564.745
814.051
566.301
976.47
742.943
960.021
737.205
686.27
799.554
671.377
641.011
816.218
20.1727
773.553
255.104
573.412
866.146
135.044
716.544
818.69
438.917
899.197
752.281
400.8
602.863
740.837
33.4788
719.016
422.437
180.09
359.569
795.526
69.8874
483.901
78.7378
638.752
860.164
186.499
651.234
179.174
568.743
760.582
761.101
558.397
689.352
469.802
883.358
53.1022
786.798
934.538
712.18
415.143
602.283
441.359
357.006
908.597
66.7135
528.275
712.18
825.556
878.384
876.4
906.705
761.803
801.325
39.491
240.516
433.119
340.983
42.909
513.352
314.188
952.696
382.58
151.952
880.947
439.65
455.733
42.9701
737.51
696.951
954.863
476.943
409.436
457.015
255.165
109.653
83.9564
193.762
328.135
347.728
78.9819
840.876
211.097
63.9058
321.543
480.88
565.111
48.9822
617.573
661.245
351.817
106.021
993.896
493.545
160.649
193.67
893.429
192.297
217.902
524.308
505.661
209.174
608.386
23.7129
12.6652
619.556
741.295
58.2904
32.6853
916.868
591.845
835.932
42.024
871.761
748.955
387.188
57.0086
611.774
801.202
532.64
356.487
577.96
91.8912
742.973
527.116
514.847
374.401
297.617
611.805
149.632
399.152
648.824
643.056
717.338
963.713
396.71
342.357
987.609
456.587
782.281
266.701
950.102
427.046
103.763
183.721
813.99
210.852
963.652
956.755
478.408
144.475
751.366
720.359
129.521
398.206
269.143
628.956
121.342
959.563
906.461
958.129
795.373
798.547
269.326
841.334
396.374
745.689
671.377
422.132
740.074
114.2
392.193
704.215
788.842
597.644
109.531
879.33
791.894
474.013
411.695
415.479
146.458
647.938
796.167
686.026
635.517
561.968
60.7624
420.728
198.981
508.164
494.003
760.796
894.314
371.349
769.86
198.309
202.643
335.429
954.405
181.951
337.23
583.544
529.923
669.668
709.708
523.85
842.708
410.23
210.944
571.886
881.039
234.291
462.874
20.8136
789.361
136.509
696.738
30.7321
25.3304
430.067
415.052
268.532
565.447
754.448
492.66
229.194
65.6758
218.238
873.745
770.318
383.679
457.991
520.524
890.194
368.511
893.826
770.562
282.022
324.015
964.293
757.958
694.174
52.4918
620.441
55.7878
628.59
884.548
861.202
195.257
408.246
601.581
590.777
217.994
145.177
657.155
579.882
917.814
639.912
603.351
811.518
928.404
743.889
128.452
992.676
312.662
216.071
612.354
513.596
810.511
604.877
605.518
635.426
400.861
186.804
138.279
187.445
334.666
492.965
266.518
555.559
294.443
454.512
759.423
242.927
837.55
698.965
336.711
784.295
778.375
27.5277
360.637
294.687
666.646
606.067
389.172
434.645
17.5481
899.319
496.994
72.2373
449.904
881.314
770.409
423.933
389.019
552.019
881.863
955.077
490.158
291.94
151.341
821.436
438.887
85.7875
0.0915555
132.908
284.707
146.825
203.04
821.009
964.263
972.442
846.614
390.759
169.836
362.896
397.443
338.908
220.435
434.248
789.331
519.181
90.3653
156.468
933.195
236.274
252.907
448.225
557.787
349.345
494.186
359.722
786.34
166.845
354.35
374.615
356.09
413.251
351.726
362.133
886.258
49.6536
646.596
211.097
101.474
228.828
300.516
676.778
416.303
166.601
787.774
471.603
787.439
210.15
914.823
131.779
239.631
885.22
804.315
690.115
972.015
202.582
99.9481
686.85
450.087
6.16474
47.9446
549.73
391.125
642.872
612.079
874.416
47.7004
736.137
277.779
636.464
696.829
344.34
702.475
866.298
739.891
285.165
867.275
818.232
320.627
907.163
887.265
164.922
866.787
89.6939
136.235
248.634
461.684
753.288
841.853
919.98
452.376
659.932
808.039
996.124
200.14
786.767
420.484
869.442
380.078
52.4918
591.479
297.494
735.466
678.915
800.745
906.278
693.655
968.322
887.844
437.208
749.535
778.344
753.136
269.814
22.7973
475.051
622.944
251.015
895.23
646.199
35.5541
362.102
134.251
354.9
204.169
255.043
409.406
216.315
912.961
189.215
607.196
77.1508
602.557
399.579
851.344
580.432
801.63
427.87
634.266
395.917
559.709
447.981
966.033
398.175
38.9721
116.611
947.295
572.71
919.95
980.712
672.292
932.371
778.008
972.503
868.099
224.189
87.1609
24.0486
176.336
709.128
6.68355
332.102
484.176
794.763
607.196
304.239
209.815
803.064
692.679
718.406
949.675
654.195
874.386
126.164
393.109
747.398
52.736
31.7392
910.947
820.46
964.019
877.377
723.807
69.0329
947.386
366.558
57.3748
307.077
589.16
156.896
189.703
449.019
400.22
452.62
797.479
96.1028
182.714
529.374
507.401
507.218
242.683
721.488
59.0838
735.588
104.495
903.684
985.26
212.928
883.48
997.894
215.705
562.212
973.205
536.943
511.887
919.828
203.07
816.126
136.998
549.12
123.417
663.594
669.485
26.0323
573.26
361.553
364.605
778.375
187.811
748.985
971.862
259.529
1.70904
36.9579
412.946
538.743
804.041
368.572
227.943
588.061
401.563
653.89
194.952
48.2803
446.699
711.661
29.9692
754.448
985.778
249.062
573.016
802.149
384.533
710.349
366.832
436.598
786.798
525.956
34.547
544.908
762.413
793.42
362.224
32.9295
301.096
920.988
492.904
868.618
808.222
265.328
138.066
72.2068
258.614
294.961
213.111
435.194
165.075
309.946
802.728
248.878
517.411
249.672
862.697
824.183
348.369
619.709
564.287
83.2545
83.0714
69.0939
687.368
5.31022
327.555
649.251
968.841
206.519
253.304
285.806
811.945
436.384
233.467
494.522
263.741
271.065
887.509
872.555
665.975
785.607
190.13
396.527
886.044
485.488
801.172
58.4124
534.623
279.519
271.981
870.449
75.5028
774.865
285.562
770.531
234.474
675.497
585.742
459.304
613.147
565.752
752.19
700.156
914.212
859.493
477.523
113.041
684.317
196.631
502.304
994.293
980.499
68.5446
864.864
192.328
867.092
952.757
621.448
572.039
148.595
738.762
693.716
97.5372
245.521
726.463
999.023
66.0115
618.488
977.569
520.524
522.66
648
302.255
472.793
388.775
375.195
661.58
219.275
334.025
10.3153
267.098
98.3917
924.07
614.948
159.307
813.471
74.5567
864.254
545.457
543.931
343.486
295.724
678.701
433.119
92.288
950.529
559.404
609.424
47.6394
813.257
239.845
396.863
294.595
957.396
13.8859
871.395
232.826
801.538
272.591
419.019
526.902
383.648
306.955
452.406
582.11
58.8092
839.32
941.557
576.647
527.177
564.623
915.555
581.988
598.315
482.376
591.052
802.21
597.98
301.309
283.975
463.698
823.939
697.012
760.887
386.731
956.633
704.886
185.553
769.646
831.202
28.7484
318.155
217.261
477.432
546.861
122.166
544.786
832.911
796.35
435.835
388.287
36.8053
717.521
864.467
153.02
709.891
439.131
549.577
330.973
126.621
385.968
971.252
718.711
686.911
489.914
439.955
566.881
592.212
785.607
434.065
192.846
133.366
172.46
439.405
86.9778
495.926
623.859
446.821
44.7707
489.151
624.378
764.367
355.449
105.319
117.649
300.089
578.356
315.256
744.499
972.045
938.688
6.40889
653.554
400.891
873.44
469.771
665.639
542.741
759.117
341.96
72.6341
417.005
352.275
408.521
852.443
586.749
974.242
174.81
581.072
546.709
971.038
610.858
823.695
676.382
480.331
976.104
284.86
913.144
35.9203
130.528
500.259
803.003
41.5357
238.563
350.291
83.8954
644.948
271.432
177.618
459.12
43.733
214.911
788.995
715.659
754.051
388.287
123.539
845.332
873.379
780.908
868.038
323.466
868.648
812.525
800.745
202.399
921.354
423.78
145.116
175.512
359.966
903.043
714.499
268.288
212.104
355.602
128.849
312.571
406.537
221.992
885.434
860.256
657.338
751.335
563.738
692.557
560.533
835.627
947.02
581.622
935.026
112.247
340.403
459.914
939.116
739.86
868.282
654.225
993.255
754.295
30.7016
340.373
40.9864
411.267
301.523
875.057
179.083
421.155
48.0361
160.344
187.75
482.864
554.949
698.508
992.767
22.7058
432.325
491.501
590.258
544.725
190.222
443.342
466.109
498.276
260.17
420.179
40.0098
69.8569
245.277
624.836
166.906
804.804
680.197
442.183
225.684
465.102
81.8812
411.512
827.57
30.2744
572.985
481.979
674.398
246.651
858.303
207.526
599.017
631.947
836.39
37.5378
318.155
341.044
626.942
359.478
929.746
799.554
295.572
449.66
685.354
510.88
57.0391
988.525
69.5822
943.724
238.289
296.548
717.063
905.606
782.403
947.325
198.706
309.122
574.969
913.45
208.441
737.236
373.852
902.249
181.463
712.943
623.798
36.9884
875.301
81.2403
937.04
540.178
945.311
407.88
521.043
574.908
45.2284
802.332
335.032
900.784
484.725
70.6503
256.05
500.473
974.334
604.999
36.1034
833.308
490.097
915.25
331.584
871.975
788.293
209.693
586.2
578.753
601.672
931.089
48.7075
977.416
49.0432
653.31
706.687
476.943
288.43
246.406
417.28
603.839
946.135
714.957
16.9988
798.395
351.97
616.596
690.786
432.051
112.949
466.964
382.336
701.498
55.4521
37.2631
526.688
556.047
68.3615
950.499
886.258
314.493
877.499
482.833
771.599
127.537
282.998
976.379
428.358
942.442
891.049
769.463
871.303
125.523
870.632
50.7828
946.928
399.396
767.357
543.626
905.972
250.771
904.691
426.252
266.61
465.285
404.798
395.245
250.374
945.463
359.539
277.2
571.123
468.062
182.928
95.9807
859.035
537.492
677.023
0.885037
500.717
990.661
841.212
962.645
176.244
510.331
957.732
643.086
875.057
703.024
983.001
345.164
671.377
897.305
777.49
448.958
40.7727
319.224
204.413
240.333
998.993
801.111
628.834
538.713
844.142
679.373
848.384
29.603
783.959
38.5144
987.182
708.579
228.675
956.786
383.374
342.753
31.6172
909.909
2.50252
356.334
457.9
989.837
407.361
45.9304
163.06
93.4782
815.607
532.365
962.889
739.128
276.772
355.022
675.1
665.273
499.496
115.146
814.966
869.594
360.363
73.9769
425.459
243.233
625.874
112.339
823.481
457.259
918.149
957.976
543.138
257.057
456.465
86.3063
258.156
821.528
605.182
201.788
963.317
342.601
759.514
705.069
197.18
482.101
600.665
53.0717
587.512
861.446
251.106
417.92
499.466
241.035
361.736
550.615
69.0329
545.366
661.672
256.417
402.448
389.782
2.38044
387.585
222.755
265.938
427.229
760.002
744.896
41.1695
297.372
899.899
60.5792
929.044
5.92059
26.8258
814.325
586.474
311.075
179.388
451.369
494.369
819.514
889.615
819.727
277.444
651.57
312.296
406.262
119.999
819.452
216.193
989.41
933.378
349.284
742.21
988.708
431.898
678.701
335.643
293.313
773.034
361.126
758.66
849.727
918.455
607.868
588.794
791.009
371.807
699.301
110.263
388.012
449.995
796.655
4.05896
604.144
743.675
185.125
743.065
535.081
923.429
480.3
98.3612
514.145
548.173
828.181
663.686
165.41
31.5256
631.092
802.759
184.881
422.62
829.92
927.763
131.718
157.75
274.483
513.199
10.3763
438.948
212.775
753.136
924.986
395.611
430.83
266.488
587.359
685.842
74.0379
758.202
959.593
693.197
681.6
40.9253
812.952
975.677
464.736
325.083
483.627
122.715
360.759
182.073
607.41
676.717
893.429
88.0459
113.865
275.155
371.319
953.673
261.696
669.973
455.367
546.678
996.155
779.687
626.667
213.233
410.169
431.318
586.138
804.224
590.258
948.088
116.916
212.989
628.193
238.533
440.809
430.799
80.2637
544.572
600.421
525.62
654.836
503.311
897.61
451.735
409.711
680.105
920.103
94.9736
240.547
228.187
186.987
460.921
941.618
831.904
944.884
411.908
619.77
588.824
145.451
858.943
743.675
988.189
136.113
815.088
608.6
640.797
94.5463
216.376
498.581
917.447
738.975
916.654
327.433
151.677
344.646
762.261
38.9721
563.189
598.773
153.203
548.723
558.214
323.954
997.101
507.645
563.311
602.557
461.409
669.485
48.1887
332.347
431.379
142.766
894.772
745.323
78.7988
309.03
767.571
920.377
448.714
688.04
642.964
821.558
469.649
531.693
152.348
893.033
294.198
427.717
896.39
741.6
375.683
694.266
385.876
938.78
187.597
846.919
766.137
472.945
991.852
918.973
980.621
883.358
561.815
916.746
530.381
606.861
267.129
190.741
485.336
568.865
425.855
4.30311
903.958
549.638
330.363
80.3247
317.087
357.372
853.511
408.185
432.844
339
40.9253
91.4945
718.223
260.14
596.24
518.204
13.8249
85.6044
664.602
634.022
838.435
691.336
821.772
600.879
538.804
39.3384
674.276
621.174
941.832
846.919
977.203
209.387
664.541
280.831
675.832
692.373
738.914
708.701
777.337
218.94
707.053
37.7514
458.815
60.976
843.593
673.177
317.911
486.648
661.184
626.331
172.308
986.877
355.296
805.322
314.035
136.906
345.134
17.6397
625.66
873.928
565.996
717.673
463.301
471.511
670.125
29.0841
714.255
993.072
792.077
74.16
934.08
504.746
34.5775
140.843
970.367
829.554
331.584
719.047
978.912
123.539
844.142
937.193
238.838
55.7573
546.159
430.647
672.689
872.738
155.644
172.826
477.95
128.971
67.9952
300.516
776.025
365.093
447.249
464.583
685.171
513.871
132.084
737.266
723.411
316.599
512.467
607.501
947.905
530.168
32.9905
95.2788
736.656
206.488
479.934
516.404
619.312
825.434
707.083
928.892
62.9597
562.487
957.945
792.291
619.129
472.549
439.375
871.12
338.45
870.876
303.842
913.724
859.31
692.587
695.791
137.638
76.2352
111.82
18.7689
53.1632
795.007
202.216
79.9585
655.69
279.855
919.34
267.067
518.571
100.101
186.651
415.479
817.896
181.402
366.527
520.707
819.605
468.337
897
952.757
861.324
104.923
375.805
328.99
359.111
538.682
873.135
701.102
871.273
454.726
753.929
213.019
749.596
946.471
791.284
885.769
410.199
828.516
852.168
685.293
754.479
498.886
936.613
530.045
771.691
255.776
851.588
394.055
854.64
476.058
301.035
162.114
859.279
561.083
673.116
393.017
439.772
56.5508
305.795
647.328
690.329
852.29
512.65
535.844
624.744
868.343
149.052
144.993
525.163
133.824
1.28178
995.575
691.153
664.48
778.649
190.588
620.624
45.1369
990.539
909.299
153.478
123.936
489.639
902.707
609.333
723.716
962.249
147.588
450.789
777.429
147.099
315.012
503.281
793.542
64.0278
209.143
262.886
57.9546
33.6924
833.522
323.008
478.317
769.341
240.15
451.857
477.035
322.367
818.354
351.268
839.808
162.481
178.93
628.498
924.986
173.894
290.902
12.1464
140.934
848.933
25.544
343.608
96.9878
459.731
765.893
374.828
334.422
490.402
236.122
904.477
43.9161
109.47
208.35
282.54
675.649
965.148
242.5
816.218
847.926
83.6512
115.604
106.449
461.226
152.867
96.8352
848.323
423.322
971.343
724.448
124.638
892.148
345.103
241.005
725.913
442.366
212.714
342.998
525.925
62.1052
280.221
401.166
446.181
386.029
946.989
807.886
38.7585
70.8029
803.766
607.379
219.916
719.779
484.664
66.1031
185.247
262.215
153.325
337.992
37.7209
194.403
405.56
882.321
159.917
587.848
869.015
789.331
861.568
271.676
281.32
670.614
333.75
94.9736
328.318
269.997
441.084
675.283
22.9499
451.613
382.946
540.056
906.583
720.786
755.089
66.4693
853.725
934.69
42.9395
126.865
761.803
358.745
77.8832
844.935
906.583
724.693
487.381
369.945
245.064
447.096
670.797
74.5262
446.974
654.195
331.736
82.6746
935.698
189.55
98.3306
534.074
720.511
240.455
262.551
490.799
301.096
749.931
169.958
893.155
425.428
267.495
291.147
470.412
982.391
396.588
506.149
12.8483
810.511
493.027
632.618
911.527
704.062
772.21
729.972
371.593
397.473
480.575
209.601
206.153
809.595
287.942
283.456
615.925
328.898
556.505
781.396
861.782
421.247
643.269
869.106
236.152
340.709
891.964
697.684
239.357
225.471
470.382
516.068
367.321
359.783
710.044
277.535
416.913
882.9
103.732
271.767
714.957
726.798
617.756
813.318
177.557
63.5395
474.624
518.174
605.64
43.733
62.9902
199.469
122.959
107.059
130.589
913.327
163.121
646.626
916.684
186.59
911.557
307.749
380.139
957.579
608.844
703.116
179.662
260.292
621.723
824.824
562.09
185.125
687.796
935.209
814.997
145.024
240.272
217.383
440.26
980.468
219.337
966.826
704.581
933.042
275.613
604.938
722.892
19.5929
772.973
296.609
731.559
838.252
495.987
452.132
707.175
336.68
469.039
895.444
987.182
575.274
792.81
979.247
48.8601
15.1677
904.63
429.151
102.786
363.201
168.981
197.089
656.789
504.532
204.26
106.174
707.053
554.552
852.168
567.4
712.333
561.296
195.746
150.212
7.72118
889.157
532.945
287.759
813.99
815.821
710.868
897.916
498.917
373.089
728.263
201.91
246.895
963.408
11.2308
521.409
792.962
782.586
269.57
334.971
377.392
580.859
339.061
376.11
577.502
792.871
916.349
53.2853
172.46
567.919
592.914
973.388
697.623
732.2
93.936
850.002
844.447
213.538
128.513
577.96
362.651
960.631
757.408
754.845
620.319
887.387
684.591
430.952
478.469
874.05
379.223
369.488
636.464
356.182
433.454
597.217
104.282
532.914
63.0818
527.757
958.037
725.272
157.018
438.154
34.8216
916.41
781.823
580.523
723.563
4.69985
547.472
709.311
507.37
801.05
740.837
306.131
414.502
301.065
632.954
283.059
33.6009
264.809
866.359
445.479
249.702
633.503
328.593
496.292
356.944
816.004
418.683
862.056
704.978
375.347
112.003
122.929
534.288
147.099
730.583
327.219
157.628
320.475
824.366
971.862
143.193
513.688
70.4062
930.357
656.026
374.645
595.843
109.195
613.91
738.365
630.573
113.956
814.02
872.036
896.756
706.351
686.361
839.625
640.553
333.842
830.561
516.495
713.004
512.375
992.157
285.867
605.518
344.279
634.236
948.149
847.163
951.781
761.681
874.233
669.271
108.158
152.776
934.538
344.005
847.163
656.148
234.321
102.786
332.163
707.602
187.231
41.4441
766.747
724.54
957.549
917.447
626.911
533.25
803.278
246.315
997.314
485.733
350.566
603.137
292.032
422.132
331.309
535.02
141.514
135.411
814.508
991.699
726.524
493.881
463.332
679.434
340.831
878.292
848.75
245.247
463.668
89.816
350.841
697.592
123.02
384.869
679.769
969.329
831.385
792.84
546.403
29.6335
874.874
373.73
515.213
451.216
237.19
571.429
569.872
838.435
939.787
318.461
422.712
23.2856
78.6462
49.6231
100.04
435.347
340.556
279.611
833.735
551.256
278.207
901.456
790.887
831.202
126.957
861.934
672.536
47.3647
443.556
370.22
712.943
411.817
348.369
296.06
110.141
408.826
652.669
913.358
419.904
739.036
651.448
645.985
943.205
280.953
864.071
971.74
639.79
476.302
502.823
140.69
597.766
45.5336
951.872
864.345
591.51
439.558
36.6527
631.489
758.415
934.141
366.039
807.703
926.237
773.003
527.512
173.803
621.967
266.243
417.554
60.4572
293.741
249.794
487.747
734.397
776.605
812.738
188.36
192.969
533.982
698.05
390.301
23.2246
705.557
283.975
66.8355
481.674
493.24
551.286
16.3884
450.697
916.105
943.266
907.712
428.755
465.743
524.522
428.144
209.418
693.472
344.981
817.286
406.629
260.018
414.93
566.088
481.46
479.812
197.943
563.616
427.503
890.286
27.5277
472.06
770.318
878.048
353.71
611.713
37.8735
892.788
226.142
136.753
357.86
280.618
919.767
783.593
338.084
267.312
109.043
972.35
886.502
123.722
497.818
543.474
126.804
43.611
309.824
910.154
66.1031
765.984
547.258
907.987
170.66
472.64
423.078
123.325
506.149
992.401
873.196
981.262
598.651
843.165
555.254
374.523
672.567
143.223
239.814
115.024
421.705
923.002
0.457778
988.525
969.97
868.068
108.829
694.082
177.374
25.544
41.2
449.873
948.576
504.471
502.487
545.946
699.087
701.193
874.142
625.568
636.25
82.0643
992.065
976.44
10.8646
53.5295
660.878
612.751
995.636
951.506
810.968
429.67
346.873
681.051
703.879
211.249
505.936
38.0261
93.2646
773.217
295.816
243.263
747.002
21.3935
870.266
720.908
236.702
208.167
70.5893
652.394
401.471
166.54
847.438
336.802
391.186
804.59
902.768
889.462
696.615
640.767
209.113
309.091
71.8711
661.306
562.059
446.028
755.669
281.472
821.833
901.517
897.671
691.275
0.976592
390.332
596.393
367.229
853.908
597.217
454.299
31.7087
124.332
58.8397
57.0696
840.266
107.669
102.512
282.754
79.2261
683.706
372.6
847.285
154.057
476.394
976.104
992.553
149.998
296.945
778.71
723.441
746.269
526.261
882.534
499.802
764.946
592.914
816.584
789.819
136.021
203.436
471.48
390.82
559.709
480.667
309.488
924.253
646.962
666.28
881.436
410.23
820.154
544.389
180.975
328.898
754.54
242.012
868.74
74.1295
642.17
562.609
896.146
206.091
58.9618
509.14
561.419
408.704
717.063
152.837
528.123
558.977
882.717
504.135
838.099
813.166
741.661
541.215
449.538
117.435
493.118
53.7126
331.95
48.1582
453.322
456.771
648.824
388.836
950.224
231.819
59.5111
349.223
290.323
151.219
671.651
833.766
579.272
941.618
674.734
664.724
676.87
543.413
187.323
166.784
68.4225
622.364
347.728
19.3793
933.256
488.784
180.364
782.434
191.473
81.7896
268.777
2.56355
811.06
173.956
766.564
305.612
155.37
452.925
777.245
381.42
653.34
636.311
634.693
267.8
572.954
276.04
115.329
839.29
179.662
408.368
112.796
907.498
60.6403
705.863
807.276
838.862
896.451
287.515
859.645
96.1943
461.043
843.532
662.893
610.553
131.87
230.415
180.944
389.08
690.603
193.579
406.842
265.786
696.28
372.57
971.16
200.842
212.195
246.101
932.279
35.2184
167.18
172.765
279.397
106.479
133.061
183.599
179.785
632.13
799.493
682.821
501.267
267.006
927.091
713.157
641.469
740.501
60.5487
941.862
194.983
980.285
782.678
23.4382
489.639
628.498
790.521
496.017
523.026
356.792
575.396
866.695
330.851
886.624
987.304
42.909
318.186
120.457
465.59
765.77
584.735
291.116
216.803
201.209
775.445
534.379
121.036
346.232
487.96
792.108
648.122
405.103
767.907
451.521
564.684
793.298
723.136
627.003
713.614
923.887
788.598
490.768
647.114
433.912
672.658
558.702
394.147
6.34785
516.587
337.382
144.383
443.831
297.708
238.838
129.124
150.639
8.54518
169.012
480.697
679.495
642.079
696.28
351.848
498.428
515.152
206.397
75.8995
635.243
961.089
950.072
649.434
354.625
922.422
389.111
318.216
525.224
475.539
747.978
548.112
831.904
818.14
176.397
161.931
490.463
750.633
429.731
923.46
620.197
183.264
472.976
350.047
930.967
699.728
915.159
35.2489
881.222
708.457
679.708
261.91
962.584
213.477
817.652
188.025
268.014
735.282
869.503
385.846
999.207
413.526
682.302
15.9001
69.5517
822.718
87.9849
416.883
459.67
531.571
349.284
392.926
480.178
938.536
779.473
979.339
599.933
413.129
442.152
968.139
994.11
275.826
337.474
974.517
469.924
646.596
980.956
325.755
925.047
694.235
780.755
553.392
995.758
316.965
120.64
770.379
50.6912
786.401
553.819
714.164
186.621
384.991
14.4353
737.053
382.275
569.506
453.017
525.04
466.872
690.786
801.935
826.502
59.0533
801.477
677.114
971.77
133.091
582.934
722.465
465.194
367.931
922.544
3.02133
430.433
936.064
172.43
353.343
190.68
887.814
621.601
86.8252
764.977
787.774
211.463
973.266
561.51
759.331
27.5582
889.401
49.8672
593.616
597.278
50.3861
692.587
79.2566
525.864
227.058
917.997
209.143
501.297
855.892
415.204
420.148
199.774
447.707
532.853
522.446
122.745
201.88
62.2272
474.685
896.878
231.239
186.712
660.848
67.9037
305.033
878.323
825.434
920.408
515.549
522.904
323.099
353.648
774.743
54.9944
839.137
345.744
547.258
383.679
236.457
36.5917
726.218
390.851
686.483
961.73
57.4053
282.785
738.639
466.994
19.0435
576.678
486.435
837.092
562.456
503.098
484.787
167.455
620.472
105.625
575.945
511.948
789.789
819.33
279.672
337.077
93.2951
808.466
904.324
814.081
228.675
845.729
34.5775
980.224
209.632
13.4587
552.843
300.394
806.055
8.5757
849.483
660.451
688.955
331.919
379.284
323.344
687.185
144.017
219.794
879.482
61.2812
67.9647
787.5
722.343
201.544
720.664
368.816
80.9656
655.782
254.006
621.754
140.08
893.674
687.124
704.367
279.58
713.675
310.678
186.529
964.141
698.691
944.884
401.105
314.707
626.789
332.102
390.851
893.033
243.324
445.723
107.334
729.637
300.668
996.033
17.9144
128.025
271.645
914.64
777.276
275.063
643.086
98.9105
119.602
189.306
195.776
197.211
627.857
38.4533
176.977
716.3
535.997
357.402
771.722
232.49
220.893
197.607
779.107
987.64
539.903
739.677
900.143
650.594
670.125
399.762
542.955
526.719
606.372
961.669
552.08
995.239
973.113
765.313
767.388
456.709
307.321
483.413
819.88
571.52
468.398
516.892
69.6127
70.3757
331.004
541.093
92.8068
918.638
417.554
233.222
623.707
115.146
626.453
713.218
357.982
907.346
712.088
728.05
523.728
703.299
673.177
112.094
626.057
462.722
705.557
553.88
272.042
847.194
875.607
200.354
481.948
911.924
170.598
131.108
392.712
619.343
82.522
232.154
760.796
956.603
380.932
501.877
169.591
937.559
231.849
319.681
348.613
270.821
318.461
708.853
509.781
975.249
119.968
124.607
108.066
723.594
5.12711
799.219
931.791
196.326
296.274
174.444
929.35
226.356
960.265
453.658
678.793
15.6865
82.7662
803.949
905.85
206.03
782.189
240.089
957.152
84.0175
718.65
721.488
634.938
702.322
855.678
492.782
299.295
198.218
629.597
200.537
643.941
90.5484
183.63
816.065
52.4308
836.482
822.596
896.115
940.672
429.243
344.432
213.233
991.577
318.308
405.286
285.958
689.291
432.814
573.687
840.785
57.741
589.923
230.598
737.205
11.1393
69.216
971.435
386.792
221.564
634.236
666.158
197.607
910.642
782.647
834.071
75.2892
471.236
506.058
488.968
512.101
325.663
341.075
111.515
294.931
926.023
992.279
904.782
363.994
303.751
309.03
989.105
852.931
74.2821
896.939
692.801
841.67
302.713
145.207
594.714
853.969
137.211
951.506
475.051
629.688
616.382
925.108
830.714
204.169
556.566
349.925
111.026
825.373
925.443
688.681
331.034
739.952
608.295
908.933
217.2
380.139
973.174
413.068
543.321
981.903
140.782
852.931
811.518
166.021
366.283
610.218
935.698
513.688
438.063
224.433
82.8272
666.952
500.717
549.394
329.02
986.145
208.045
919.126
285.775
295.114
612.293
105.106
353.832
745.811
695.975
345.836
759.85
332.621
952.635
229.56
32.4412
89.2056
922.544
712.088
74.2821
497.604
89.816
50.3861
485.855
141.606
47.2121
933.805
297.433
135.777
334.361
593.28
765.831
360.82
856.624
170.812
391.308
36.8969
289.773
129.673
812.037
666.28
377.697
986.908
731.162
876.034
528.489
149.358
533.921
192.785
615.986
134.77
749.962
280.007
392.499
958.251
17.8533
669.637
419.019
966.552
707.938
518.937
919.37
900.784
859.127
424.268
464.461
468.642
587.115
822.443
892.758
207.923
618.915
11.3224
373.455
922.117
110.904
321.116
18.4027
469.588
406.384
466.628
949.034
187.658
888.546
613.117
224.769
732.353
585.742
185.827
539.079
615.864
684.652
955.26
88.9309
222.083
608.203
428.602
524.918
582.354
813.837
79.6228
387.249
691.702
969.054
447.31
934.538
647.908
660.054
634.968
771.264
393.628
289.682
241.096
180.609
343.638
321.36
252.998
568.316
677.755
524.613
934.69
924.223
581.225
379.254
239.906
707.602
213.752
293.527
782.311
62.7155
687.918
793.39
892.788
770.592
839.015
338.298
796.655
843.287
66.7745
920.835
440.84
167.15
31.0678
105.014
2.68563
101.077
481.887
660.939
612.018
436.079
5.52385
451.003
316.721
622.547
968.383
724.601
824.366
671.072
438.459
476.943
50.0504
633.747
367.656
28.901
2.31941
71.3218
814.173
483.749
38.1176
413.526
487.655
216.742
18.2501
617.481
397.809
54.7197
394.33
31.9224
887.783
301.065
758.812
872.28
833.216
262.581
888.913
213.416
289.224
434.767
816.248
906.43
365.246
1.37333
952.849
325.114
610.096
804.926
805.048
349.284
687.735
443.709
306.772
490.158
625.568
652.516
303.049
564.867
415.967
622.517
215.033
825.953
252.937
416.852
418.165
952.3
184.393
138.31
364.33
807.428
462.02
5.12711
979.492
371.807
369.335
991.211
367.779
755.303
810.022
187.017
353.832
695.547
436.537
537.767
893.857
449.477
601.856
114.139
887.265
483.2
913.907
573.199
420.118
867.214
675.344
964.537
971.252
782.861
989.105
538.408
612.384
46.3576
811.213
712.333
734.214
56.8255
732.261
851.863
328.379
73.9158
768.395
22.1564
358.013
232.398
943.632
366.741
246.803
198.889
944.151
268.838
19.1351
877.59
626.209
953.001
121.158
70.925
659.078
681.692
455.367
501.877
83.4071
204.291
658.742
103.427
67.5069
614.185
156.865
982.177
641.713
270.119
24.3538
961.913
692.587
938.536
182.989
113.407
998.321
812.738
969.512
177.129
586.23
565.142
603.29
284.371
193.793
89.2361
586.047
883.694
114.536
87.0693
564.135
278.573
209.815
158.696
685.232
682.882
367.901
549.821
980.163
199.866
191.687
213.996
801.599
631.367
196.02
345.531
850.551
523.392
296.121
39.0332
821.863
354.198
868.221
232.704
200.415
271.249
163.762
590.625
238.716
283.242
358.44
480.819
647.42
313.364
16.9683
705.588
29.9997
20.3558
255.593
139.592
592.944
793.176
382.488
932.829
162.328
825.8
298.563
433.821
38.5754
678.426
438.887
490.28
720.176
231.3
536.424
282.601
27.6193
437.086
989.502
346.995
659.627
778.649
113.62
944.182
711.356
837.977
59.8468
430.128
187.475
882.717
680.013
785.18
40.4065
876.553
120.518
957.06
765.038
819.758
426.191
175.329
81.4234
825.831
934.66
892.27
736.961
840.907
743.492
507.035
958.22
412
30.549
529.527
585.253
410.199
509.262
339.671
418.226
115.299
799.615
198.828
808.283
567.98
996.918
669.332
23.957
595.813
218.635
98.4527
424.329
419.233
411.176
323.283
969.512
244.118
197.729
252.083
100.925
746.727
48.2192
479.476
521.683
857.326
552.904
590.594
908.506
749.382
80.7215
311.136
86.642
439.558
603.687
159.337
699.24
905.576
968.261
756.218
901.334
127.873
395.734
450.117
111.209
961.364
492.08
412.03
349.559
243.171
548.692
858.058
197.18
43.7025
415.693
554.674
903.867
465.743
728.599
263.833
678.365
899.014
769.738
283.609
691.549
136.143
745.72
740.654
823.542
256.05
762.2
791.223
686.331
681.082
277.108
386.212
952.91
314.493
313.639
757.286
524.552
164.037
214.301
279.733
566.912
358.135
217.261
868.618
946.745
961.119
636.036
564.165
100.192
493.118
924.131
463.393
863.979
561.815
405.683
652.974
300.577
511.277
953.276
300.882
49.1653
494.888
394.238
562.304
232.795
878.384
926.908
455.977
453.719
378.979
327.677
368.023
907.651
847.468
230.506
338.511
148.656
98.5443
259.804
787.744
535.569
697.012
298.074
838.038
891.263
104.465
669.79
887.722
405.927
94.3327
522.172
593.158
316.263
840.083
184.851
915.159
390.637
583.88
789.148
386.273
752.525
291.635
928.098
254.921
73.1223
200.354
639.271
662.893
664.144
664.449
490.799
511.887
502.335
207.129
51.973
176.305
717.032
183.294
530.381
717.643
571.551
959.593
855.831
757.103
470.321
18.5858
993.011
662.801
22.309
893.155
763.878
207.556
692.74
336.772
961.089
353.832
73.3665
636.83
33.6314
321.451
303.964
476.394
126.102
595.294
674.52
251.381
752.495
28.2907
941.16
248.756
886.227
696.677
385.54
592.608
747.49
663.045
150.182
363.72
68.8498
304.453
880.093
799.615
120.853
360.576
202.277
980.499
278.481
359.294
74.6788
908.109
409.955
575.213
535.173
383.343
869.167
177.862
882.504
588.733
372.478
725.303
819.697
782.556
542.192
659.993
592.273
10.2237
396.619
962.676
651.082
239.967
568.957
620.685
872.402
827.906
536.18
67.2018
865.444
720.054
638.356
247.139
399.518
296.64
170.812
466.414
481.094
265.328
329.508
680.715
112.735
509.476
291.147
379.864
265.053
297.555
209.51
724.113
92.3795
760.613
408.887
88.7783
924.406
43.0921
556.047
673.269
63.8447
33.9366
92.0438
330.638
922.666
84.048
704.978
274.422
526.658
616.169
125.004
818.506
921.232
33.8145
23.0415
806.269
508.194
835.139
293.863
885.769
845.82
337.992
505.6
286.691
942.808
923.063
796.319
255.531
577.807
200.079
999.115
805.2
675.527
4.88296
277.017
935.301
270.669
632.313
48.9212
979.553
91.0978
211.646
487.686
236.244
291.391
631.397
371.929
538.102
367.87
918.485
572.283
918.058
786.828
479.324
954.131
26.7037
356.609
108.127
977.081
458.266
875.24
169.195
773.37
640.706
84.5363
859.188
985.87
446.821
462.447
955.901
146.977
182.012
884.152
959.319
880.184
105.594
683.615
31.8918
704.459
141.179
147.069
643.605
724.326
933.073
969.207
328.227
985.046
904.386
703.238
457.747
775.658
473.586
736.808
439.924
660.36
85.3603
824.366
246.437
519.608
212.165
707.266
677.084
382.275
982.727
853.236
266.61
329.997
593.86
846.156
240.516
255.318
161.626
457.411
425.733
754.112
168.31
930.296
522.629
934.477
161.107
508.255
644.948
422.712
859.371
738.975
533.036
347.789
325.938
584.674
347.575
585.528
359.508
870.54
449.477
44.0077
763.695
102.145
72.2983
271.065
649.434
183.599
293.619
165.319
426.832
66.7135
211.402
72.0237
642.598
863.704
731.742
44.9232
319.651
453.597
874.111
555.284
954.711
114.383
0.488296
429.67
830.439
211.432
874.783
297.159
798.273
474.013
957.915
327.83
188.269
890.988
846.339
543.474
2.10578
756.737
258.797
481.643
45.4115
899.014
478.439
494.797
155.98
619.251
655.965
465.041
183.935
377.392
880.795
216.559
879.971
752.007
425.611
406.262
348.094
706.87
71.3828
174.23
219.092
695.7
918.394
335.49
201.056
635.884
589.923
393.475
162.877
282.601
234.962
157.598
407.3
34.6385
235.817
245.247
289.773
703.085
27.0089
249.763
839.198
274.026
931.883
856.014
536.79
196.936
422.864
684.011
909.482
229.347
712.149
142.827
93.936
369.762
78.2495
75.045
27.8939
909.391
835.536
473.739
423.963
134.465
352.214
52.8581
183.599
710.196
23.896
952.574
406.507
277.535
607.868
360.271
651.875
294.137
825.434
329.295
607.99
650.624
637.989
575.732
826.319
93.6613
102.878
535.234
676.016
986.785
216.071
460.86
175.817
440.291
646.901
843.074
858.821
341.899
771.966
933.287
326.731
318.491
914.151
652.12
649.953
161.229
192.633
663.991
269.631
744.591
890.835
898.434
557.726
970.763
748.009
300.333
691.641
770.714
80.813
89.9075
999.664
693.381
141.667
313.425
433.18
113.559
618.976
966.582
322.214
590.655
686.819
470.931
70.3146
408.582
509.354
785.607
945.219
829.035
606.8
934.629
621.479
88.5342
988.678
231.605
631.306
671.194
461.135
983.154
379.711
887.692
14.3437
951.689
880.612
292.581
696.097
359.6
869.594
970.519
878.018
715.567
450.148
222.816
320.627
244.209
929.289
685.812
943.602
200.873
998.566
411.969
707.053
852.077
917.631
945.372
510.758
403.302
855.403
922.147
516.923
655.599
46.0524
228.034
803.125
671.529
915.738
243.629
751.671
232.368
835.81
208.625
81.4234
367.626
659.841
236.641
928.556
737.785
699.728
11.6886
882.138
152.135
297.525
697.47
381.329
2.50252
649.464
90.6705
380.23
894.223
37.7819
549.974
686.087
255.44
127.445
731.468
878.018
206.732
483.261
661.977
211.951
471.114
963.988
181.616
418.012
606.616
149.785
286.691
796.991
342.448
459.09
404.157
521.439
299.753
110.965
129.124
548.814
878.445
589.77
456.374
51.3932
591.327
767.693
37.4157
770.653
626.728
341.929
493.942
201.239
920.896
742.607
319.376
11.7496
521.348
167.364
399.579
607.715
522.629
899.716
683.767
243.477
355.358
565.966
37.1715
589.404
710.379
488.876
806.757
159.948
878.475
792.474
130.619
509.903
787.835
415.357
523.362
603.839
519.639
688.711
767.632
266.152
583.728
634.388
643.788
117.13
734.916
640.645
528.703
901.73
611.988
670.583
394.879
617.023
979.919
660.268
241.157
344.981
856.899
262.551
486.496
196.448
307.535
592.73
357.768
272.561
183.172
132.481
802.973
50.1724
590.686
448.347
960.997
97.4761
371.227
880.612
719.443
525.437
369.823
859.584
391.552
82.522
777.306
4.63881
43.3058
297.617
325.663
663.167
502.579
578.478
618.488
44.557
580.706
671.224
376.873
607.074
538.499
387.463
883.114
851.924
327.647
5.43229
402.631
182.562
638.722
251.076
865.749
984.405
286.813
265.206
590.411
581.256
966.857
463.851
327.342
225.44
908.689
696.768
408.521
777.001
464.339
611.469
280.526
228.736
157.933
628.437
203.864
733.177
229.591
433.943
399.579
287.729
205.084
396.588
424.451
734.458
521.775
814.112
55.7268
230.171
742.668
396.283
467.238
844.02
389.599
890.683
977.294
437.635
926.695
256.996
150.609
485.458
925.504
296.64
534.684
990.081
943.113
143.559
812.22
149.968
144.292
522.629
650.807
935.331
199.194
181.89
31.373
228.187
487.32
404.981
336.039
683.645
139.897
9.64385
977.111
967.437
951.079
739.189
848.445
527.268
689.413
452.223
380.291
553.423
841.334
18.128
478.866
284.89
317.27
323.313
131.809
317.698
151.952
295.358
961.272
71.2607
730.125
350.841
504.959
69.3686
568.834
173.345
507.645
191.687
187.841
227.729
3.02133
552.324
98.7884
916.898
468.337
161.504
445.143
787.591
832.179
27.0089
323.435
691.153
617.206
850.734
317.82
305.582
998.932
977.813
278.176
925.23
61.6169
753.471
874.294
924.223
32.8684
944.761
956.053
800.195
777.825
382.519
251.9
204.016
334.361
480.789
436.506
862.514
770.898
788.934
98.3917
799.463
147.13
233.619
639.698
762.291
860.103
206.397
638.325
259.59
155.889
152.959
704.917
116.55
88.8699
821.009
364.36
954.009
709.159
822.321
994.812
497.543
760.094
665.548
353.832
123.325
666.677
916.166
724.235
545.976
96.1333
639.21
210.028
55.4216
872.311
781.945
214.057
209.265
524.216
651.967
628.681
385.754
251.473
147.16
770.226
104.953
586.23
894.284
589.282
523.423
534.043
951.353
187.384
8.9114
474.258
231.422
171.606
201.788
601.733
302.988
878.231
468.52
190.466
723.319
997.04
154.424
461.013
561.815
626.972
541.154
332.438
268.654
294.931
915.799
840.541
545.61
968.505
657.308
503.159
374.828
594.195
747.002
413.984
862.362
192.236
608.905
346.324
52.1256
39.4299
686.636
647.633
367.138
971.007
662.679
206.427
833.552
332.682
726.554
272.897
744.407
614.917
798.242
413.923
919.126
299.478
112.613
384.32
214.759
950.438
71.6575
195.349
445.57
80.4773
770.501
161.809
367.107
824.03
103.458
208.563
880.795
947.874
856.502
218.604
115.665
231.3
692.068
702.872
543.352
746.574
433.18
573.87
782.098
70.7724
552.049
304.056
247.078
960.936
270.425
250.191
302.286
522.874
177.374
424.787
70.6198
405.866
770.928
496.445
558.641
53.6821
829.737
299.539
251.839
543.535
21.0883
635.304
836.97
44.1298
651.753
644.887
207.465
424.451
966.979
535.997
408.521
43.5804
905.362
944.548
677.633
254.067
714.652
711.905
237.159
648.946
335.032
359.691
995.331
584.246
956.511
43.1532
811.213
8.45363
656.087
263.985
480.941
129.46
521.622
124.485
100.497
950.804
167.882
403.79
961.913
208.35
51.7289
237.678
638.63
738.701
492.203
683.218
417.035
810.114
802.026
949.339
729.637
448.042
436.506
574.511
746.3
285.775
566.759
333.445
780.328
971.801
982.238
152.928
665.059
664.907
730.308
819.208
757.225
648.762
397.961
757.195
723.869
596.606
442.64
663.503
768.487
517.624
477.859
274.27
452.864
916.318
920.408
48.6465
771.081
195.807
904.904
49.9283
631.367
836.909
872.433
805.048
402.783
383.343
739.067
423.688
682.302
765.313
50.6912
758.782
939.116
991.821
30.7016
888.913
191.839
743.767
926.084
704.367
375.5
898.282
558.885
878.109
553.911
516.312
489.059
2.34993
634.266
324.137
694.54
172.979
739.708
220.252
175.512
801.965
896.573
839.076
388.714
939.756
192.145
702.383
917.692
888.791
59.5416
989.959
286.111
389.05
845.607
460.524
319.651
157.384
318.369
554.643
963.073
61.3117
270.241
209.967
958.373
709.098
873.104
421.125
290.963
736.839
941.649
74.7398
809.32
574.419
760.949
91.1588
924.65
970.885
635.273
404.126
797.296
60.9455
813.135
809.412
915.372
253.945
946.135
214.026
472.243
725.944
736.93
317.118
449.385
796.869
933.134
253.395
810.083
973.785
322.825
231.208
711.142
940.947
888.76
695.578
138.249
278.909
776.482
48.1277
871.456
193.121
233.528
454.787
186.804
33.4178
175.604
772.729
200.903
886.196
535.6
127.537
263.985
19.5929
52.3392
172.185
308.145
463.881
655.11
558.916
557.085
507.584
99.8871
654.988
503.067
391.034
13.947
34.1197
558.123
978.24
4.85244
774.59
285.073
688.772
990.204
94.821
614.856
470.473
404.157
358.684
956.572
94.6074
437.544
980.59
606.281
554.277
967.009
262.764
360.942
847.774
330.027
695.181
743.583
928.007
602.008
749.351
746.117
99.0631
531.358
698.111
495.956
641.316
789.209
491.531
752.678
946.318
689.627
220.985
641.194
942.686
37.0495
202.216
527.207
94.3022
256.722
208.93
441.694
752.068
464.553
887.906
960.479
140.141
632.893
886.99
945.036
758.66
508.103
727.439
50.8744
483.261
436.293
951.384
409.925
143.406
753.716
576.159
392.651
860.53
897.519
386.242
856.929
926.817
893.918
94.6684
789.087
506.607
379.07
904.691
744.133
941.374
809.87
502.853
990.844
938.993
20.0201
15.4424
768.12
429.518
778.405
958.617
559.252
368.053
505.387
714.164
789.636
266.06
803.888
561.876
854.701
732.475
960.784
799.799
884.335
805.933
75.5028
983.551
149.663
359.111
971.892
816.095
518.723
356.792
549.12
719.26
867.244
248.36
728.965
617.939
850.764
276.742
654.347
968.566
944.273
984.222
296.487
562.822
155.736
696.982
126.53
138.401
319.651
269.387
7.56859
327.128
376.995
869.35
963.988
972.533
547.685
85.6349
983.581
347.697
801.874
139.164
509.69
304.941
536.302
478.713
778.527
888.089
862.178
542.772
658.65
439.1
410.291
968.657
148.717
730.064
60.2741
30.1218
189.673
151.708
499.741
584.857
947.417
490.005
19.7455
312.632
222.602
321.665
453.108
526.292
143.925
560.289
661.153
335.673
800.226
183.905
475.753
446.699
968.749
675.68
502.762
376.263
595.264
208.411
692.923
364.605
182.47
104.77
86.52
765.801
742.576
603.992
638.325
198.584
470.84
466.384
528.642
237.587
796.014
447.249
867.183
927.427
963.958
170.904
195.471
899.655
810.602
436.567
694.632
375.195
880.886
486.892
504.257
832.209
549.394
270.882
58.9923
621.509
299.295
232.154
848.994
310.465
815.729
653.645
510.086
36.6222
49.8367
90.4569
650.99
652.303
910.031
921.781
322.306
941.588
735.832
552.873
534.959
690.725
211.951
299.448
733.238
893.368
877.56
484.024
629.597
871.731
887.509
777.123
306.65
595.111
182.073
313.578
993.377
976.897
720.908
615.436
420.911
431.257
937.62
852.809
165.319
471.023
71.6575
473.952
882.29
627.613
533.036
735.71
840.999
474.746
956.725
165.349
663.106
36.5917
102.512
485.672
672.933
362.285
257.302
34.0281
765.191
547.38
294.961
206.732
196.661
984.069
51.1185
960.265
207.984
121.006
168.554
900.052
881.527
514.328
69.3075
988.891
142.003
450.636
210.364
405.194
306.162
923.856
278.481
583.392
86.9778
246.529
480.85
966.765
459.7
77.517
587.725
504.746
295.206
146.458
883.267
425.55
167.211
457.198
680.685
315.317
239.723
250.649
558.336
35.1878
640.584
509.018
972.594
507.736
227.76
281.93
403.79
903.378
154.393
616.382
692.19
258.858
138.951
371.136
718.833
58.2904
846.675
697.439
88.992
808.649
288.553
466.903
973.632
140.172
644.429
427.808
765.069
464.095
415.754
371.197
703.909
717.521
314.859
88.168
132.206
228.065
797.021
399.152
530.564
228.553
640.828
36.9884
993.988
53.3464
484.268
664.48
303.995
547.746
721.671
808.191
252.541
721.366
668.325
989.41
373.852
177.038
399.121
833.644
741.081
346.232
166.967
439.955
983.428
62.4409
807.947
791.101
180.364
503.647
38.4228
486.129
789.117
35.2489
51.7594
576.556
261.177
984.68
319.468
787.011
505.173
878.628
3.96741
902.158
851.131
174.78
888.913
600.848
673.147
18.7994
233.253
518.693
326.67
57.741
455.611
820.429
556.261
841.731
54.5671
63.2954
30.3049
844.447
672.018
632.923
159.185
634.297
704.917
532.151
852.504
226.875
372.356
805.353
372.387
150.792
643.971
378.063
938.627
257.027
935.85
594.531
241.798
804.376
980.102
233.192
521.165
850.795
774.987
282.357
363.17
483.322
20.8441
256.63
876.705
916.776
949.004
335.856
401.807
992.706
949.095
107.181
407.819
110.355
901.944
192.389
736.991
120.365
623.402
540.88
850.307
212.531
325.968
669.881
231.422
328.898
504.135
633.656
605.09
133.793
149.815
1.80059
126.041
71.5049
704.154
629.17
195.288
543.077
651.845
497.543
59.1754
733.726
164.434
411.267
848.262
121.616
698.477
827.357
211.432
199.744
955.168
601.703
202.582
441.877
107.425
932.646
574.938
43.8246
701.163
282.815
140.141
471.511
135.96
561.083
348.064
346.69
132.908
345.195
743.217
702.17
94.2412
426.832
454.848
136.937
762.352
460.25
376.232
903.5
83.5597
995.575
189.581
457.472
683.432
678.03
893.216
501.968
859.584
894.742
986.419
56.8255
498.123
649.678
969.451
584.857
820.673
948.668
313.608
705.679
367.077
475.234
558.733
529.038
121.22
838.801
693.472
138.188
185.43
176.275
475.356
255.074
909.94
388.684
846.522
618.427
883.724
793.512
101.077
105.93
692.953
474.38
961.211
131.779
853.328
109.439
217.17
350.993
822.26
559.343
88.4121
201.392
497.635
996.155
961.516
314.951
108.982
854.762
661.092
329.447
907.62
387.707
910.581
131.657
561.663
104.648
138.432
63.6921
662.618
878.109
286.447
123.142
249.397
996.094
775.933
688.925
756.218
943.693
288.858
803.43
290.384
194.128
519.425
543.077
646.901
790.948
552.324
507.401
964.995
2.31941
24.8726
959.014
433.943
829.157
727.989
644.887
953.978
647.603
803.003
830.683
158.116
767.968
190.741
579.302
702.109
190.466
488.449
804.59
227.577
340.068
871.334
131.84
906.064
60.3046
234.718
96.1943
968.474
648.976
213.263
710.196
127.903
215.339
233.406
931.455
300.851
141.484
254.982
62.4714
533.464
927.915
358.928
612.934
539.445
205.512
836.695
656.209
755.303
194.586
937.895
211.463
319.407
392.621
932.554
682.15
881.314
771.416
643.788
882.534
647.145
265.725
107.7
683.279
567.797
833.888
516.373
807.55
75.9301
871.822
100.223
808.557
277.871
262.246
106.265
760.308
6.98874
839.473
528.214
692.038
644.673
551.653
744.621
298.502
114.963
101.566
721.793
956.603
959.655
347.209
937.284
580.004
898.984
243.11
680.166
342.936
785.852
604.297
884.732
804.315
358.104
473.556
153.6
463.454
696.249
373.516
126.377
278.909
792.444
224.738
850.551
181.158
136.998
211.066
310.19
110.813
728.782
373.455
769.585
613.605
415.632
213.721
87.0998
522.874
971.282
89.0835
656.484
761.711
814.508
679.159
130.741
795.068
777.459
306.253
586.261
763.756
828.883
390.851
281.777
831.141
158.757
822.535
670.125
774.255
530.412
528.581
817.53
349.895
306.528
20.9662
887.692
467.849
55.269
203.253
846.522
701.59
142.644
218.024
43.733
168.279
217.505
617.298
827.937
309.336
995.392
635.853
850.581
602.222
247.291
849.696
216.254
735.557
400.128
0.21363
134.678
278.115
654.256
266.121
230.72
373.333
25.2693
763.176
169.103
490.31
215.674
554.277
749.84
762.902
722.892
950.468
130.314
947.783
89.816
383.801
330.973
532.914
704.489
634.419
680.197
27.955
54.2619
691.61
354.869
967.04
842.006
31.5561
673.147
655.965
869.137
591.968
295.114
195.074
93.234
225.227
988.159
808.191
765.252
911.618
112.796
9.76592
53.0107
513.169
485.733
641.346
57.68
350.047
775.903
307.871
628.681
380.352
89.9991
246.315
883.877
264.595
903.928
156.621
841.029
96.4385
995.758
27.1615
66.8355
80.5078
537.37
485.305
749.962
938.688
0.305185
704.917
103.641
326.273
32.2886
401.471
505.417
39.2468
960.875
946.562
278.542
293.588
79.8975
132.45
523.087
858.242
376.171
618.854
901.334
322.733
850.948
591.754
785.15
281.045
93.8749
667.318
670.553
712.516
265.267
570.421
266.121
341.227
142.338
620.197
161.809
255.501
386.547
553.453
483.596
568.01
687.735
717.154
441.145
398.297
941.527
161.229
174.047
958.983
116.092
663.35
803.217
26.4595
964.751
215.979
93.6003
577.837
240.333
8.33155
634.541
874.935
568.01
433.058
943.815
776.94
632.282
149.937
401.868
562.883
834.925
737.419
422.407
44.9538
79.7143
963.134
765.465
254.219
840.449
204.993
399.243
479.69
168.371
53.8957
817.316
942.442
795.373
629.2
216.803
885.464
989.013
638.386
444.441
360.942
315.897
712.21
116.184
495.987
969.42
46.3881
817.255
518.143
818.14
881.405
787.927
321.97
831.385
850.795
2.65511
857.723
37.6904
730.796
47.4868
123.692
672.933
620.899
702.628
43.4889
674.123
87.466
636.433
8.81985
175.115
301.767
117.069
370.037
160.527
702.963
147.862
654.897
934.202
218.024
932.585
797.357
558.092
569.567
77.3949
157.048
918.577
702.597
435.286
611.347
575.488
861.904
998.993
500.687
50.9049
350.81
749.443
708.884
713.584
503.189
865.444
659.2
915.159
899.197
200.568
507.92
534.837
356.761
434.492
316.416
588.458
729.453
803.797
482.742
57.9546
42.4207
819.483
214.515
598.346
997.345
877.01
323.984
277.291
377.819
165.014
126.499
4.66933
386.486
779.351
723.93
807.489
444.899
448.012
453.932
606.769
487.503
774.285
786.584
652.882
281.289
403.119
449.538
275.155
801.691
18.0059
62.8376
102.176
196.692
573.901
64.9129
409.04
370.006
672.811
210.7
747.917
714.408
488.296
423.231
517.93
27.0394
145.024
280.282
630.94
137.486
959.593
916.746
928.953
279.855
448.744
624.195
510.025
740.44
512.009
929.502
618.641
811.914
693.716
432.478
256.417
585.406
931.791
185.095
170.232
611.896
698.904
892.85
373.241
963.683
942.686
719.291
855.525
727.775
730.644
975.921
640.187
462.081
6.80563
477.523
841.884
645.65
365.856
845.271
882.9
654.408
250.618
537.797
524.369
293.527
480.514
892.605
867.611
417.707
515.427
958.098
982.788
670.461
362.774
397.992
320.597
873.928
533.25
249.275
563.585
100.253
951.353
814.905
72.8172
956.023
227.699
472.518
587.024
110.446
198.675
680.471
329.325
599.567
139.744
962.188
179.083
936.308
559.313
150.517
63.8752
559.13
978.393
673.208
228.706
649.495
603.168
159.978
538.408
849.666
296.426
154.027
469.497
912.32
753.777
207.648
947.63
812.86
291.421
144.108
687.094
356.212
151.585
766.778
188.452
808.618
731.407
796.625
50.8744
586.138
642.293
319.803
754.723
531.388
5.43229
525.987
571.398
809.046
890.011
18.891
756.462
951.75
299.814
480.728
681.967
87.9543
615.65
970.885
64.6382
882.534
898.434
641.041
946.043
221.046
960.173
147.374
580.676
170.446
608.783
541.368
889.004
245.247
972.839
920.194
630.757
512.467
312.723
618.244
955.412
565.294
224.525
221.107
485.702
897.153
642.293
182.684
590.838
707.633
546.007
327.403
5.18815
671.072
780.358
18.1585
449.049
699.362
891.263
271.798
407.514
230.232
386.395
602.954
723.93
72.0542
325.602
877.682
163.945
336.589
647.542
958.037
606.555
490.768
139.195
419.141
18.3721
59.1754
454.024
119.572
867.275
7.81274
85.1466
906.43
131.809
340.861
700.156
236.702
562.609
941.771
742.943
995.727
351.878
189.428
710.044
294.076
867.458
381.329
6.50044
524.552
607.44
494.217
788.415
459.67
31.9529
314.28
697.775
671.926
427.992
467.421
896.359
57.1917
463.637
381.359
304.636
743.339
588.305
710.532
452.04
164.068
934.446
255.104
844.6
581.072
877.926
905.667
256.691
833.796
912.595
643.941
852.748
599.384
995.666
132.084
545.183
943.724
19.8981
920.804
495.163
444.441
569.262
807.642
161.87
667.776
613.605
377.331
807.215
279.763
299.692
254.86
861.476
573.992
493.423
102.603
56.7949
696.127
230.903
892.85
734.611
347.27
733.604
487.106
232.673
246.895
144.292
53.1938
758.934
136.937
640.004
351.604
657.643
608.112
78.1579
421.827
474.532
529.557
832.087
701.071
726.92
363.628
972.32
105.045
785.089
146.336
449.812
103.58
771.416
415.296
437.544
321.146
883.297
866.054
486.038
694.296
45.9609
18.128
650.258
716.788
301.889
672.475
243.08
804.193
842.647
440.474
371.96
308.359
89.4192
127.232
915.159
214.118
729.026
249.062
93.6613
48.3718
110.843
467.33
295.083
33.6924
911.527
219.306
305.612
16.9988
473.464
327.83
606.616
205.145
723.533
870.418
891.751
238.289
77.7306
89.5413
461.226
632.282
238.899
625.416
649.129
121.708
292.917
851.68
940.245
934.324
10.0711
596.515
932.615
528.489
757.958
29.3893
801.935
824.824
931.455
995.178
424.299
463.057
307.169
576.678
813.379
115.696
227.515
167.18
28.1381
389.447
21.2104
833.766
207.709
345.958
566.424
252.937
889.401
172.704
402.661
999.969
265.999
35.7067
297.891
472.579
539.14
645.222
676.84
231.208
24.2317
565.111
816.828
36.0118
163.915
798.273
217.658
362.774
105.594
678.091
51.3627
678.274
0.122074
598.285
98.4222
256.905
677.206
611.438
76.3573
819.483
853.755
428.358
767.51
775.506
532.304
848.72
851.466
350.169
744.591
154.668
849.178
377.697
297.311
498.917
84.4447
41.3526
676.077
817.743
69.3991
342.631
763.787
300.76
219.733
579.699
529.679
948.973
306.65
617.054
345.47
251.259
551.256
227.577
84.4142
512.009
767.602
287.881
660.329
859.798
461.043
108.463
161.504
469.192
287.912
680.044
237.556
26.9173
782.495
116.916
893.674
972.93
758.171
79.0124
349.712
548.448
288.461
453.688
119.907
181.982
674.49
78.4631
969.604
244.148
304.758
786.096
904.965
703.146
814.295
552.995
852.412
711.783
448.256
32.8379
183.66
657.399
37.2631
255.684
742.698
705.985
490.249
774.651
530.778
371.441
210.974
40.8948
706.381
142.064
344.798
288.858
55.269
694.082
261.696
711.783
587.939
725.15
181.89
210.059
419.996
937.59
350.23
492.965
592.242
203.803
665.792
814.997
986.145
444.166
172.643
128.33
991.638
249.184
318.308
932.737
82.7662
777.306
386.029
603.534
958.098
958.831
7.08029
479.904
401.44
538.255
159.398
493.698
520.066
985.473
558.855
620.869
515.61
807.367
849.33
936.155
644.673
291.147
497.757
552.721
525.224
210.547
800.745
227.851
444.624
526.017
908.567
915.647
826.289
610.584
272.897
48.4024
510.331
32.136
425.001
827.906
5.31022
423.688
489.883
307.382
366.802
472.671
343.12
546.098
858.974
560.778
816.645
617.145
55.8794
85.4213
859.371
750.267
538.469
993.927
59.5111
390.484
843.135
562.029
434.034
454.115
819.147
947.783
892.3
563.28
49.8672
551.805
279.489
540.086
495.102
715.903
406.72
942.076
10.2237
790.49
973.449
919.584
898.618
102.359
788.568
176.855
153.264
854.427
197.211
317.972
544.633
487.899
118.107
358.623
209.845
539.171
599.139
685.11
900.479
521.47
296.182
242.103
544.725
863.643
782.647
229.987
280.19
436.598
94.7295
93.3256
613.697
698.935
419.721
81.3623
864.254
992.92
332.774
162.358
545.457
22.1564
489.059
572.558
843.837
42.2987
177.038
780.969
848.72
795.526
639.424
151.83
690.664
720.634
567.888
85.1466
244.179
469.924
677.908
917.447
551.317
263.771
769.982
362.987
621.784
114.261
183.203
777.856
766.839
449.477
48.0667
27.1004
122.318
169.073
243.904
236.854
517.319
663.289
467.94
212.439
344.92
825.495
321.757
803.735
591.266
590.381
821.894
998.962
678.762
29.0841
239.937
28.3822
280.313
531.663
679.769
259.072
760.277
109.012
296.426
161.596
398.663
345.317
564.684
130.619
55.0249
31.6782
502.091
440.046
427.625
13.1535
253.731
114.231
564.959
279.672
944.273
996.551
785.18
832.209
203.894
796.197
660.207
355.815
274.667
395.184
220.405
230.689
102.634
195.929
36.256
911.954
323.008
791.467
333.201
209.967
543.901
738.853
795.984
502.792
835.139
717.551
218.604
410.566
828.669
853.816
656.545
965.056
336.222
492.233
236.518
803.705
890.957
195.898
281.533
421.064
119.205
256.264
906.064
7.66015
348.46
494.095
738.121
908.017
358.013
632.527
925.199
229.286
678.365
23.835
78.7683
631.489
345.775
10.9561
315.287
830.348
518.143
704.764
48.5549
844.661
858.272
458.968
690.634
518.815
91.3114
823.328
917.081
352.031
641.987
256.478
652.852
165.502
758.263
380.383
435.408
638.508
27.5582
56.093
310.587
245.277
691.977
63.9973
918.363
623.096
668.111
668.233
923.978
903.562
678.854
847.102
451.277
37.904
402.234
471.267
674.154
647.725
44.4349
209.906
222.236
432.173
242.653
446.852
557.787
663.442
704.367
987.823
978.942
800.958
489.242
839.808
406.659
756.218
339.854
843.989
610.858
839.198
967.376
443.464
32.1665
917.631
698.752
366.985
856.166
820.49
391.247
509.842
494.888
516.831
21.1493
793.451
133.854
101.169
852.168
284.585
498.978
116.977
590.35
355.724
500.809
249.092
431.684
167.425
911.893
916.654
408.368
254.585
733.634
797.571
940.123
497.116
408.765
816.095
997.009
256.813
535.875
624.226
779.626
961.608
242.012
108.768
323.405
917.936
869.991
954.985
932.615
633.29
135.899
797.876
851.009
429.67
414.35
992.981
74.8924
629.139
305.979
537.37
715.14
92.9899
145.329
172.308
814.142
395.795
603.717
198.828
24.0486
415.326
44.3434
37.2326
52.9496
619.8
785.882
62.5019
284.433
833.583
929.807
745.811
477.432
762.719
909.238
634.022
952.391
61.4643
414.106
198.767
170.08
221.198
850.002
85.4213
109.073
62.5019
985.931
793.817
348.43
112.43
948.363
321.94
261.605
647.45
216.865
804.01
228.126
683.889
778.039
673.238
268.777
696.89
93.8444
382.061
11.2613
348.827
40.8338
209.693
391.827
9.15555
475.967
189.062
999.725
346.263
586.077
684.103
470.29
772.82
676.443
648.549
833.308
26.1238
555.223
97.8118
222.602
664.296
169.836
825.068
853.206
759.606
651.418
892.3
672.201
570.635
423.963
928.465
590.075
473.983
533.921
765.404
697.928
937.071
856.99
442.64
377.544
813.105
337.748
112.949
710.135
739.769
919.37
879.36
90.3043
922.361
318.155
95.0041
451.247
83.346
300.943
157.323
7.47703
858.882
620.106
327.342
921.659
423.78
263.1
605.976
800.958
626.667
172.918
197.821
430.464
415.723
95.4619
594.409
648.488
836.848
709.799
807.764
771.264
385.418
698.263
785.363
472.182
992.737
912.168
538.408
522.935
428.297
289.193
13.947
301.645
399.915
679.464
242.378
475.417
131.565
235.511
791.803
762.352
701.682
523.515
59.9384
180.456
921.964
11.0172
435.713
688.833
38.8195
88.1069
860.561
627.522
38.2092
278.085
821.833
863.033
835.108
793.573
309.091
44.3434
129.063
94.76
764.306
877.529
207.221
606.098
557.512
822.993
475.539
246.773
19.3182
123.905
1000
932.615
561.022
570.33
838.801
704.489
914.06
906.003
446.608
640.034
19.6234
284.097
932.768
204.962
600.391
678.03
453.688
199.866
944.456
653.523
521.836
959.136
934.05
408.155
511.46
957.884
849.208
485.122
143.376
483.627
978.332
66.5304
228.95
528.397
566.546
253.548
455.55
557.909
133.122
238.685
494.064
313.974
689.535
777.306
209.906
306.284
888.821
863.826
258.889
149.937
638.05
19.5013
849.025
404.95
204.993
97.9339
949.644
73.8853
350.047
13.7944
729.118
414.075
514.695
302.408
502.029
220.252
598.193
914.975
967.833
234.626
353.008
156.926
21.2714
839.686
931.089
174.78
916.807
690.695
611.164
898.129
67.2933
443.8
239.723
842.891
259.285
236.244
415.357
682.455
564.959
74.5567
949.004
992.34
732.963
787.408
630.665
74.8924
339.03
698.904
833.949
270.669
477.371
679.25
989.959
661.946
274.545
728.172
461.257
575.457
6.74459
748.07
847.835
789.972
101.871
662.709
255.623
855.251
807.642
538.163
559.496
428.541
806.879
861.446
191.229
35.1573
561.449
634.114
484.634
158.696
665.975
436.232
108.066
67.9037
992.309
117.557
616.443
286.142
906.522
271.645
653.401
109.409
339.457
149.541
835.353
79.6533
991.76
169.256
848.109
819.544
455.184
677.175
788.018
134.312
531.083
117.374
278.176
788.079
527.299
265.969
391.369
859.706
815.119
685.476
911.039
85.3298
426.832
56.7034
961.241
93.2951
975.982
543.626
537.034
938.017
680.715
847.56
966.521
838.771
772.332
107.242
835.749
529.984
69.3686
300.974
407.849
129.093
999.573
306.558
67.4459
928.068
849.544
276.009
821.772
15.0456
525.01
480.972
389.569
132.664
601.611
284.951
909.391
678.365
948.057
398.816
797.967
253.914
702.689
75.6859
790.429
670.003
885.25
401.715
693.411
812.037
423.933
338.572
882.107
273.476
880.551
674.276
73.0003
163.335
653.34
538.499
403.027
993.225
940.428
638.447
346.629
51.0575
243.416
871.914
502.091
167.547
694.052
473.22
778.191
280.984
983.764
348.888
12.3905
707.45
178.381
758.965
552.171
522.324
198.737
0.0915555
830.164
959.38
248.451
247.169
465.011
233.467
970.305
208.93
918.638
693.777
612.354
754.845
241.462
712.79
985.29
168.401
936.918
218.36
491.562
184.057
476.028
274.331
8.48415
463.271
494.034
616.352
905.942
666.524
199.408
548.845
980.01
777.093
27.6498
109.745
584.033
833.094
69.8569
909.177
738.06
724.113
308.206
547.655
498.123
208.289
189.52
21.363
366.527
806.513
567.583
19.4708
24.4148
729.85
546.037
520.402
167.791
496.261
253.09
593.28
728.294
393.2
78.7378
810.755
260.14
442.152
406.507
179.083
774.255
21.1493
370.22
992.462
800.684
802.057
667.806
517.045
961.241
158.208
962.615
911.71
832.759
699.576
904.141
290.872
382.763
90.2738
298.99
336.711
758.782
806.452
463.698
366.008
712.088
989.105
290.017
258.492
437.849
49.3179
54.8112
152.898
112.278
181.738
505.02
316.568
908.383
441.969
249.519
95.3398
771.447
545.335
988.617
349.803
735.679
42.1461
612.781
283.792
62.8681
26.368
701.956
72.2373
984.832
33.723
456.191
193.548
330.241
285.409
589.343
873.775
818.049
933.805
216.956
548.051
297.617
466.445
269.448
746.025
717.643
924.467
461.867
307.199
104.801
91.525
351.787
332.987
333.415
310.068
516.068
780.725
967.376
80.3858
378.185
107.028
955.535
99.3072
717.093
866.207
461.867
894.772
389.019
669.515
611.927
711.997
293.588
412.641
435.957
808.1
114.841
176.519
791.253
811.213
869.533
708.548
543.596
299.997
792.657
889.859
790.277
260.445
592.761
95.3093
405.072
575.762
607.227
852.565
686.758
205.512
889.218
705.527
392.407
210.944
757.744
689.932
936.918
281.594
841.609
325.999
39.2773
920.866
148.961
535.142
598.163
945.311
193.426
386.517
76.2963
455.153
707.907
80.1416
176.794
931.608
977.874
72.6035
91.0672
617.237
324.87
751.366
100.65
836.055
771.691
564.226
813.532
408.979
420.27
10.4068
816.675
821.65
574.114
398.785
25.7881
300.058
135.685
780.114
513.627
450.941
310.77
959.532
97.7203
622.669
150.487
995.025
469.802
643.086
962.645
88.8089
146.733
90.8231
123.173
277.322
25.5745
755.76
319.773
826.441
823.054
445.204
757.775
737.724
181.127
792.291
360.485
272.744
719.993
222.327
495.163
900.906
819.178
733.726
255.013
577.197
408.918
649.464
829.737
756.706
552.324
995.758
994.568
51.3627
99.5819
663.747
250.435
935.636
196.142
10.773
645.131
407.331
925.199
57.1001
807.581
9.70489
866.543
934.996
226.417
121.036
852.535
745.537
303.812
918.302
702.475
480.361
215.888
920.499
217.109
163.701
110.996
518.815
213.66
871.67
677.45
398.999
883.541
784.509
611.194
262.612
253.212
928.526
15.4729
753.563
30.3354
763.573
263.253
995.666
615.253
272.439
353.74
648.03
560.381
708.792
294.321
884.304
257.607
658.895
539.293
201.544
135.868
574.847
16.0833
466.17
149.419
434.156
771.264
101.688
838.618
682.821
766.198
825.922
743.95
117.618
854.946
842.83
455.123
864.559
474.746
895.932
75.9911
108.646
80.5994
89.2666
386.761
732.414
855.617
882.138
484.756
518.571
727.409
163.762
184.912
73.5191
222.968
814.814
961.394
127.812
192.267
660.695
711.203
369.671
932.524
224.403
121.647
468.001
743.858
184.149
922.483
441.42
448.073
942.259
803.705
28.7484
901.425
211.615
281.167
218.024
32.8074
26.2764
290.445
589.923
438.734
81.8201
790.338
631.733
65.8284
812.067
157.598
678.518
13.0009
108.402
653.859
637.288
983.459
88.1985
746.025
150.761
418.775
817.896
561.51
356.7
845.637
397.534
259.499
899.258
466.781
313.15
599.292
348.521
527.36
462.569
487.411
684.713
487.93
761.65
784.387
2.53304
535.234
736.473
152.379
93.234
462.203
8.60622
225.41
59.1754
448.531
78.7072
882.87
618.336
772.515
315.531
907.682
254.189
986.023
556.017
810.877
867.824
583.575
223.243
103.061
88.0154
696.951
367.962
794.671
895.962
845.973
540.33
405.56
720.45
277.81
897.885
266.274
660.39
924.924
456.252
391.003
990.112
513.565
888.577
704.306
604.328
854.152
779.87
902.585
558.947
844.05
743.126
731.498
363.445
214.942
302.499
960.784
181.829
555.437
950.713
837.397
597.919
640.034
286.294
298.654
101.108
596.606
637.318
726.096
949.553
942.351
77.5475
521.897
565.996
20.539
241.585
288.705
123.661
869.015
844.935
894.131
477.248
50.8744
315.5
201.27
96.2859
480.331
442.732
746.818
156.621
773.034
450.301
147.16
446.12
153.569
399.243
514.695
241.432
450.819
327.128
664.907
811.487
212.012
29.9692
395.764
704.123
467.849
892.941
620.746
472.457
178.655
675.985
636.464
996.673
893.857
661.153
306.406
57.8631
655.293
67.0492
441.908
320.2
676.107
137.486
161.657
377.361
826.319
810.083
510.941
19.6234
455.916
370.891
121.982
378.338
587.725
2.25837
196.356
102.939
9.91852
628.986
591.235
228.095
300.913
969.604
290.017
885.983
316.538
199.194
39.3384
520.829
171.697
129.795
433.058
761.742
247.383
314.31
224.921
609.607
254.128
980.926
150.945
95.0957
883.694
203.375
42.909
63.3869
79.4092
214.393
513.84
242.256
457.625
267.373
997.314
249.275
909.879
953.551
421.43
695.242
918.851
380.139
298.746
39.1552
617.786
116.581
513.443
351.543
125.736
314.005
587.176
642.14
189.306
905.21
704.52
908.506
662.038
290.658
279.489
561.296
853.45
417.554
344.493
382.977
277.932
656.972
542.344
675.832
835.871
386.822
3.60118
755.791
956.847
685.629
889.554
448.073
737.846
44.2213
882.534
741.264
606.372
501.053
404.889
255.501
540.239
107.547
847.591
681.784
375.225
130.1
589.801
847.835
232.215
894.253
90.9146
567.37
594.226
677.908
835.963
928.953
65.4012
559.74
415.662
180.09
342.845
628.62
522.935
863.979
432.539
460.86
146.031
363.689
640.675
271.218
740.867
511.429
371.593
643.941
662.496
418.104
263.741
250.191
638.142
180.059
694.571
458.144
561.998
618.915
185.949
241.554
393.994
710.959
741.356
293.832
443.037
862.026
645.528
753.319
816.309
684.622
758.782
445.814
315.897
433.027
836.329
51.4847
564.043
752.983
904.416
101.444
637.745
901.914
224.311
210.822
995.025
96.3469
875.484
454.268
972.777
142.369
488.998
290.536
638.63
5.55437
162.786
941.923
277.383
476.608
89.7244
635.121
293.405
588.946
929.685
609.668
810.419
944.609
457.228
300.119
749.687
604.389
515.824
598.56
668.142
698.843
809.9
603.015
137.272
416.242
566.21
758.812
944.578
523.698
595.325
798.73
898.19
77.6086
785.028
387.951
516.556
480.117
556.505
880.764
384.106
537.156
314.615
94.2412
453.932
675.008
423.536
506.668
79.2871
971.16
739.28
784.906
54.6587
155.828
229.743
49.0432
447.981
240.608
714.255
779.26
505.02
930.174
253.212
771.264
407.27
473.312
219.642
47.2732
164.739
110.141
583.27
128.117
424.635
770.714
439.222
572.741
477.248
182.104
311.686
191.809
240.577
40.0708
264.473
841.365
504.624
401.074
349.315
202.551
216.437
951.537
423.414
454.329
87.9238
310.221
867.306
244.514
306.803
19.9896
234.443
866.451
632.374
385.479
363.598
46.4492
657.399
812.311
985.412
249.367
517.289
805.078
354.35
907.59
827.631
279.183
937.407
480.117
131.504
343.974
690.359
748.344
638.173
212.317
953.673
253.975
533.403
393.597
498.276
286.111
643.88
826.35
753.502
323.16
736.015
106.113
747.337
336.161
231.086
465.896
791.284
859.859
617.267
664.174
440.443
237.22
340.556
437.727
760.216
944.578
455.153
675.253
430.83
402.417
815.058
967.559
721.274
179.418
87.7712
691.336
863.277
994.964
371.838
282.205
857.173
426.496
698.63
853.45
240.577
728.965
200.598
816.736
851.253
670.949
226.661
661.061
115.116
795.282
185.949
546.22
891.354
9.36918
401.532
866.756
404.95
912.137
755.058
443.037
298.715
763.207
403.638
495.621
335.49
501.114
350.322
58.7481
782.006
716.758
149.327
989.959
5.70696
987.762
527.177
231.178
315.928
480.758
201.178
478.591
579.791
227.424
676.534
916.44
645.558
980.468
302.927
171.667
103.244
56.0625
372.539
145.878
414.838
68.9108
539.811
879.971
944.548
966.033
345.225
108.371
920.804
265.45
123.569
659.444
861.354
906.766
78.2189
357.006
492.203
618.671
802.82
580.92
692.16
210.7
31.2815
141.362
493.728
694.967
897.916
624.5
672.414
644.032
488.052
864.467
954.588
691.671
961.394
699.087
376.141
582.293
28.6264
664.724
822.657
675.375
62.9597
786.981
282.296
311.411
627.43
123.173
843.257
945.28
699.698
213.324
966.094
453.413
375.439
95.3093
63.0818
521.317
331.187
40.8032
915.433
517.045
828.394
668.264
959.258
757.591
539.72
588.977
972.442
573.778
978.973
242.653
192.877
80.5383
815.424
78.8293
399.67
58.3819
854.701
739.86
988.403
852.382
966.369
402.509
571.764
694.967
740.532
933.805
137.089
359.142
153.813
17.6092
291.513
547.472
26.6121
908.2
626.301
924.162
552.385
966.887
731.62
195.593
680.776
638.386
893.094
146.245
635.06
22.5837
0.854518
35.6456
346.202
698.538
703.299
263.1
83.4986
956.267
335.582
706.198
64.272
93.5698
655.416
639.363
323.099
933.042
916.166
638.844
622.059
216.254
309.488
380.108
683.248
31.251
308.267
734.184
524.949
929.228
941.038
69.0329
182.318
887.051
529.435
162.358
594.409
771.874
919.828
631.794
938.078
463.729
740.287
289.041
190.68
292.642
714.042
324.137
202.521
946.532
561.113
726.005
60.213
505.875
518.906
845.454
22.3395
761.895
13.184
507.126
808.618
473.83
510.819
576.708
523.85
722.221
85.2077
388.989
998.016
13.8554
726.157
944.06
823.298
295.267
924.711
276.772
869.991
530.29
565.111
906.919
561.876
998.749
654.317
775.018
692.984
971.557
920.743
571.337
66.0421
919.736
813.44
863.308
735.16
912.168
932.829
928.251
132.542
359.416
424.39
697.226
861.934
759.728
366.619
716.697
438.612
602.496
684.042
533.921
758.66
87.0388
617.115
412.275
577.197
811.579
280.007
783.166
778.344
89.1446
337.535
340.281
716.941
47.029
332.224
182.836
414.167
165.258
693.533
913.938
887.539
411.237
959.288
99.9176
397.29
625.843
241.92
997.864
889.798
318.216
469.71
956.236
419.477
524.644
434.736
396.191
830.744
888.272
178.686
779.046
480.605
615.772
748.039
465.987
283.853
467.269
849.208
877.163
861.538
435.621
435.774
855.342
74.221
271.401
758.446
641.408
721.61
509.995
908.902
366.863
688.742
156.621
389.386
470.656
321.421
686.148
738.945
945.83
311.014
513.199
747.093
822.443
870.357
589.709
287.24
793.451
481.887
285.165
300.058
388.806
999.39
206.793
958.708
605.243
384.32
115.024
546.77
397.015
858.516
591.113
80.6299
934.324
753.685
613.056
206.977
35.493
839.747
695.791
406.873
679.525
412.824
752.068
38.1481
4.42518
924.406
330.546
246.406
698.843
432.356
386.761
276.894
191.687
656.026
243.751
217.536
547.655
915.677
898.373
705.374
473.495
737.968
329.386
626.637
342.051
409.07
964.11
342.631
640.248
255.898
959.075
472.03
746.971
937.223
451.765
761.132
447.371
525.773
439.131
73.0918
89.6634
662.893
439.253
27.9855
790.979
566.179
592.608
323.954
597.888
172.369
358.989
271.584
8.72829
196.112
466.292
572.436
763.176
385.662
267.617
872.799
305.643
757.714
162.786
124.119
829.096
91.4029
240.486
281.472
304.758
463.82
797.54
371.014
404.645
107.273
891.11
457.869
723.014
370.617
580.737
545.701
202.46
64.9434
15.656
939.024
171.972
975.433
24.5064
99.9786
902.036
820.399
362.774
530.107
83.6818
439.131
274.972
709.067
138.035
488.998
527.696
620.96
761.437
434.065
569.079
900.204
613.788
105.625
972.106
127.354
555.406
616.535
816.797
306.833
339.152
909.97
168.493
57.5274
163.61
724.54
308.023
547.38
994.201
256.478
869.869
703.513
57.6495
300.363
544.877
729.026
417.219
149.693
503.983
457.533
33.4483
38.3007
198.34
576.891
218.207
404.309
693.197
253.456
887.082
757.256
190.649
187.75
516.984
430.342
898.77
633.229
215.369
998.444
902.066
409.009
806.543
643.391
190.497
438.154
342.051
247.963
503.006
842.524
941.313
499.557
141.301
125.401
368.175
784.631
411.176
473.617
250.465
155.858
846.614
709.494
348.094
152.409
873.501
925.016
776.269
755.242
68.9718
328.44
590.197
258.248
672.994
335.49
637.135
336.802
507.584
435.438
82.5831
94.6379
961.15
864.193
516.19
370.83
192.846
615.131
44.0992
87.3135
214.667
819.147
274.27
919.156
5.85955
24.9641
599.902
67.8732
317.667
411.359
688.528
420.057
322.977
461.806
582.232
871.487
768.578
133.763
315.378
98.6969
785.241
53.0412
456.313
559.435
12.2684
765.007
478.988
2.07526
193.06
573.351
371.105
266.945
897.122
998.444
384.564
659.23
525.712
385.723
335.063
675.771
256.844
695.944
356.517
366.436
85.757
8.11792
516.923
111.698
617.786
766.93
201.788
97.3235
768.761
304.941
671.438
267.495
30.7016
672.17
698.202
38.0566
457.564
303.079
690.237
550.31
28.1075
552.782
207.587
747.49
542.1
633.747
277.505
54.4145
705.924
984.069
414.319
942.289
563.738
598.59
750.999
158.94
930.784
354.35
188.269
907.132
984.832
861.202
967.498
750.42
671.987
869.137
573.412
529.801
83.3155
763.573
373.73
70.4672
458.48
179.693
900.845
961.486
972.289
267.342
182.348
188.513
961.028
637.288
27.1615
901.761
744.346
520.463
672.384
99.3683
699.057
171.697
697.928
508.774
741.234
48.2803
615.192
445.906
872.799
795.587
35.5541
934.599
948.515
570.269
825.282
866.756
320.322
732.963
152.959
485.061
514.725
441.115
835.963
968.902
599.567
173.406
891.659
405.194
396.405
717.399
700.247
925.382
195.257
650.868
685.049
289.285
127.14
848.903
916.593
697.958
851.192
47.4258
546.8
115.909
712.485
994.903
479.598
884.671
26.9173
222.541
183.966
908.292
649.22
965.789
55.9404
192.633
480.148
266.549
235.511
19.3182
69.9789
789.239
285.043
535.661
973.449
379.925
635.273
41.8104
12.9093
901.883
204.901
756.798
106.449
376.965
100.528
343.577
816.004
965.453
802.82
976.073
272.927
814.722
745.14
227.546
636.677
308.359
691.214
563.189
742.698
747.063
817.804
717.063
96.3775
992.096
908.506
735.16
868.74
103.336
565.447
965.941
50.1419
502.426
844.661
778.924
419.08
692.557
221.412
293.588
480.941
66.1336
292.184
898.984
34.1197
832.026
118.809
845.393
519.364
592.242
621.876
690.115
808.374
601.428
928.77
877.499
588.183
238.258
83.4681
235.054
997.589
721.702
23.6213
667.226
671.682
601.978
231.544
827.113
850.887
58.8702
965.392
48.2498
710.501
537.492
476.333
317.698
567.583
753.166
118.839
570.666
120.792
596.881
759.301
89.2666
379.498
972.503
389.966
286.019
439.1
96.4385
354.198
652.791
757.744
291.879
89.1751
157.72
91.6471
808.191
792.657
870.327
744.804
696.982
919.553
96.0723
289.071
276.193
915.036
802.85
411.664
213.141
90.0906
618.458
45.6557
758.11
46.1135
182.836
439.802
159.368
554.216
134.312
324.229
791.437
296.121
512.009
828.15
27.0394
372.723
855.647
305.429
384.93
986.206
783.807
725.181
984.008
202.338
331.858
782.373
835.261
199.347
831.141
385.937
3.296
908.902
610.096
679.983
167.943
456.252
299.142
254.128
617.359
305.49
20.2948
699.911
204.321
515.946
242.683
168.981
296.548
16.0833
585.437
89.6023
252.449
301.645
349.04
697.501
453.352
463.454
56.5813
537.278
423.841
951.628
785.73
591.235
71.1081
982.635
573.199
190.985
574.725
994.781
672.811
368.633
958.068
59.1144
948.119
803.613
872.494
651.57
180.944
21.7292
626.087
692.373
577.807
2.04474
987.121
259.804
253.822
848.506
794.794
883.755
977.569
681.997
907.498
825.404
955.84
409.619
520.31
250.008
941.588
527.177
382.946
698.08
444.716
610.675
949.248
761.65
328.104
654.195
989.563
372.204
569.323
909.116
697.47
605.914
469.71
381.909
821.589
412.671
92.1354
646.26
854.244
175.39
208.258
125.919
807.917
505.509
537.065
504.44
610.92
181.066
555.315
418.226
653.401
633.778
661.977
88.9309
514.969
890.805
976.989
51.6678
405.316
378.277
556.383
635.029
348.857
492.294
304.361
349.467
644.795
343.455
364.177
840.022
633.9
581.805
268.532
559.771
303.079
707.999
631.214
820.307
759.209
777.032
660.756
375.195
103.122
900.784
277.932
193.304
735.649
455.611
117.618
577.38
625.965
401.502
197.119
284.707
574.664
618.397
531.266
806.391
1.89215
666.677
476.485
460.28
292.184
877.651
84.3532
455.428
227.241
180.181
246.315
582.965
537.675
570.299
910.52
690.298
105.441
629.17
152.226
594.928
847.804
996.429
379.223
593.799
813.776
204.81
452.712
224.647
525.468
782.311
6.07318
435.499
94.3022
28.077
741.783
818.842
143.864
368.786
988.067
66.1031
70.8335
700.644
296.731
299.539
675.069
624.653
363.414
436.995
689.901
980.377
50.7523
246.162
244.209
584.735
797.113
244.789
787.347
582.385
190.558
102.481
508.225
313.334
990.814
700.98
779.717
104.709
379.04
508.683
659.841
892.453
718.07
426.191
980.651
79.165
602.985
758.415
56.4287
535.02
484.512
470.046
542.253
146.947
645.619
380.688
474.013
823.328
812.983
455.397
21.5766
359.63
184.393
847.224
986.023
72.0847
153.63
848.109
572.008
604.785
513.565
404.096
467.299
816.98
419.233
351.39
759.606
156.835
891.873
29.0536
723.014
427.656
145.177
425.428
4.54726
352.855
515.183
513.413
242.5
846.248
274.697
931.913
647.603
393.292
114.109
669.057
578.234
450.484
569.048
903.562
641.377
267.8
176.794
660.634
349.712
42.085
642.598
438.581
866.97
805.994
796.472
462.386
872.311
960.051
623.005
720.389
75.0755
853.206
144.017
440.413
411.267
318.735
436.476
161.84
452.681
571.306
565.905
59.389
60.5182
371.502
717.734
675.13
814.234
864.559
306.528
714.988
246.742
998.657
345.347
65.981
418.195
930.174
856.075
690.481
858.089
320.841
601.825
553.392
408.399
934.324
923.093
239.113
998.108
437.391
958.647
414.075
880.49
812.83
32.197
791.04
364.788
289.59
486.679
752.007
573.229
196.936
746.696
285.195
254.402
648.824
891.11
392.987
185.003
464.156
516.221
626.637
190.344
230.049
171.667
904.202
315.287
913.877
149.449
268.197
177.068
929.991
907.895
738.578
30.8237
68.3004
911.71
917.875
579.15
190.252
169.073
504.501
57.2527
98.3306
247.597
370.586
624.836
486.038
49.5621
360.302
595.416
374.035
128.758
465.407
535.356
938.932
828.974
533.769
762.81
140.69
26.4901
167.486
278.573
55.4827
757.134
966.674
659.841
319.468
509.293
775.079
947.966
590.442
464.4
84.2311
61.5253
433.18
465.682
251.595
766.503
534.928
996.857
689.84
733.665
657.155
951.75
682.699
715.629
229.896
476.272
984.405
374.187
994.995
663.839
858.211
789.117
604.236
385.479
710.898
179.876
579.211
36.195
979.186
871.883
538.163
478.378
424.085
37.4462
97.232
963.744
490.066
244.087
351.421
315.134
884.762
340.159
342.051
149.419
35.5235
709.922
416.7
422.376
579.485
429.06
888.058
77.3034
542.65
351.482
897.763
78.341
365.093
659.536
891.72
609.851
427.839
907.804
612.781
722.922
238.105
92.6847
17.4871
210.669
928.953
778.588
22.6753
993.011
229.469
811.67
488.571
792.444
562.273
653.249
344.31
382.427
423.841
863.155
262.551
189.062
704.55
764.855
788.842
527.39
104.251
823.664
332.438
253.883
300.027
768.853
924.924
116.306
21.7292
991.15
152.226
581.866
692.557
247.108
167.089
425.214
789.697
201.178
187.689
857.54
582.476
836.879
388.928
477.767
403.394
268.502
592.395
827.509
108.707
984.466
661.489
830.531
884.762
53.3464
8.08741
898.282
55.9404
324.381
116.398
982.971
51.5458
152.989
490.921
358.684
186.377
683.187
934.324
412.763
412.305
217.902
561.846
227.76
696.982
708.274
458.052
235.908
185.43
893.46
382.641
727.226
801.386
121.921
431.013
491.867
444.044
385.998
56.5813
379.192
437.056
600.116
360.332
53.5905
385.449
654.653
54.3229
728.965
97.2015
276.498
5.24918
162.969
725.517
227.332
764.519
692.465
787.866
871.273
990.417
590.777
218.39
642.476
169.683
529.038
109.867
445.051
543.962
421.827
301.004
515.183
647.145
439.07
466.048
777.856
361.064
465.194
862.484
228.767
894.467
786.645
393.017
372.967
592.12
289.377
138.707
251.198
980.529
947.203
18.4332
85.7875
955.931
882.443
732.078
76.4183
521.226
780.145
642.872
377.88
978.088
937.101
755.669
790.735
980.163
726.615
446.883
195.746
354.198
760.949
103
264.29
94.5463
531.999
323.13
474.776
438.246
811.731
842.616
967.498
425.977
593.738
833.338
268.166
855.861
857.173
737.419
412.305
36.0118
933.866
290.231
500.809
242.378
760.491
889.279
218.757
287.332
796.686
964.782
348.216
106.51
890.347
508.683
806.36
769.158
871.517
418.043
240.425
818.354
156.011
809.137
710.41
348.125
140.172
958.342
490.89
722.648
667.623
26.6121
523.423
344.31
349.834
223.121
550.371
377.209
21.2409
564.44
461.653
831.66
110.538
886.196
885.891
916.227
209.052
262.368
556.413
63.9363
617.908
489.517
484.573
538.316
154.546
791.406
470.412
25.605
0.762963
400.555
982.696
120.029
872.616
173.254
939.329
107.395
293.924
893.948
419.355
954.1
254.707
424.94
838.008
907.254
35.5541
358.776
615.589
612.568
479.11
328.135
872.097
155.95
490.188
630.573
178.167
935.27
45.8693
323.862
894.284
768.181
496.139
448.286
128.605
142.979
437.239
532.029
845.759
17.9144
938.261
36.2865
156.865
75.7469
402.57
895.84
322.642
839.564
845.485
811.548
500.534
556.2
868.648
451.369
767.327
253.487
113.62
215.491
448.439
877.682
474.746
722.251
284.951
916.959
853.084
671.133
469.893
417.737
732.841
238.899
84.8109
799.799
361.156
665.12
968.261
376.293
812.708
183.386
546.678
985.351
720.176
954.711
660.054
638.936
952.177
158.696
912.29
595.996
19.6844
899.777
578.814
765.16
492.172
83.3766
601.703
844.203
204.566
919.95
704.062
101.718
536.973
211.127
154.759
208.106
547.319
76.5404
215.033
20.9357
239.265
275.185
797.479
732.444
745.842
779.656
369.793
283.853
710.41
757.988
633.381
454.207
646.168
620.167
8.97244
528.642
555.467
285.531
459.975
953.49
590.014
326.731
684.866
883.724
33.4788
147.191
210.15
29.2367
387.555
847.957
415.052
706.29
842.647
940.031
18.6163
500.137
914.945
559.16
61.6169
445.387
530.259
338.267
913.266
130.161
336.955
594.745
334.88
630.268
528.123
988.098
131.474
679.647
954.955
304.91
422.285
983.673
812.525
526.872
61.7695
80.8435
679.006
837.977
242.378
660.085
189.52
727.958
810.022
738.792
126.102
847.163
323.74
609.058
204.993
770.013
390.881
957.121
342.387
322.703
308.756
63.448
679.922
631.703
544.267
488.754
151.097
549.028
82.6441
152.745
870.357
611.072
176.672
211.768
125.034
186.529
527.39
641.346
252.754
970.244
427.717
930.174
184.301
478.805
900.479
791.711
934.08
704.764
361.37
299.539
818.964
584.613
839.015
352.855
686.911
438.276
282.479
878.109
936.644
34.8521
988.433
673.513
609.607
442.061
678.152
302.164
335.276
314.737
256.569
940.367
411.542
779.443
784.112
587.146
800.714
570.635
692.465
541.459
323.191
575.396
776.177
553.24
829.34
442.244
990.326
554.399
631.306
411.054
586.657
376.263
975.799
19.5624
618.366
359.6
839.076
843.379
345.683
263.375
825.587
925.047
572.771
378.674
451.247
49.3789
447.737
253.914
592.761
520.31
756.615
937.681
384.32
595.996
242.927
145.146
342.57
238.594
983.703
255.196
1.70904
334.422
353.465
543.046
839.167
41.4441
607.501
556.047
773.888
419.66
615.131
38.0566
18.067
0.976592
775.109
309.091
563.524
455.092
643.513
505.966
84.109
6.77511
306.04
590.899
535.661
761.986
25.544
533.586
233.924
597.919
196.295
573.717
692.862
774.071
135.96
969.543
3.50963
920.103
747.093
139.012
35.371
556.993
578.509
600.116
241.127
807.581
318.827
615.619
346.294
452.864
252.51
949.98
704.764
990.295
710.166
642.994
601.672
849.94
44.2518
207.984
284.829
425.764
161.565
159.581
5.768
76.8761
143.315
277.993
851.955
756.31
984.619
516.037
651.112
422.529
984.13
954.619
729.362
890.896
815.607
713.553
803.705
280.282
812.128
223.823
790.826
712.241
494.552
767.113
813.105
417.737
875.423
689.169
183.081
908.902
569.231
193.701
647.755
371.075
241.035
122.074
673.727
932.188
423.872
625.813
54.9333
964.843
236.488
137.913
623.646
78.3105
33.1431
549.425
346.11
956.145
515.885
996.796
584.735
695.364
341.136
167.486
806.879
804.468
751.701
529.069
522.66
515.305
265.206
388.256
732.292
566.057
950.865
186.499
664.449
111.026
324.839
938.292
86.9778
913.572
396.405
217.75
971.099
478.53
895.596
601.001
790.246
280.404
213.721
969.237
235.176
743.614
88.0459
579.852
626.24
130.467
562.029
310.984
803.827
994.293
251.717
986.633
779.199
352.519
450.728
187.384
925.901
237.465
103.793
454.665
993.53
779.778
180.914
292.886
725.059
481.368
483.261
877.316
358.898
834.498
411.695
872.89
797.143
942.198
729.698
270.943
720.634
297.403
851.558
649.434
433.027
376.293
687.185
763.482
714.469
202.338
574.908
872.066
466.14
537.339
333.232
707.511
427.168
855.678
963.347
493.545
745.17
758.08
32.7158
918.668
681.356
980.895
272.164
470.687
231.727
657.582
416.669
38.8806
945.769
988.159
821.741
190.1
723.045
973.235
886.349
24.6895
870.418
368.725
813.837
19.013
199.438
517.655
741.966
760.43
446.76
214.728
773.186
981.048
797.327
260.933
936.796
796.594
792.901
863.399
613.758
556.81
406.446
537.431
455.855
213.05
563.585
666.738
330.18
610.065
892.85
377.972
320.078
607.501
985.504
886.135
314.249
438.154
946.471
966.796
214.911
208.472
517.411
711.722
296.243
947.996
553.606
223.64
744.53
113.834
135.228
407.056
911.283
956.694
94.882
510.727
310.434
654.042
242.347
578.57
890.866
617.512
67.6901
464.858
615.65
880.245
204.535
570.147
879.177
970.489
433.882
954.344
793.451
177.831
510.422
982.604
874.569
618.305
592.425
161.077
161.26
4.48622
556.261
318.186
295.877
527.055
977.081
787.713
599.75
753.655
56.4898
750.298
673.91
951.994
279.092
389.386
556.475
742.607
78.5852
17.7618
967.803
488.327
294.839
831.08
674.978
325.968
703.391
444.594
506.455
247.108
398.328
869.411
48.5855
133.793
310.129
84.3226
554.888
155.766
639.149
859.767
99.4293
435.011
486.74
989.746
505.753
384.198
464.797
588.336
82.2169
625.507
564.867
607.135
695.608
895.291
68.6056
229.133
213.263
841.639
780.145
296.213
846.431
120.762
362.255
425.977
424.299
698.325
57.2222
974.303
131.901
762.139
573.504
499.649
741.417
152.44
420.057
885.983
869.045
716.208
468.734
779.748
288.919
491.073
26.9173
497.696
834.315
126.102
200.751
61.8
918.424
444.777
830.805
517.197
205.267
556.902
781.335
189.489
462.477
425.825
864.223
38.0871
126.804
296.457
178.869
761.315
613.758
891.598
149.602
809.442
902.738
781.243
41.2
962.828
428.694
832.759
234.565
630.116
811.945
146.916
43.0616
523.728
456.618
386.608
351.665
868.526
550.035
904.447
858.852
799.799
493.484
575.335
203.955
107.089
295.694
740.562
760.186
979.919
960.906
169.225
374.95
911.71
401.929
443.77
838.74
418.134
910.031
675.161
363.75
726.31
712.668
955.016
853.664
90.6705
650.38
449.599
245.338
892.453
504.044
543.443
704.489
178.045
3.81481
937.132
955.687
793.786
50.8744
107.273
528.611
771.966
183.477
33.5093
201.697
125.614
818.11
599.567
423.963
707.419
297.586
574.236
996.826
289.407
276.986
578.906
796.808
519.761
478.469
947.539
820.704
912.412
346.782
885.311
334.117
526.627
636.341
832.759
404.706
491.958
461.043
440.84
601.581
35.1268
838.374
63.7837
141.881
165.288
258.889
175.634
265.969
673.727
312.357
617.145
122.227
603.931
901.669
78.4936
943.022
849.3
75.8995
725.303
792.779
33.1736
14.069
372.662
669.82
329.203
190.13
114.994
242.714
376.72
250.954
816.736
2.74667
948.424
638.661
370.617
113.681
526.139
488.205
130.253
740.013
441.267
831.507
422.254
134.831
735.496
639.607
544.816
269.143
398.846
733.94
159.124
282.907
140.721
97.9644
479.385
539.995
350.658
620.502
167.882
567.644
404.309
801.782
341.533
662.13
971.984
453.81
595.874
441.603
484.756
926.267
452.925
127.476
415.632
888.485
139.225
835.597
531.022
200.079
100.131
658.254
769.25
900.113
156.529
818.751
902.341
846.767
710.654
679.281
637.135
39.0332
906.735
883.602
312.326
150.792
153.264
415.784
847.285
309.397
912.626
856.319
98.941
649.403
164.312
616.23
283.547
673.025
449.019
431.837
618.732
948.637
898.099
899.655
842.647
178.106
156.194
334.056
766.411
164.953
602.741
728.477
515.976
713.553
778.039
100.955
619.526
991.729
421.125
6.25629
597.034
387.371
25.2083
494.766
207.862
390.332
316.538
300.18
13.0314
531.022
563.768
537.034
407.971
906.888
123.447
688.833
782.281
328.013
128.117
168.95
962.767
613.361
723.35
234.748
595.904
68.0563
759.575
536.454
625.996
674.306
345.531
82.1558
525.193
25.7881
169.256
900.204
431.867
537.98
992.798
179.632
853.389
964.69
226.844
170.995
89.4498
752.831
992.309
627.705
32.7464
266.06
573.534
69.7958
502.335
409.04
671.346
651.479
766.778
683.004
360.363
912.931
413.007
204.718
158.116
198.462
216.956
719.108
111.606
22.0649
172.552
137.455
307.535
161.046
335.063
632.496
712.973
759.758
635.121
820.765
751.946
224.219
319.926
64.7603
524.857
189.154
177.374
425.245
76.8151
338.267
199.713
294.87
620.746
359.508
843.135
245.277
121.921
816.34
538.804
117.862
150.334
216.102
612.842
890.286
406.598
57.1612
269.875
349.101
827.998
135.533
798.151
101.077
680.929
892.788
650.868
952.91
545.854
85.8486
561.357
191.534
601.215
560.961
347.148
796.503
112.217
411.634
560.137
114.566
531.083
303.171
638.447
29.0536
114.811
244.24
716.758
153.996
466.964
586.993
750.847
85.4823
909.116
536.943
112.888
240.608
89.0835
953.887
313.913
315.409
731.468
725.028
9.03348
893.704
937.132
491.745
942.717
236.946
937.59
10.9561
989.105
787.53
711.051
932.737
944.792
415.754
365.642
274.728
229.682
942.625
696.86
375.774
152.196
968.871
824.732
608.692
895.138
542.253
317.484
634.327
878.628
693.625
707.938
477.92
656.423
373.791
808.405
208.899
1.28178
821.589
730.857
505.387
336.283
895.169
18.4637
884.884
168.065
397.351
794.641
882.015
678.304
926.267
335.795
955.016
129.49
282.632
974.487
401.807
241.676
965.239
738.456
67.2018
195.837
785.028
632.74
122.227
420.698
130.07
970.183
697.134
819.025
911.954
657.308
649.068
589.282
724.906
841.334
245.796
299.722
249.489
824.915
46.7544
370.403
431.349
654.561
762.444
619.495
466.536
289.285
373.608
30.7932
125.065
755.516
291.818
397.626
443.373
194.555
841.731
0.396741
317.118
208.869
847.255
973.296
25.8187
413.495
602.374
516.861
220.283
598.834
7.96533
612.506
404.065
410.779
156.011
395.093
440.535
955.107
142.003
840.236
116.459
231.3
387.585
921.873
293.497
803.522
253.7
897.366
678.701
613.392
226.508
875.24
745.72
342.051
456.374
322.764
837.367
227.21
931.974
669.088
981.231
741.386
70.04
660.298
449.171
37.8735
2.92978
622.791
592.792
570.666
344.035
290.902
984.71
793.97
713.523
355.571
398.45
348.521
804.712
389.569
657.216
640.461
272.927
306.162
882.9
218.665
227.912
7.29392
176.855
857.479
610.736
377.239
263.741
750.664
236.946
278.359
129.246
723.075
787.011
705.069
183.203
865.81
525.01
752.129
979.614
501.877
27.4361
553.85
24.1707
887.844
702.841
850.093
701.498
558.245
383.557
335.459
851.924
718.772
771.477
448.103
30.8542
594.531
17.8533
753.929
980.316
139.622
219.886
583.148
344.89
14.3437
113.926
74.7703
163.244
236.244
747.612
285.562
165.899
410.993
411.634
519.852
411.176
950.041
612.415
536.027
290.231
180.425
367.26
786.645
432.386
753.807
602.893
347.484
542.192
259.957
938.749
692.862
699.423
452.498
636.28
972.35
152.989
991.211
995.666
946.074
140.538
108.982
980.895
234.321
764.55
108.432
354.595
37.9955
456.16
94.882
103.977
985.717
58.4735
852.046
439.1
264.351
60.0299
266.335
144.322
689.169
9.94903
206.549
564.989
869.167
645.985
264.657
9.76592
124.882
766.717
264.107
850.459
314.249
379.07
942.32
100.07
222.633
152.745
712.668
751.122
674.001
712.088
913.541
654.408
18.6773
797.479
449.263
220.405
154.668
826.96
230.262
724.143
737.968
889.462
318.308
494.552
739.067
701.102
182.806
770.348
1.00711
555.376
975.005
502.701
955.992
798.944
225.654
886.654
155.98
863.948
873.318
902.249
774.743
388.226
28.2296
646.687
735.832
454.756
379.559
738.823
624.775
481.399
650.746
576.922
40.0708
792.291
10.5289
731.559
540.178
402.112
844.966
254.158
842.189
44.6791
796.899
183.172
429.09
976.623
479.843
28.3517
221.198
587.817
771.264
515.213
468.398
350.017
92.5626
370.159
519.181
134.037
581.652
428.114
623.188
427.9
564.135
843.593
422.895
486.221
229.774
686.392
291.238
942.656
920.194
703.665
171.056
916.501
934.202
528.825
72.6951
144.688
256.813
119.205
886.288
170.324
118.686
703.604
664.418
119.205
791.345
20.3558
32.075
95.3703
525.529
128.391
879.635
727.317
38.0261
571.184
995.056
895.352
453.78
175.726
792.383
172.491
109.012
267.525
791.65
8.9114
122.44
582.842
7.17185
192.114
139.866
659.474
900.479
613.697
159.001
987.121
53.4379
873.775
840.632
699.118
219.123
755.028
212.409
86.0317
905.057
96.5911
171.361
713.187
146.397
100.009
691.58
422.468
624.836
597.827
143.101
0.671407
789.117
316.385
628.559
794.733
134.129
664.113
743.522
55.5742
294.29
76.2963
666.89
291.818
107.456
447.951
987.762
414.441
306.162
685.476
174.749
953.612
991.76
909.116
94.2106
129.093
548.143
336.802
483.474
55.7268
151.158
380.963
785.394
864.315
529.923
989.502
250.587
20.1422
136.448
762.047
713.462
620.319
379.528
872.951
948.21
950.041
79.5618
332.194
11.2308
80.6909
800.226
615.497
476.302
789.911
213.172
194.342
968.017
584.887
152.623
998.505
901.028
110.935
515.152
340.526
830.073
725.822
661.824
335.154
317.881
521.134
478.195
343.547
726.737
572.649
749.199
474.471
840.144
700.217
4.21155
673.299
720.969
518.418
489.639
430.067
711.997
60.0299
424.085
638.142
985.351
752.617
193.518
634.175
546.953
29.7555
641.896
951.384
102.573
358.928
113.681
816.492
691.031
965.819
404.767
922.605
491.562
37.843
277.535
508.133
711.081
687.155
697.134
274.148
957.976
454.39
444.044
170.476
8.05689
635.395
260.445
582.476
370.067
210.639
185.705
949.187
555.345
660.085
237.648
344.554
459.609
443.556
95.7976
52.8581
761.895
428.694
942.747
669.332
747.49
47.3952
120.09
757.378
460.707
461.867
755.15
594.043
594.531
521.714
14.1911
34.2418
21.9733
793.512
139.5
25.6661
377.331
443.648
925.382
805.078
591.449
256.05
790.033
307.474
789.117
565.874
99.5514
819.971
453.566
390.515
900.021
410.169
265.206
539.079
713.675
161.84
519.944
981.658
556.505
748.405
534.227
259.651
832.27
375.134
942.503
218.238
259.743
622.303
293.527
842.463
489.822
219.642
851.833
478.072
567.736
283.731
10.2237
218.329
897.732
49.6231
220.374
738.182
865.658
627.766
846.797
356.792
776.208
817.591
850.917
610.034
260.598
509.018
711.905
113.773
811.487
703.146
489.547
999.695
600.909
683.126
436.293
704.215
237.739
367.016
64.2415
392.773
620.869
373.18
73.4581
799.615
544.176
830.042
47.9446
764.946
210.059
461.043
325.419
250.862
306.986
976.714
947.05
116.794
808.1
303.812
93.6003
435.926
146.489
684.5
914.365
634.144
924.009
175.176
154.454
232.215
809.076
577.532
487.747
473.067
780.725
331.919
960.479
614.612
374.187
405.499
453.139
170.232
84.8415
705.222
565.661
877.804
586.596
47.6699
832.972
677.938
920.957
217.048
676.656
484.115
313.12
141.728
999.42
24.2012
771.203
721.793
828.211
536.18
124.851
337.687
912.595
598.132
659.841
572.283
684.194
874.538
4.18104
176.702
483.993
59.8163
422.864
811.64
463.24
800.256
176.702
595.233
64.6077
875.759
102.298
989.227
489.608
422.651
68.4225
53.621
58.3819
478.774
466.018
602.435
868.892
631.947
387.585
290.323
660.329
53.3158
652.058
162.908
288.827
696.829
331.889
700.552
719.871
945.647
938.231
887.967
945.158
487.289
920.438
340.281
729.179
698.752
636.616
16.9988
592.273
322.123
450.728
555.193
936.338
712.882
113.224
752.953
719.108
441.572
80.813
234.565
583.758
530.32
932.371
828.639
849.818
105.167
536.241
690.146
271.371
745.872
126.255
698.172
969.665
314.158
941.984
160.009
444.99
541.734
589.526
353.404
75.7164
159.276
779.656
937.681
9.36918
847.865
598.773
765.374
852.748
793.512
969.543
125.675
66.8661
127.018
457.106
950.56
473.8
29.4504
77.4255
14.8625
780.389
784.997
263.619
662.374
526.231
562.304
646.84
87.9238
361.736
205.695
807.978
707.694
62.2578
817.286
655.995
648.579
185.064
411.328
589.923
887.997
774.957
422.315
99.7955
75.2892
24.9947
347.575
963.805
566.027
298.807
305.918
696.951
700.369
419.935
793.756
408.155
857.051
635.67
419.507
721.854
313.669
160.344
897.946
920.133
445.265
705.496
85.2992
961.852
291.635
902.127
337.107
535.112
25.3304
22.0954
968.932
799.066
351.176
904.691
102.359
971.282
368.633
493.942
676.962
417.463
928.526
894.436
909.085
398.968
14.771
349.956
979.766
134.983
183.203
52.9801
231.941
335.398
587.909
190.191
659.017
860.561
626.911
130.436
965.3
664.144
738.212
161.809
980.407
675.924
377.392
683.645
708.09
779.565
708.304
259.713
791.253
542.955
37.4462
439.405
674.215
856.441
524.522
752.342
243.294
135.533
198.706
783.044
227.546
244.514
813.593
732.444
140.141
796.655
570.635
371.319
42.2071
987.976
243.629
792.993
910.123
620.258
734.336
870.937
887.6
469.955
591.052
827.784
203.742
658.62
521.592
821.772
38.5449
182.134
431.471
957.305
116.611
254.006
18.6773
625.172
310.739
619.343
456.496
579.546
36.7748
495.987
195.318
657.186
720.45
298.807
414.93
545.701
117.71
803.308
158.513
506.851
770.043
904.996
679.281
461.043
375.622
630.909
31.5256
339.579
357.921
559.008
436.995
110.599
412.458
302.164
457.778
385.266
313.791
213.05
507.187
10.0406
763.268
965.667
729.728
551.775
558.885
170.171
781.64
81.3623
869.045
677.358
542.772
162.938
890.835
728.507
291.574
453.749
674.337
607.562
374.157
822.199
394.177
951.079
898.831
389.294
849.818
373.028
486.953
400.525
475.265
560.137
612.323
333.811
640.095
494.003
558.885
150.029
522.538
956.786
529.527
92.6237
336.222
976.104
936.186
941.984
191.626
365.52
402.783
131.321
373.486
17.4566
512.65
630.177
315.592
103.732
830.805
1.55644
53.9262
840.876
233.406
539.354
439.894
976.196
74.8924
891.873
894.101
650.563
224.006
78.2189
982.818
794.641
500.626
303.323
597.674
714.408
544.053
477.981
20.3253
22.3395
644.063
850.459
653.096
570.91
566.332
655.446
696.615
543.596
903.134
186.956
556.322
361.217
980.621
201.361
258.705
558.184
854.183
56.5203
658.345
286.203
422.651
493.789
717.246
601.001
193.274
468.581
637.959
188.421
727.989
936.247
131.108
686.544
302.683
999.084
599.322
259.255
810.877
320.994
517.93
578.539
442.183
216.193
794.702
870.815
168.218
317.515
389.019
184.24
565.569
231.391
972.137
532.975
8.54518
85.4518
909.726
74.2821
761.986
374.798
347.942
975.585
5.73748
13.2756
684.347
126.865
322.306
996.368
204.535
355.296
678.121
581.286
166.509
297.617
430.708
391.308
113.071
587.664
392.193
349.925
694.327
513.871
480.88
851.253
780.999
804.254
991.729
73.2139
150.243
694.296
17.5176
839.625
524.766
934.507
51.4542
936.949
246.651
893.46
302.774
292.764
367.504
412.915
756.279
921.842
435.621
571.276
507.553
45.5336
761.711
11.0782
404.767
292.001
444.38
987.701
528.031
382.122
936.796
794.549
538.438
208.258
435.255
721.976
426.984
711.875
871.822
205.023
695.486
466.17
790.979
317.484
500.198
369.976
893.155
267.373
789.666
359.478
524.705
51.0575
967.925
543.382
897.092
921.567
114.322
668.477
315.256
827.601
291.269
321.421
197.516
479.751
971.191
773.095
167.302
199.561
113.59
871.731
998.688
208.38
924.314
891.293
696.463
511.582
826.899
740.959
492.569
35.0963
678.945
442.366
39.3994
169.866
763.207
280.557
581.896
380.871
585.62
535.173
389.203
36.8053
11.0782
197.607
227.515
116.916
768.731
581.378
155.217
950.621
856.96
230.537
421.216
646.901
880.764
33.8145
748.497
369.549
851.497
949.889
783.288
113.804
481.002
249.794
991.791
141.789
501.083
684.164
785.211
732.017
39.5215
479.263
154.729
399.762
584.216
570.605
597.369
244.392
566.088
978.149
614.093
579.76
92.8373
730.918
561.602
504.257
863.979
246.59
138.707
566.393
798.883
572.161
288.919
182.44
408.979
392.438
799.982
962.218
445.479
212.317
382.214
599.292
853.359
619.19
506.638
482.101
563.585
31.3425
783.837
681.753
154.515
839.564
165.227
473.067
913.297
346.782
748.161
45.32
329.203
413.587
465.072
558.458
550.096
214.484
439.467
201.178
832.27
12.0243
288.491
407.697
516.526
354.656
154.454
888.211
560.442
604.602
745.964
630.757
158.483
202.277
169.958
529.801
481.521
573.138
836.299
797.723
66.5304
83.224
215.491
816.248
888.119
950.133
731.681
583.239
642.506
514.878
571.062
411.573
276.437
781.793
688.04
36.1339
290.658
631.825
789.666
785.485
850.551
616.382
579.943
973.907
234.352
736.9
45.0758
170.629
650.899
117.588
61.037
502.243
957.244
976.684
104.495
644.429
308.42
802.728
348.918
659.597
269.753
142.43
926.145
336.222
423.444
905.942
635.548
186.651
0.549333
595.904
881.802
759.209
569.597
366.68
122.135
420.972
312.937
319.987
604.785
267.586
922.605
942.9
679.617
316.355
646.077
94.6684
462.325
638.508
514.237
449.141
133.488
587.542
281.655
797.632
653.371
779.138
111.393
120.151
174.23
979.614
535.142
830.103
931.15
558.611
719.81
98.9715
892.331
662.618
572.222
667.714
950.835
765.252
712.912
50.2029
938.322
751.03
850.185
536.18
242.286
188.36
585.925
898.434
308.267
948.363
184.332
212.134
807.733
825.495
334.696
691.275
753.624
316.568
439.558
948.912
344.157
214.209
459.578
587.878
816.492
170.751
846.4
527.268
91.2809
889.431
594.317
972.106
489.761
98.5137
942.778
431.257
304.056
965.178
760.033
690.878
502.396
104.617
140.141
148.9
350.352
841.762
243.965
417.341
229.347
880.49
915.22
598.132
433.607
37.7819
103.671
139.256
226.905
198.584
625.996
677.328
940.458
147.221
295.633
772.24
392.773
432.325
953.429
941.343
413.465
921.293
429.334
898.038
751.305
200.14
967.711
402.142
148.686
475.661
146.062
627.766
863.43
135.35
819.819
454.695
418.47
622.364
122.99
590.35
862.178
780.572
57.68
927.61
318.888
326.945
701.834
45.5947
112.461
607.166
567.888
258.98
242.622
290.353
142.949
122.623
496.567
159.948
141.82
797.296
976.47
656.117
504.196
183.111
324.046
326.64
667.226
226.905
424.024
842.189
144.749
309.488
867
732.292
944.517
119.236
953.459
498.184
854.213
918.394
520.157
259.011
128.269
608.142
369.915
587.329
606.22
498.764
586.2
690.359
793.634
190.985
513.535
593.341
937.681
475.234
685.69
480.88
627.644
654.286
481.735
852.809
952.422
196.387
792.413
650.746
745.659
124.516
477.096
11.7801
950.224
48.0972
893.429
805.139
632.832
243.904
279.977
608.264
680.685
691.671
274.239
278.878
710.501
471.236
346.11
778.832
222.144
427.229
429.029
405.988
527.451
507.553
529.344
90.9146
485.611
681.967
595.721
914.09
576.617
847.011
429.212
499.832
343.608
623.463
916.105
443.983
736.106
452.651
363.659
430.586
384.136
897.916
221.168
194.342
335.978
557.176
966.674
985.26
289.529
493.423
441.084
691.031
849.391
588.702
410.871
274.606
840.388
728.324
640.431
681.692
209.082
221.503
255.348
875.607
544.481
364.422
678.304
155.309
748.894
552.019
918.119
412.976
890.713
845.241
493.606
486.801
769.982
399.274
773.827
266.518
227.912
659.444
15.0151
706.412
732.292
730.979
876.553
403.15
268.838
828.913
696.31
894.314
71.0776
214.118
307.26
333.72
219.031
522.202
676.351
700.156
638.234
890.866
146.611
195.257
530.717
792.749
564.44
987.579
768.548
979.217
72.512
957.945
281.716
442.091
850.337
603.717
971.374
798.914
582.873
757.012
179.479
8.33155
939.39
273.812
246.834
822.138
843.074
350.017
189.764
879.269
812.86
620.655
27.3751
849.33
158.879
698.63
790.704
530.625
312.845
309.122
744.102
309.915
73.9769
675.893
851.619
889.523
52.7055
315.806
18.0059
688.253
92.5321
898.007
136.998
822.596
951.964
323.405
476.821
74.0989
27.0089
681.539
435.469
749.382
396.588
240.333
195.959
838.771
970.763
125.462
313.456
380.474
24.2012
845.332
765.191
435.621
895.627
318.094
494.4
581.042
134.098
556.81
979.949
325.968
874.63
669.088
862.362
358.776
722.526
327.494
157.75
29.8471
929.746
366.649
91.1283
977.447
142.705
663.991
79.6838
301.828
504.349
959.441
898.16
195.074
390.179
771.233
556.688
431.715
561.083
63.4785
923.246
627.247
12.7873
822.077
621.021
670.37
304.3
194.586
232.673
235.298
645.894
351.756
342.631
780.48
527.97
724.937
448.042
939.756
172.552
777.52
270.638
712.424
588.031
965.361
500.015
358.44
508.683
43.0616
499.71
404.92
0.305185
372.326
7.53807
669.973
13.1535
388.195
361.4
710.898
663.137
880.032
281.503
601.825
523.057
243.11
740.654
448.256
704.794
357.189
953.673
543.718
13.6418
248.207
17.0904
575.61
956.42
189.428
230.689
785.882
883.847
398.48
631.611
493.149
49.5315
986.053
772.942
882.382
865.993
313.059
277.535
468.337
138.798
412.122
198.462
139.256
561.296
629.749
717.307
186.743
249.489
145.512
211.768
228.065
599.902
524.522
223.579
427.808
250.374
959.075
357.952
923.917
426.038
356.212
645.955
865.627
451.155
927.366
401.318
968.749
708.182
435.774
102.084
994.69
825.343
758.904
329.539
59.7858
374.126
921.079
294.321
180.761
857.692
253.243
982.421
962.828
271.371
836.238
450.941
836.634
17.0293
882.87
305.857
750.267
451.979
216.285
892.666
722.739
853.877
500.168
230.781
164.647
82.9493
376.69
223.975
373.18
722.983
169.652
176.885
106.784
981.384
307.749
149.693
646.413
131.108
124.973
181.799
249.153
774.377
194.281
916.166
400.952
709.769
850.734
654.805
774.071
684.53
60.0604
377.758
296.213
812.586
289.712
755.76
237.007
939.848
537.431
688.375
718.375
738.182
174.902
399.03
554.949
809.015
761.742
617.634
830.988
577.898
486.496
882.504
119.541
261.513
390.942
492.538
750.908
688.162
33.784
141.301
35.5235
252.815
750.084
763.665
848.994
788.476
162.45
626.82
483.871
634.48
100.864
196.631
175.939
683.767
586.413
810.602
210.12
689.352
36.195
688.65
13.0009
612.262
344.89
313.211
137.73
291.635
999.695
709.647
547.868
218.116
884.487
658.193
106.235
692.312
930.113
368.938
675.253
148.961
266.091
650.929
734.611
928.892
31.0678
106.51
922.971
278.634
497.177
382.55
409.528
860.866
665.548
9.3997
502.365
554.827
988.525
858.974
398.663
829.859
375.225
753.258
484.451
471.755
136.387
254.524
88.9309
944.578
25.1778
168.462
100.436
167.791
29.603
791.162
349.803
991.211
73.4581
431.867
167.608
148.106
281.503
242.103
21.5461
968.383
965.484
882.962
640.065
632.405
986.969
61.0065
528.581
247.444
653.584
465.377
284.555
527.451
804.468
135.655
617.695
357.585
241.646
793.329
481.246
24.8421
163.152
166.906
221.29
395.947
754.601
842.891
149.449
823.664
594.867
672.72
445.845
62.8986
32.8379
268.471
798.456
978.027
190.985
616.901
684.957
322.031
751.976
344.371
703.33
369.793
184.79
663.167
857.753
685.446
567.034
530.869
205.603
806.33
658.254
53.8347
772.21
123.814
382.366
665.944
139.195
743.004
374.035
114.048
613.3
601.703
745.933
781.487
381.085
630.97
732.78
380.352
556.475
237.434
368.877
544.725
527.085
889.676
854.854
354.808
505.661
88.5647
770.135
324.717
692.709
504.654
787.53
883.847
956.847
561.815
45.8388
883.786
438.887
250.16
837.092
162.053
986.145
448.317
764.092
693.655
822.779
536.821
25.5745
361.4
363.109
583.789
984.069
877.255
573.504
884.182
673.177
884.732
789.209
133.61
400.983
774.743
392.987
18.4942
104.984
244.972
260.811
503.098
615.467
135.228
381.726
595.386
483.2
568.987
557.665
872.524
527.97
933.012
589.587
547.38
764
726.279
856.136
357.372
858.486
808.954
691.427
56.7034
779.748
83.224
467.452
793.481
790.948
136.998
788.141
152.806
445.845
881.741
700.98
147.13
742.79
715.537
332.255
935.148
92.9289
243.202
852.657
550.34
259.56
83.7733
178.808
420.728
923.887
797.54
317.972
960.845
34.3638
463.179
761.01
16.8767
595.63
936.888
830.622
447.31
52.4613
323.862
391.095
618.793
926.542
694.662
825.434
99.6735
860.683
576.067
686.239
332.194
728.111
249.458
926.939
564.043
962.035
386.395
119.022
821.192
762.291
53.8652
562.365
202.918
335.276
619.434
693.594
280.557
823.298
588.458
700.278
880.52
79.4092
903.989
746.086
33.784
944.731
740.684
713.523
372.662
183.233
324.503
870.632
755.547
731.681
808.679
367.656
402.142
419.752
737.663
970.122
319.224
817.56
130.345
934.294
298.807
365.856
713.523
431.837
269.875
446.303
337.107
429.212
284.707
546.861
102.115
428.48
921.628
179.418
232.917
975.829
384.289
705.863
224.769
343.699
80.3858
727.897
298.074
293.283
959.471
198.431
690.512
323.038
391.736
909.268
818.201
309.946
869.839
512.162
837.489
949.644
313.15
729.637
638.112
901.456
257.851
911.039
799.463
45.0148
712.088
590.838
540.757
754.204
959.044
205.115
196.997
594.958
88.29
622.333
251.076
353.465
536.943
645.009
454.146
800.165
421.735
138.218
64.9434
96.8047
943.51
941.374
739.616
252.052
645.1
219.367
103.061
532.273
804.071
409.528
533.311
233.619
741.447
420.392
189.856
721.732
327.616
238.899
817.652
145.146
466.964
601.733
357.402
729.087
841.945
887.631
894.101
55.0249
698.569
886.563
974.364
233.589
953.734
602.008
824.458
375.5
406.476
742.943
499.771
268.197
333.72
61.0981
497.269
663.503
252.083
190.802
862.087
82.7662
126.988
146.306
319.346
546.312
810.389
134.098
462.996
132.267
987.976
835.719
532.06
772.515
417.707
817.56
806.421
190.283
740.562
223.792
152.745
387.646
644.49
408.948
752.281
587.054
663.533
665.883
541.215
35.0352
392.743
706.076
395.55
572.924
400.403
47.7004
591.052
381.634
618.824
968.749
570.055
806.543
494.766
179.937
546.037
668.6
681.082
875.82
977.416
968.139
550.371
317.698
441.603
387.28
312.449
607.288
940.977
497.848
16.3274
805.109
171.27
79.989
218.268
51.3016
784.692
459.029
597.247
844.722
177.892
265.633
298.715
136.082
837.001
526.414
288.369
392.285
770.257
490.646
496.628
287.149
59.8163
99.5209
35.7067
176
64.3025
504.624
270.028
9.12503
302.377
540.849
21.3019
841.334
549.76
561.266
689.932
593.036
180.09
539.201
573.29
220.191
281.289
844.111
162.908
948.057
578.57
597.919
701.071
725.852
695.151
17.1819
778.741
558.672
782.464
648.274
255.44
872.188
50.325
900.998
283.059
566.912
229.316
787.622
713.889
918.363
495.285
273.049
675.13
978.942
888.668
142.735
590.503
638.234
758.934
794.031
430.311
997.528
265.664
858.15
471.389
215.064
467.483
58.0767
347.911
478.713
30.2438
209.265
674.673
260.933
85.5434
769.005
23.6518
514.176
270.882
840.907
535.661
961.241
482.681
40.8032
947.508
137.974
373.516
130.253
317.057
344.218
124.699
823.634
226.203
158.788
525.529
675.497
744.102
675.68
890.255
454.36
930.998
116.794
844.539
908.811
164.647
978.301
511.979
332.56
70.1926
365.856
132.389
834.773
334.544
676.26
643.117
721.213
187.017
280.343
254.067
893.643
827.448
364.727
548.814
672.445
582.08
587.42
141.575
949.675
70.1926
704.55
422.651
78.341
161.016
823.847
422.773
404.279
3.08237
441.45
327.86
846.828
907.346
918.119
675.436
434.462
364.696
550.981
763.878
202.185
979.919
897.549
305.948
355.937
602.344
507.675
857.662
111.179
435.652
720.145
53.4989
111.545
407.025
679.83
180.181
833.613
577.319
231.819
118.748
884.487
873.745
848.933
187.78
598.102
925.901
248.299
917.783
836.573
286.538
854.213
288.583
402.936
818.506
762.2
461.043
971.526
528.733
362.102
533.891
941.923
630.97
275.002
357.311
123.295
118.046
761.01
934.568
654.958
625.416
254.158
442.488
69.3381
866.726
180.425
402.539
904.08
422.987
715.14
33.5398
768.822
166.692
635.975
317.118
273.904
101.535
928.343
807.489
725.974
899.869
298.441
716.422
997.864
918.241
251.228
305.124
478.347
973.083
888.73
113.773
508.469
657.155
85.3908
60.1825
210.089
478.347
196.997
939.177
113.559
602.039
958.434
353.038
490.28
478.072
727.592
605.579
796.808
133.976
731.132
589.618
136.143
415.174
468.276
200.415
143.468
953.948
929.411
305.429
201.3
148.106
784.875
802.057
391.43
930.57
201.331
794.427
89.2056
611.225
440.809
420.911
606.769
572.619
899.38
362.835
791.253
99.826
741.63
566.271
984.497
126.926
787.042
208.106
250.13
180.334
804.468
437.33
274.545
300.851
871.212
922.941
848.14
225.41
952.696
739.86
332.438
609.943
359.111
623.92
20.3864
574.206
235.359
127.384
795.007
350.597
740.318
705.741
993.225
317.362
71.8101
267.83
881.252
197.882
993.744
219.855
647.267
707.389
21.0883
534.806
318.125
427.961
919.736
878.567
505.966
193.579
676.565
323.893
391.278
765.862
597.034
683.706
848.659
82.3389
685.446
994.354
120.914
858.15
964.965
180.853
949.004
822.352
893.277
435.133
562.456
370.495
530.229
337.992
438.154
914.487
613.575
256.722
232.368
710.501
199.164
49.4705
793.207
447.31
22.1564
607.227
659.047
375.134
234.657
265.023
950.163
256.996
676.962
613.819
58.4124
923.582
338.145
743.492
42.5733
712.607
162.267
449.263
134.831
574.725
856.716
431.898
264.657
126.102
858.486
23.3161
6.86666
429.975
115.116
469.222
859.493
787.683
836.451
298.99
258.034
320.811
872.86
815.424
232.398
625.782
877.224
234.107
112.583
281.503
906.034
505.234
189.306
492.355
616.382
347.575
736.32
646.718
714.621
527.177
299.844
72.9392
813.684
910.978
662.343
774.133
354.32
327.403
385.754
421.918
747.551
764.733
341.807
392.224
393.658
938.597
134.129
122.471
734.672
759.758
819.819
572.863
996.033
733.879
835.688
71.9626
774.346
823.695
536.088
328.898
126.652
805.75
248.085
892.056
318.278
652.333
250.74
836.94
884.793
970.031
584.185
963.591
164.892
26.1238
95.1567
284.89
960.448
394.574
625.294
87.1914
479.019
751.579
747.734
344.707
216.742
853.511
959.502
768.151
936.277
227.393
734.581
269.967
396.802
605.731
344.951
126.499
992.676
636.341
855.403
618.671
955.779
899.228
198.126
432.447
279.214
761.223
734.214
600.635
17.7313
99.6429
207.068
266.305
121.311
426.557
495.224
50.4166
458.113
444.411
69.7653
303.72
183.416
564.867
563.494
24.8726
110.263
421.522
357.311
725.883
238.411
908.17
590.747
25.7576
97.7813
773.522
502.304
254.524
62.3493
304.178
506.241
847.499
291.452
126.316
912.046
812.372
453.78
658.04
692.434
49.6231
891.263
243.233
206.793
807.886
378.368
498.428
285.775
54.7807
133.457
903.775
583.27
45.8083
238.441
169.164
602.618
871.09
122.623
407.544
302.561
262.123
267.525
645.497
689.81
439.802
788.598
703.33
303.781
284.188
49.8672
975.555
0.640889
608.234
968.566
142.735
942.137
816.034
164.861
346.69
195.593
727.134
614.124
859.31
852.138
848.323
956.816
777.093
67.9037
873.501
123.295
772.301
936.125
693.716
429.182
431.898
594.745
698.111
797.51
215.705
477.401
646.901
264.351
564.837
112.613
898.312
423.658
192.022
378.491
269.784
968.047
84.5058
618.397
315.592
981.231
251.32
524.491
301.584
138.89
745.811
194.983
658.315
474.075
994.964
271.34
194.098
862.941
966.399
562.12
849.208
887.814
204.688
59.0228
271.828
233.192
268.014
752.159
998.26
271.493
596.423
149.968
517.075
994.14
342.967
910.886
0.0915555
944.914
199.164
492.264
980.102
311.289
745.506
223.243
757.012
830.47
358.959
707.907
814.356
665.761
208.167
964.232
26.1544
910.276
367.809
206.153
936.583
873.653
583.331
674.398
892.636
808.161
717.49
421.827
312.021
230.689
409.436
460.982
866.848
496.689
978.515
178.442
864.528
781.915
102.573
423.536
607.318
129.215
304.025
176.672
11.6276
715.781
772.759
204.596
268.288
997.04
558.824
607.532
824.976
884.182
665.334
665.7
472.365
611.042
73.0003
890.622
815.088
446.577
227.546
687.887
908.261
909.238
21.1493
537.492
341.868
639.821
799.738
97.7813
553.27
588.427
426.069
139.897
649.586
672.475
931.822
718.131
521.134
561.357
787.713
483.108
527.085
744.53
324.808
543.687
534.593
538.835
337.138
784.082
592.853
191.748
397.076
42.024
22.9804
736.534
915.372
54.8723
205.329
755.364
475.814
579.272
845.088
707.266
477.34
590.899
997.955
976.501
613.392
970.855
636.525
297.891
220.771
584.094
39.2468
715.69
28.8095
157.292
782.647
731.376
340.129
861.293
618.274
797.571
174.2
5.12711
15.9917
813.776
405.408
747.581
654.378
780.206
426.038
232.49
639.241
266.305
366.222
54.384
732.688
849.757
401.654
460.036
372.478
182.44
180.486
192.969
764.092
839.93
900.662
386.608
826.136
609.821
68.5751
412.519
270.425
376.537
471.267
90.0906
598.498
257.363
391.98
163.579
294.687
147.16
601.825
453.23
998.535
327.28
157.445
586.261
936.155
295.389
537.126
714.316
393.323
472.091
145.634
123.447
510.422
940.672
719.81
142.979
180.914
876.614
665.304
259.285
334.788
822.535
856.838
841.121
387.86
465.102
931.974
382.275
138.279
70.3757
610.828
668.447
891.903
233.253
71.9321
773.644
96.8047
97.9034
916.501
293.435
269.601
705.13
751.244
720.542
493.332
622.669
922.117
369.091
269.143
515.336
429.395
754.418
2.99081
810.511
555.773
833.644
907.804
115.879
238.472
14.2827
603.381
545.213
716.941
336.406
194.586
608.478
486.953
734.977
109.5
822.962
92.7763
788.537
478.164
701.193
788.537
860.408
334.147
271.95
599.597
38.7585
419.202
790.887
816.156
781.884
872.921
796.838
449.202
674.368
588.244
169.927
680.929
201.392
514.359
348.247
840.388
946.623
688.162
358.409
935.881
119.907
275.185
817.438
275.185
821.863
402.051
561.083
204.993
950.56
60.4877
55.6963
500.565
157.17
865.719
249.428
437.178
757.012
948.729
18.9825
74.4652
1.19022
765.343
868.709
784.906
616.749
101.993
37.3547
557.512
19.8065
60.2741
669.912
108.402
109.348
301.218
209.54
329.203
46.9985
330.515
666.89
104.465
929.685
106.174
922.483
29.5419
760.704
749.474
718.375
60.2435
626.301
640.828
495.865
625.172
483.383
681.57
734.886
232.307
464.675
3.23496
951.689
101.016
108.005
904.996
10.9256
850.551
415.448
301.035
908.689
776.574
148.808
459.181
681.967
746.91
267.8
311.289
601.947
247.322
916.929
117.649
306.314
609.485
867.58
765.831
27.4361
951.201
821.314
485.611
572.436
861.354
480.789
261.299
211.524
359.844
794.488
722.495
130.772
164.434
281.655
794.488
605.518
795.251
843.318
889.828
550.829
548.57
966.094
922.208
605.121
870.968
724.754
923.643
403.18
165.136
489.853
546.678
195.013
558.58
746.696
232.368
466.597
666.28
931.883
325.663
718.589
879.116
693.716
919.34
59.9384
208.533
482.559
707.541
771.996
219.459
877.834
630.482
499.344
81.9422
557.024
591.449
224.189
273.721
314.28
27.0089
680.105
963.897
33.3872
612.506
361.187
609.729
22.4616
883.053
783.776
797.845
616.108
52.0035
155.614
860.286
451.43
808.222
110.202
297.586
324.137
372.478
661.306
539.689
30.8847
595.508
34.5775
75.869
104.343
377.88
532.731
485.183
846.95
193.67
89.4498
398.45
569.781
998.749
669.729
923.246
442.824
305.033
171.667
562.883
862.789
702.322
986.816
160.955
744.682
608.173
874.599
902.493
643.513
527.879
307.81
902.676
112.369
605.426
944.945
415.296
203.009
746.605
385.418
191.107
515.336
95.706
864.925
17.9449
701.743
146.977
45.6557
973.937
833.186
272.073
559.313
424.512
532.517
944.823
457.503
295.114
281.655
444.411
227.332
650.441
809.076
318.461
527.268
111.393
963.317
387.036
299.875
141.514
979.278
568.957
418.256
733.543
543.321
311.502
521.348
527.726
563.341
905.179
195.318
892.972
50.2335
464.064
156.804
2.1363
17.1209
853.938
594.287
432.905
801.935
348.43
323.984
324.9
720.511
295.267
916.532
625.05
456.008
573.443
450.331
452.01
90.5484
122.501
48.4634
110.782
186.01
325.694
854.915
789.331
819.849
527.421
606.25
467.635
981.994
467.177
455.702
71.4133
239.753
910.398
205.054
400.739
76.1742
257.973
601.337
865.566
808.741
415.601
853.816
559.16
494.064
703.909
28.2907
700.522
725.608
91.1283
474.563
977.386
729.881
529.13
943.022
820.551
667.806
674.184
547.227
141.575
547.533
773.888
228.614
564.226
654.714
1.1597
878.933
681.265
906.491
17.0598
777.337
368.389
35.8592
42.9395
498.489
685.446
12.2379
223.975
947.203
397.107
604.358
564.867
676.29
644.093
492.416
218.909
144.23
795.526
834.986
412.061
68.3309
14.6489
697.378
782.83
529.588
568.651
247.597
419.477
986.206
413.434
126.011
375.927
851.283
85.5434
895.383
947.111
791.314
431.837
976.653
485.519
401.502
208.014
978.118
40.1013
414.563
77.9443
822.626
598.468
98.5443
44.496
580.432
213.996
0.824
842.982
413.19
798.944
693.777
329.112
535.264
864.772
678.549
392.376
599.384
991.058
103.702
425.52
411.847
304.086
454.146
882.626
384.594
746.544
867.153
955.748
629.231
419.385
231.666
902.341
100.497
777.367
727.042
54.1093
694.449
959.105
957.305
38.8195
707.907
33.4178
337.596
246.284
565.813
442.763
888.821
69.5212
222.205
425.184
96.3469
953.001
141.24
696.188
990.204
778.253
264.595
171.331
101.138
619.037
871.548
11.5665
451.094
396.68
737.571
771.477
232.124
467.147
498.52
932.798
331.523
670.919
625.69
603.687
358.837
877.01
918.607
665.426
331.095
552.568
921.598
147.313
672.292
388.897
170.69
111.881
683.859
515.458
676.565
830.531
141.85
332.926
549.913
531.755
177.587
496.872
176.336
502.945
97.4151
82.7052
845.485
826.746
298.532
464.003
242.012
533.464
936.43
934.385
704.184
450.941
500.778
605.365
655.751
532.701
955.748
610.431
118.625
946.013
600.818
147.191
711.447
700.858
308.847
388.684
40.6507
101.23
297.098
794.885
890.744
800.134
87.8628
856.105
119.297
738.792
814.692
799.249
663.594
752.617
530.534
287.851
564.409
123.783
674.459
648.152
414.167
862.85
352.184
651.082
134.709
999.573
588
382.733
491.653
665.395
202.948
233.772
251.198
247.658
476.913
538.987
385.876
397.626
249.58
898.923
235.328
173.132
617.45
713.95
28.2907
97.354
882.656
963.042
672.445
414.716
910.001
757.286
217.627
325.449
548.479
700.491
899.838
479.812
273.568
587.573
170.69
513.443
706.259
471.999
620.258
904.843
165.471
633.808
198.157
936.369
909.97
478.927
640.065
40.1929
225.684
901.791
505.387
310.129
15.4424
141.82
732.536
460.646
46.4797
665.456
118.137
14.5268
512.589
104.617
626.148
0.305185
66.9576
783.38
933.409
940.611
982.086
863.399
117.801
412.824
592.517
640.065
895.199
963.408
677.633
20.2338
311.289
656.575
939.451
712.546
295.236
39.613
232.917
162.328
980.377
804.834
704.337
761.589
198.92
930.357
493.789
365.673
57.0391
580.798
158.849
648.122
995.88
548.631
474.99
324.107
245.094
517.991
769.066
774.865
75.8385
932.127
442.457
103.153
758.08
745.201
839.961
152.379
629.597
840.724
120.273
518.967
182.714
396.649
285.134
90.7926
574.48
979.4
22.5837
142.125
467.238
647.328
521.195
516.099
605.335
845.637
910.855
926.786
34.547
372.936
487.32
911.435
370.251
202.124
375.652
464.309
20.6305
435.194
789.85
883.633
771.386
174.627
543.931
862.331
637.715
591.906
971.74
354.595
390.576
974.395
910.794
248.634
662.587
32.1665
907.102
377.728
40.437
245.827
296.731
900.113
49.9283
536.515
320.78
579.333
439.802
39.3384
929.624
996.46
670.583
262.001
432.875
224.83
14.7404
408.826
651.601
999.359
174.688
152.532
728.233
910.581
824.244
634.358
251.35
656.209
980.285
973.876
851.009
879.818
610.95
69.8569
920.957
629.078
386.181
973.754
624.195
964.354
977.142
615.864
837.916
748.68
810.633
167.241
194.098
150.945
685.171
816.95
872.28
893.124
154.271
246.712
300.027
772.668
83.6512
584.521
418.592
491.958
288.705
117.13
668.63
325.236
657.979
544.542
353.099
654.988
669.546
56.0015
533.525
908.567
706.076
10.0406
115.452
926.328
74.8314
498.825
279.824
293.008
139.348
578.906
916.105
663.045
468.276
448.958
213.691
611.042
408.399
356.365
68.0258
39.3384
987.548
513.047
456.832
673.299
553.789
802.85
443.983
675.344
57.4664
560.9
966.033
910.215
381.756
206.488
58.4124
890.957
628.498
10.8646
677.602
938.444
765.191
780.908
774.59
584.765
539.811
739.982
777.154
752.129
69.1549
387.646
136.387
738.151
7.62963
618.854
93.8444
539.415
701.956
884.152
325.724
543.901
238.685
672.262
620.167
123.844
790.613
96.1028
244.179
160.344
168.126
863.857
156.194
30.7321
981.933
415.387
720.389
90.1517
323.191
506.668
79.4397
178.533
367.992
22.3701
841.731
184.21
811.274
298.105
239.082
195.379
537.309
734.001
411.603
270.669
433.149
980.132
975.707
360.302
750.237
476.028
531.419
408.673
921.537
624.348
265.694
169.836
239.906
380.993
307.505
767.357
304.056
542.314
990.967
529.283
638.142
510.788
683.309
129.826
391.705
820.612
333.171
569.14
525.925
204.138
396.252
21.8818
392.102
480.88
293.588
86.581
109.47
49.5315
59.9384
466.17
647.725
265.297
337.413
611.805
20.9357
482.742
371.105
360.759
499.222
46.3576
163.305
99.4293
244.057
9.33866
441.603
483.383
273.721
862.3
598.102
244.911
165.075
52.7055
255.47
120.121
398.022
577.136
616.138
425.977
748.527
426.344
250.984
319.437
637.013
165.807
483.84
269.021
837.916
431.715
27.6803
770.989
456.801
624.5
29.3588
840.48
581.53
580.859
178.442
309.58
513.169
505.509
36.9884
463.21
983.398
943.999
246.315
44.0687
264.595
77.6391
766.747
158.055
578.722
122.288
806.879
111.27
710.898
111.332
598.804
710.074
234.962
845.424
674.947
54.9028
256.142
288.705
803.247
360.027
77.5781
194.25
236.793
829.371
697.195
238.746
434.309
120.731
540.605
448.531
907.193
428.785
336.833
197.607
350.169
718.589
542.68
559.465
711.295
140.812
222.175
293.527
357.372
159.795
787.622
247.475
991.821
425.703
507.828
457.198
480.27
922.025
190.405
724.815
240.974
419.965
944.243
956.847
355.693
770.47
427.839
43.1227
57.5884
65.4622
490.921
558.275
752.464
199.591
614.277
66.2557
229.102
863.338
54.8723
310.221
215.796
499.344
102.512
67.8732
938.505
252.693
353.71
954.466
837.092
446.608
409.589
954.039
96.469
614.795
903.958
960.753
148.076
621.662
267.403
110.843
798.425
901.73
134.342
187.231
140.782
349.406
798.669
877.346
906.461
890.439
624.317
165.624
411.695
266.03
817.621
642.781
756.462
61.5864
466.872
11.1087
431.532
510.269
255.806
569.628
990.051
103.549
757.225
957.762
939.665
539.75
712.851
941.008
511.704
41.2
205.847
518.387
463.637
572.527
132.206
133.457
570.757
989.898
876.98
270.15
963.836
653.493
602.1
214.576
968.413
534.227
51.6678
264.26
602.741
345.592
281.075
165.593
389.721
732.231
216.193
61.3727
639.821
46.4797
448.958
729.148
860.805
744.011
175.359
391.797
450.789
929.807
682.546
881.863
330.638
85.7875
290.658
440.382
672.201
511.521
156.377
932.005
378.277
508.744
843.715
757.012
471.053
841.548
68.6666
242.195
44.7707
502.976
524.369
791.467
939.299
319.864
191.839
577.074
790.307
426.344
44.1298
53.7431
613.208
138.188
548.54
75.808
576.006
258.461
874.447
899.289
118.168
346.263
212.195
849.971
71.2912
979.553
109.806
938.871
938.139
543.229
233.1
205.939
985.748
574.236
456.282
73.9463
309.915
194.067
688.833
492.874
525.987
660.756
344.615
156.896
243.08
571.062
860.317
575.03
977.996
744.53
168.523
275.948
664.296
320.078
532.487
929.655
413.953
97.232
648.091
665.517
686.758
652.15
420.087
369.549
524.339
260.75
317.942
241.157
4.91348
159.642
718.436
390.79
574.969
175.97
140.538
760.063
413.984
257.912
779.26
145.268
488.968
936.735
244.514
605.853
454.329
251.564
911.405
38.4838
53.8652
168.706
787.896
198.92
181.066
25.8797
306.619
952.055
253.609
33.4178
946.471
31.6172
58.7481
363.262
90.4874
91.4335
725.608
857.021
26.8563
328.318
980.621
884.579
498.001
458.785
342.601
384.167
705.161
330.576
413.343
615.589
174.352
950.163
920.072
657.125
389.813
207.343
666.494
178.411
601.032
78.6157
47.8225
519.486
710.227
590.106
287.027
607.929
646.077
321.635
47.3952
745.14
129.826
733.024
578.936
793.023
240.394
93.8139
53.8041
792.199
684.5
298.044
247.627
543.199
178.137
344.584
222.724
181.829
845.698
765.221
169.53
279.885
42.6954
780.816
62.5324
502.365
508.927
467.605
286.721
352.855
257.485
714.408
891.263
37.843
106.876
251.717
626.209
981.597
261.574
535.081
418.683
22.3395
847.804
762.413
444.746
821.802
810.602
808.008
453.291
518.509
78.6157
353.221
498.154
156.713
402.509
996.338
734.458
921.751
773.492
621.448
435.957
713.523
828.333
809.015
889.248
88.9309
146.764
568.285
320.902
104.831
847.957
173.376
514.634
92.4406
391.614
384.075
273.476
894.986
990.997
832.759
384.503
599.017
542.955
858.394
241.401
291.543
482.376
569.201
781.61
873.623
466.018
415.113
894.223
461.684
293.344
51.088
954.68
408.399
969.481
772.82
642.811
473.495
317.118
305.857
700.339
176.611
43.7025
229.682
783.898
862.606
669.698
817.591
70.2841
511.49
224.281
573.87
769.646
823.328
115.543
249.641
203.284
610.126
79.9585
618.397
602.13
25.2693
618.671
792.413
282.083
662.465
826.167
361.614
352.824
54.6587
17.9449
135.899
615.619
605.121
63.1428
772.179
807.276
480.758
828.425
67.3849
845.851
500.29
639.485
199.133
234.504
547.227
166.57
694.174
279.977
539.75
639.973
407.331
281.594
488.571
801.569
291.025
347.392
673.666
499.344
237.312
993.255
471.633
330.607
773.125
181.646
864.559
240.211
890.622
956.206
161.809
480.117
793.42
327.647
966.094
836.604
839.93
568.865
914.64
531.205
465.529
573.504
227.18
701.956
364.177
435.865
592.029
870.602
711.295
907.651
420.759
302.713
708.701
887.57
3.87585
666.433
233.345
600.879
597.705
896.42
870.479
624.409
974.364
668.966
113.01
413.404
465.743
394.971
8.17896
486.801
33.1736
136.387
32.6853
926.817
393.384
353.038
477.462
349.315
732.383
885.647
123.661
1.12918
38.7585
81.2708
490.89
140.446
587.268
468.062
438.765
356.883
603.717
884.548
403.394
987.03
643.239
470.443
49.8978
282.052
712.424
425.245
622.15
483.688
666.89
940.458
770.928
464.217
915.525
211.676
141.942
87.6186
962.584
937.712
505.051
947.508
818.964
211.219
705.252
637.959
813.807
209.387
217.689
214.545
837.855
588.61
587.237
0.244148
549.577
991.18
534.043
393.811
575.488
569.262
6.25629
836.146
235.817
932.829
961.73
591.235
827.082
427.534
158.696
497.726
991.913
149.083
738.456
347.514
208.808
600.055
879.299
47.3037
931.791
395.52
304.758
220.069
411.725
923.948
926.206
401.746
730.735
369.121
401.532
490.127
80.5383
0.061037
891.263
602.008
816.492
134.281
792.81
994.629
317.698
681.478
734.977
207.77
185.766
673.421
613.208
83.285
812.098
686.483
946.928
817.011
845.759
562.853
340.861
700.827
593.127
337.016
330.668
710.227
880.276
773.522
394.91
593.707
409.528
422.071
414.045
620.411
141.453
596.85
358.165
642.354
733.39
185.675
484.298
627.247
565.966
695.486
824.824
318.155
388.806
440.443
248.207
176.702
116.459
278.97
873.074
265.419
806.146
805.689
117.252
225.776
348.094
404.767
162.755
8.48415
900.571
70.8029
117.862
511.704
599.689
403.76
658.071
783.776
576.281
683.554
426.435
946.745
810.45
431.318
975.158
496.689
855.251
363.17
529.466
137.486
961.028
142.796
354.808
803.797
631.062
838.954
8.9114
29.6945
140.263
494.522
260.079
319.712
48.0056
713.187
952.239
677.541
236.366
669.546
599.017
949.37
504.898
449.751
987.426
138.188
253.395
128.269
572.253
344.707
283.883
487.197
943.327
491.562
252.663
784.448
145.634
487.045
804.529
477.065
134.77
984.558
919.187
305.795
148.015
393.841
502.548
647.267
272.774
300.699
752.922
539.903
993.744
950.896
333.872
290.17
999.512
954.833
885.403
64.8824
30.3964
869.35
903.5
376.141
48.5549
812.403
520.981
865.291
511.49
767.602
219.275
291.604
30.2438
734.092
3.38755
132.725
194.006
378.521
70.9861
702.383
841.517
345.347
506.943
191.87
561.235
881.375
34.2112
542.009
701.254
931.059
353.069
551.012
670.186
358.837
99.0936
125.065
810.358
454.726
951.75
77.9138
624.439
379.07
924.467
385.327
636.982
703.391
367.779
300.79
671.773
702.75
716.575
239.113
826.655
556.871
512.406
833.705
926.756
115.085
733.085
73.6412
737.419
382.488
959.471
927.671
718.375
382.824
411.939
360.149
599.963
554.552
386.975
146.275
562.853
336.375
125.34
392.285
302.835
98.7274
643.483
166.631
761.193
76.7235
558.58
149.358
802.637
461.806
439.467
704.886
621.754
307.535
713.889
284.738
159.001
406.14
663.778
567.186
308.054
792.169
539.537
238.838
194.983
29.0841
324.961
825.495
311.38
935.667
183.538
477.737
782.006
907.712
117.771
118.198
548.448
491.897
872.707
856.227
750.175
368.084
614.551
76.1437
83.9869
395.489
416.395
106.174
423.353
880.154
81.4539
873.135
478.53
718.863
335.643
449.904
779.29
576.861
920.286
901.883
760.887
754.326
616.84
338.237
234.87
899.075
734.336
574.755
26.0018
220.985
90.762
313.974
56.2456
364.788
20.2643
249.55
657.521
596.973
436.506
0.183111
393.933
463.881
484.329
280.313
175.329
576.312
810.266
213.294
942.961
677.572
983.703
193.091
708.487
650.96
99.3377
201.544
228.095
622.883
92.9594
986.663
92.5321
817.957
801.019
8.27052
514.084
322.245
295.602
558.336
592.517
411.267
526.475
960.112
340.526
598.102
800.287
254.83
250.313
59.0533
129.673
280.221
682.302
592.212
982.269
548.021
857.509
765.526
461.348
826.746
734.611
410.443
449.812
835.597
552.965
117.924
747.734
955.992
323.099
892.148
735.74
366.955
45.4726
618.854
594.684
510.636
939.177
504.685
613.575
293.954
461.47
142.918
616.382
933.164
399.915
363.048
39.2163
846.797
817.621
519.089
689.444
504.074
133.488
374.34
717.185
634.541
118.473
237.465
831.599
705.13
89.053
507.279
291.971
71.1692
79.1955
281.533
705.863
707.633
272.134
186.804
164.678
926.298
473.189
85.0246
749.138
985.87
904.691
813.532
934.233
0.732444
104.678
614.124
926.42
55.0554
210.181
408.307
463.698
927.702
406.507
574.236
109.47
335.063
823.908
381.787
572.1
98.0255
662.648
742.332
80.9046
138.31
827.967
428.907
350.352
711.6
855.953
423.688
162.938
783.258
411.634
548.418
102.939
952.574
140.782
34.1807
471.389
832.545
156.316
187.414
914.274
290.445
940.733
807.184
794.549
456.435
945.83
511.032
839.991
905.789
671.041
625.446
97.1099
921.079
501.419
796.655
723.563
240.974
86.581
978.484
649.098
201.544
542.131
953.673
637.501
676.107
254.341
44.2518
779.656
720.481
569.842
168.004
949.919
329.508
151.036
896.512
256.142
211.066
279.275
671.621
15.7476
983.886
885.922
836.482
287.851
705.527
593.524
636.952
493.484
136.753
548.173
850.215
155.034
648.274
323.771
196.539
286.142
176.458
679.952
190.435
462.813
134.19
454.848
587.603
107.974
682.882
373.699
83.6512
19.8981
272.042
55.0249
421.4
675.893
853.114
994.995
562.151
342.845
672.658
811.548
77.9748
525.651
52.4613
530.015
420.972
784.631
62.0746
190.374
225.501
453.413
490.066
558.489
300.119
288.644
20.2033
221.747
464.949
582.171
19.6234
851.1
891.385
767.754
843.745
910.031
99.4903
53.0107
65.4622
592.242
270.486
108.036
534.532
268.99
29.1757
341.777
672.933
227.638
354.106
797.784
913.022
982.055
770.348
200.14
684.5
937.071
481.948
181.249
856.349
687.216
600.177
222.236
40.315
731.925
123.569
337.809
661.702
887.478
826.289
36.0729
204.199
177.923
710.746
585.65
534.654
485.702
181.219
119.846
714.225
742.882
594.195
610.797
202.246
945.128
341.99
243.324
858.669
769.036
125.767
220.923
651.601
74.1295
574.541
534.349
476.577
71.0471
865.505
724.418
992.828
436.781
503.372
170.232
883.816
158.574
913.48
934.08
447.584
387.646
6.01215
694.082
923.673
83.7428
367.077
796.197
462.264
732.17
232.673
956.297
142.644
914.06
902.829
644.307
946.257
11.6886
750.572
680.837
91.3114
829.798
483.596
78.2495
635.182
413.739
813.593
656.88
750.053
846.919
190.435
468.062
579.333
307.138
756.798
554.979
79.7754
164.617
179.785
82.6746
756.798
402.02
515.946
368.542
697.897
137.913
765.465
844.142
811.853
535.234
272.103
480.3
678.793
875.454
625.538
706.229
918.119
80.2942
221.046
353.71
479.934
461.928
134.617
658.528
766.991
982.665
467.879
849.239
992.462
806.024
820.704
355.327
680.776
419.813
46.4797
165.868
716.971
112.827
947.295
369.518
851.161
86.4284
64.1804
407.605
64.3941
981.78
220.283
71.3828
702.231
104.617
971.191
774.621
781.701
128.849
620.319
132.664
378.948
559.008
955.046
379.833
502.701
734.733
359.386
655.416
360.454
656.819
460.311
690.39
423.78
417.158
963.225
925.81
198.218
513.199
833.125
593.829
104.831
828.669
478.103
793.207
379.345
561.235
90.4874
89.7549
394.848
879.208
803.034
673.971
314.92
587.237
815.119
606.037
482.833
583.85
146.641
180.364
453.322
390.698
174.627
940.306
73.4581
535.478
609.394
374.523
518.326
69.6738
66.4083
826.38
688.07
2.28889
890.378
647.267
872.585
930.845
386.944
125.553
90.1212
650.685
119.51
222.053
5.79852
24.5369
426.344
643.3
836.421
892.666
814.631
284.005
148.045
305.216
387.951
570.177
952.391
858.669
963.225
733.512
7.99585
416.242
32.9295
548.784
733.238
995.178
229.835
565.477
636.311
100.314
449.599
364.727
669.576
287.332
287.851
872.982
413.739
234.535
948.149
263.314
498.276
106.693
276.559
476.302
164.617
490.524
80.0195
890.835
378.155
683.828
383.343
176.855
395.032
619.587
782.678
860.958
190.802
205.878
550.462
635.945
656.087
362.987
648.793
946.135
966.43
539.384
307.23
878.842
32.136
986.969
321.116
894.131
434.492
577.837
727.134
423.566
754.295
442.915
11.7801
869.289
699.667
214.362
509.629
34.8521
938.475
152.593
146.916
518.937
42.4512
939.421
187.384
103.092
448.744
418.287
136.174
664.937
845.149
63.2954
458.235
648.122
885.678
457.839
267.281
619.922
642.354
564.074
642.109
948.271
699.515
64.9739
725.517
128.819
297.037
559.893
263.253
794.122
428.571
894.436
738.273
935.179
301.157
406.903
757.164
367.534
62.4104
371.868
844.63
972.594
201.514
421.888
302.561
745.537
530.229
229.438
289.773
181.188
150.426
229.713
778.588
29.1452
313.974
665.609
544.694
949.004
581.652
736.259
846.583
97.3846
186.865
130.436
950.529
178.167
11.0782
725.852
157.414
986.175
76.4489
735.771
488.205
976.745
962.554
84.0785
683.309
892.026
52.9496
290.292
673.025
974.7
18.5247
645.344
174.871
801.294
442.701
959.838
574.023
265.572
996.155
665.609
743.278
743.858
66.1641
552.324
958.678
972.869
247.658
919.889
567.156
672.079
601.428
428.144
562.304
441.298
86.4284
425.153
724.662
964.751
72.2983
35.1878
482.681
53.3464
337.748
787.774
150.548
555.895
461.898
68.9718
699.545
670.644
14.3742
176.275
718.223
688.742
450.484
257.973
719.077
700.308
117.557
918.973
446.547
294.717
279.153
773.522
343.516
786.431
562.792
726.615
832.209
997.223
737.938
265.114
565.691
126.408
230.354
540.025
306.497
740.471
279
520.707
588.427
412.458
141.484
2.89926
817.53
43.672
255.104
751.549
969.237
397.87
758.812
559.252
537.065
879.727
282.815
502.518
889.737
88.5342
412.275
176.122
692.679
179.052
730.705
187.384
550.218
559.374
849.971
691.458
524.796
958.8
332.743
248.787
689.23
395.581
913.846
786.37
368.633
76.4489
926.572
943.419
227.973
759.178
340.464
583.178
861.415
608.905
316.66
752.22
40.0098
80.3247
686.911
867.824
274.087
856.288
262.795
415.54
845.698
373.943
381.359
937.59
968.719
970.916
593.127
593.341
231.605
180.761
899.106
73.7632
980.193
211.158
442.64
150.212
795.373
134.007
63.0818
639.424
723.533
820.46
616.382
65.7064
414.777
150.7
469.955
801.813
825.739
531.022
77.6086
969.329
642.781
248.115
40.5896
880.215
82.8272
693.014
561.357
300.699
226.63
985.107
696.066
318.491
542.039
28.077
312.387
94.9126
752.647
528.55
158.3
282.937
708.64
8.72829
948.759
392.56
415.632
344.829
875.942
884.671
878.109
861.812
449.843
274.728
913.45
516.129
75.0145
27.3751
593.036
197.607
269.875
523.453
466.506
681.845
934.965
880.184
225.349
263.863
576.067
906.674
962.432
605.121
889.065
974.914
683.187
824.396
611.866
88.4121
225.379
364.086
50.5387
929.106
242.958
663.259
185.339
164.068
410.779
168.401
763.176
793.481
506.363
713.553
282.449
820.429
524.705
800.562
277.078
24.6284
482.528
811.274
805.231
120.762
68.453
682.333
549.547
82.7357
794.916
74.3126
435.102
915.281
808.191
566.21
170.812
654.134
13.3366
906.4
621.326
875.912
669.301
851.741
414.869
498.978
111.179
625.752
694.021
156.682
755.974
527.024
415.082
924.039
47.1816
719.382
102.603
678.976
495.834
735.038
465.224
880.123
472.701
721.641
779.077
41.3221
909.421
965.056
445.051
684.957
563.524
718.345
626.179
54.9333
4.57778
869.076
371.166
370.708
977.05
475.509
130.802
903.653
296.274
703.269
72.8477
656.697
934.294
193.518
102.298
929.136
450.819
394.299
992.767
546.983
426.832
885.739
535.569
41.0474
55.6047
230.781
112.644
553.148
548.997
382.55
599.536
752.251
513.657
179.632
4.39467
541.765
954.802
960.356
750.298
838.832
62.8681
827.631
5.52385
207.282
439.863
595.294
969.573
625.416
920.988
947.539
520.096
169.53
648.701
842.25
127.72
895.169
554.735
689.84
444.472
696.371
906.552
338.786
472.304
425.092
74.5872
398.938
718.162
51.3932
176.458
934.019
241.188
146.092
754.265
54.5671
999.481
466.659
141.362
442.457
400.922
928.19
675.1
338.298
466.414
740.165
411.054
23.0415
509.873
990.631
495.834
324.9
742.454
458.663
854.213
182.928
706.687
937.01
346.904
798.669
947.203
845.21
55.4521
406.507
823.511
415.54
850.154
194.952
872.311
231.941
897.488
409.162
624.165
404.157
263.253
166.478
282.174
157.567
267.8
16.2664
167.608
120.609
749.26
774.865
339.824
90.2432
891.202
667.257
296.06
557.726
771.233
306.803
157.567
774.987
286.325
544.084
248.39
643.483
611.53
715.781
472.884
206.458
848.018
325.663
398.328
26.1544
16.6936
688.192
449.049
226.722
54.2009
566.362
117.771
484.634
966.674
334.88
601.154
747.642
798.09
700.125
765.13
963.347
569.445
507.645
846.706
598.773
844.874
669.301
798.395
232.49
80.6604
740.379
681.387
999.908
414.136
178.564
13.7028
173.406
48.0056
815.729
479.995
658.742
886.715
573.87
908.506
688.375
580.889
956.42
922.178
493.576
636.586
346.263
169.683
236.03
744.804
641.56
543.016
980.895
988.22
260.842
287.149
991.485
80.9961
48.2192
409.131
128.086
298.288
110.66
291.818
631.275
251.015
117.74
919.218
71.0776
162.969
95.706
619.098
743.828
806.055
247.078
729.85
297.037
749.779
826.624
97.0183
864.467
81.6675
605.365
806.452
491.897
254.646
953.795
59.6942
135.441
217.322
75.1671
598.804
13.123
484.085
421.094
585.467
591.388
300.699
819.086
342.082
987.457
561.998
345.042
860.164
69.1549
637.501
470.84
482.467
33.2652
761.895
518.418
665.487
743.278
145.756
952.025
227.943
608.6
463.79
539.323
992.248
285.775
875.576
913.266
224.25
983.459
236.366
565.111
778.649
651.692
653.432
800.836
355.358
837.764
43.9467
691.214
773.553
488.907
851.863
547.807
669.515
483.81
578.417
955.077
524.705
173.559
283.975
890.713
429.945
714.042
716.453
965.056
492.233
470.077
222.999
310.739
290.597
273.598
101.352
154.332
286.66
816.309
546.678
600.36
596.942
958.19
850.337
659.902
32.3191
233.711
6.95822
54.4145
811.762
336.314
386.181
826.289
855.678
862.606
624.5
286.935
65.92
97.5066
394.696
334.635
498.428
122.135
208.075
672.201
834.223
24.5064
906.43
956.572
56.032
495.621
999.329
411.237
736.045
591.144
503.8
932.951
840.907
940.58
441.969
223.365
461.165
184.881
653.188
978.027
370.434
923.887
76.7235
662.465
820.734
954.649
161.87
908.17
480.758
82.0643
560.595
58.3514
922.758
283.273
760.186
895.871
564.592
506.333
811.335
83.3766
473.067
885.342
808.344
348.491
934.812
652.669
277.2
943.571
201.025
529.679
128.666
412.458
312.479
877.224
331.4
195.227
410.443
387.158
962.584
101.84
440.474
596.24
791.498
186.346
655.08
3.23496
52.5224
52.5224
821.345
71.2607
564.074
122.837
539.75
895.718
849.147
900.967
580.92
819.514
414.319
760.155
645.863
777.245
843.196
288.034
456.465
648.61
860.378
719.504
582.324
403.15
22.5837
488.235
910.031
317.148
192.999
429.395
161.321
44.0382
454.634
663.228
366.527
819.697
620.075
692.007
698.996
583.422
992.676
740.959
577.319
296.762
536.119
874.538
441.359
240.272
108.463
919.523
108.28
570.36
916.837
725.7
114.994
916.959
849.086
796.075
953.154
303.751
838.618
817.042
602.832
171.575
918.882
120.67
271.737
786.889
123.112
609.455
745.018
815.912
886.654
175.329
253.365
346.416
106.754
144.383
264.565
137.822
517.563
777.764
105.075
380.932
535.234
360.576
818.232
749.077
230.262
910.337
164.769
21.0273
583.087
35.0963
172.277
57.9241
678.884
974.029
139.714
414.563
998.291
350.017
503.25
366.863
459.975
667.287
469.68
636.708
371.563
83.6818
823.725
595.08
944.731
490.005
815.271
225.166
531.205
427.137
533.128
626.362
235.817
872.311
671.194
340.403
62.3798
425.642
93.5087
281.503
249.55
928.556
104.526
550.615
951.842
44.8622
830.378
916.227
922.941
836.177
618.061
242.042
357.189
862.514
858.333
643.574
545.457
839.717
138.493
654.103
501.724
384.594
131.962
181.799
216.498
879.513
129.795
539.415
693.777
986.908
621.693
326.884
427.046
845.851
831.446
449.202
471.328
481.307
614.338
50.1114
766.9
457.625
621.632
643.178
871.456
307.321
139.103
221.046
756.584
766.533
505.722
624.928
824.915
348.43
518.326
954.802
804.468
285.684
729.392
301.92
675.741
373.424
43.1227
584.948
288.766
743.706
516.984
770.684
825.587
102.939
774.316
261.055
764.641
463.546
934.721
727.073
503.494
900.815
468.123
171.484
296.03
366.466
879.055
501.236
660.237
90.3348
627.033
390.851
912.961
600.879
189.886
717.978
987.976
896.054
675.497
352.794
193.304
796.258
888.943
581.774
64.6077
9.64385
260.75
947.691
970.061
942.076
542.924
786.92
623.676
781.823
678.61
245.125
163.121
891.69
751.915
52.797
948.363
38.3618
424.146
841.762
736.625
491.287
762.535
283.944
391.461
521.775
867.702
833.857
780.633
333.75
206.336
355.296
19.776
957.549
55.3301
414.899
718.406
137.516
963.103
522.172
383.557
745.567
635.029
98.4527
638.417
750.633
148.93
455.611
411.176
276.681
906.98
565.6
751.274
779.473
229.774
902.463
428.48
873.898
999.786
137.669
971.801
842.83
259.499
970.489
303.568
358.898
171.026
873.959
626.118
450.606
243.324
38.5754
716.086
243.446
233.131
294.259
283.578
508.011
626.087
291.971
551.897
545.793
104.068
726.676
713.95
444.166
905.362
882.29
422.529
231.971
483.2
280.16
969.268
966.247
369.915
712.668
309.793
282.388
652.028
442.213
590.899
438.185
963.012
848.109
335.307
383.16
399.976
301.492
941.74
884.793
270.455
550.401
654.897
242.378
75.2586
395.55
663.045
620.411
634.236
938.536
478.286
531.785
760.552
183.447
256.6
503.128
390.393
273.507
213.538
452.895
573.717
143.376
791.711
813.41
232.643
868.923
736.625
928.617
93.7834
495.407
737.083
758.11
700.522
625.69
785.913
419.507
911.649
549.028
918.119
599.445
792.627
192.511
481.796
365.368
305.673
675.893
598.804
408.765
704.947
750.969
971.068
251.411
42.8175
907.407
688.742
445.631
694.174
425.489
196.6
299.905
304.056
157.476
75.1061
161.473
65.8895
318.796
791.833
786.34
735.496
70.1315
79.9585
828.791
288.003
171.88
100.223
981.048
623.768
492.08
41.9324
794.794
228.858
649.129
319.926
715.415
197.272
570.452
23.4382
360.485
520.615
248.573
773.156
573.534
51.5458
475.509
642.689
284.555
47.4868
837.123
300.851
708.365
700.369
748.222
30.7016
912.168
559.13
810.45
782.159
283.273
251.167
272.897
913.45
928.953
408.673
878.414
778.954
538.438
206.275
874.966
818.567
739.891
416.364
475.112
305.338
482.131
388.287
543.474
407.758
473.312
857.509
794.061
722.373
207.312
991.089
278.817
933.683
609.607
575.915
448.256
757.256
832.972
755.516
565.508
821.924
235.328
222.175
755.486
648.122
70.3146
270.241
469.619
378.002
921.964
616.993
648.335
413.587
414.624
397.473
361.553
619.617
229.896
239.265
209.449
247.047
961.211
823.725
263.741
233.436
837.397
839.595
831.69
36.4696
847.072
735.679
823.237
657.247
294.259
178.411
3.20444
8.78933
317.209
620.899
909.36
286.996
401.074
889.37
717.643
499.435
416.181
193.609
836.329
808.771
212.836
467.513
509.323
846.858
304.209
445.601
211.066
655.812
668.02
382.641
113.315
412.152
198.889
821.772
405.713
590.625
842.372
317.637
750.786
723.533
941.465
521.134
655.324
412
827.906
531.571
38.789
745.781
188.177
922.514
780.48
786.981
236.763
348.094
525.925
274.941
226.814
135.258
535.051
207.862
330.21
768.822
852.046
457.717
418.012
675.192
578.814
74.4346
772.393
211.402
533.555
436.079
261.635
265.175
74.9535
900.754
9.24711
372.936
373.791
116.733
88.3206
761.132
913.053
647.267
272.683
218.207
497.818
65.7064
375.774
202.551
556.291
177.984
209.052
93.0509
12.8178
527.909
690.207
988.586
514.634
842.311
133.427
962.493
293.222
571.52
252.632
178.472
442
182.104
908.383
774.071
890.774
357.646
130.528
917.722
859.218
763.909
447.737
946.287
69.7348
534.898
54.0483
988.525
501.602
135.685
845.759
981.567
967.132
758.721
857.479
485.763
291.543
909.116
130.833
204.901
377.667
336.131
545.518
617.695
936.338
966.369
644.551
626.82
164.22
995.178
984.985
631.794
150.517
792.413
45.3505
931.913
292.734
779.351
220.893
865.474
503.983
931.883
937.834
591.845
492.447
67.3544
418.134
921.903
894.223
571.001
126.164
103.946
541.063
717.49
427.686
970.794
644.124
244.942
493.454
354.289
174.902
337.077
978.057
174.078
224.738
669.576
505.325
105.991
624.104
677.297
491.775
236.976
602.802
698.538
339.03
612.598
772.668
152.348
526.749
83.3766
213.446
405.377
637.226
356.182
943.785
484.359
842.708
656.911
557.848
290.567
886.959
910.825
309.702
472.579
92.41
846.644
425.825
613.361
423.505
930.784
927.335
888.119
138.371
537.858
743.614
849.086
59.3585
263.802
397.87
493.423
994.11
787.805
46.3881
270.913
338.115
189.337
152.44
186.804
390.423
126.53
576.159
657.155
413.221
782.006
361.888
271.981
967.009
982.696
3.99792
123.081
552.171
399.609
472.182
852.535
88.7478
234.169
778.161
78.0053
265.145
296.67
364.391
351.573
287.21
884.06
96.4385
307.443
59.1144
362.499
139.988
156.133
326.945
861.354
503.983
179.937
816.614
984.71
530.9
386.883
896.97
946.715
115.787
979.247
799.707
37.141
934.751
792.444
927.091
823.237
464.553
361.248
278.817
993.683
74.8314
769.005
529.405
252.266
973.205
936.186
786.859
165.929
285.592
504.929
564.684
374.279
52.4918
975.402
997.772
66.9576
422.468
250.191
833.735
134.465
823.969
243.599
230.811
899.35
397.229
711.02
893.857
833.583
467.116
955.84
579.18
168.554
337.992
569.201
500.168
803.858
192.48
859.432
664.083
421.155
374.615
126.896
672.17
209.54
839.198
441.176
13.5502
108.158
48.5244
75.9911
384.96
972.991
97.4456
259.163
66.4388
573.321
348.186
392.682
885.769
825.098
356.334
400.067
801.233
166.234
368.999
356.944
635.334
481.368
176.489
60.8844
989.959
480.972
598.712
697.195
874.294
942.564
387.707
256.233
77.1508
718.925
827.326
859.676
814.57
920.499
811.548
650.258
683.859
177.465
682.394
403.119
455.855
388.775
609.088
513.565
736.229
863.033
789.209
518.174
26.9173
258.705
253.548
805.475
219.703
229.377
555.803
672.018
52.1256
179.998
127.934
380.84
557.939
41.0474
583.3
377.789
42.7259
466.475
747.703
322.336
616.413
361.461
700.888
89.2361
813.318
146.947
608.386
397.137
331.645
666.311
626.118
220.161
423.261
141.026
658.284
639.241
965.026
81.698
250.008
288.98
743.095
559.832
396.13
56.3982
981.506
747.673
547.136
188.238
645.863
131.718
593.707
462.172
553.85
306.223
110.904
579.241
823.664
753.227
643.574
432.875
691.336
514.817
313.639
411.359
228.858
164.708
531.571
389.66
993.622
984.466
91.7386
566.851
140.69
751.244
434.675
805.689
29.7555
43.0921
355.846
630.146
856.624
468.215
943.571
537.828
342.112
723.93
26.0323
782.525
8.54518
892.392
910.154
284.097
75.1976
878.567
691.885
821.558
504.501
397.351
920.53
165.349
229.591
415.418
897.702
305.704
94.882
454.634
392.254
432.539
540.849
662.954
52.6444
823.878
563.921
59.2059
297.433
298.532
983.428
857.936
966.002
389.752
546.007
280.465
509.964
895.413
899.594
758.751
7.08029
961.699
967.254
937.864
778.497
356.212
753.288
383.648
890.713
86.8252
111.698
401.746
323.832
22.2175
509.11
874.081
86.9778
670.98
312.937
519.242
61.8915
774.834
636.158
482.925
856.838
872.921
270.272
664.846
451.094
492.599
736.961
687.826
911.954
123.997
990.387
916.318
965.117
633.381
801.294
429.395
699.942
272.774
353.526
355.48
190.558
941.221
85.2382
474.563
314.554
854.366
305.063
494.003
549.669
278.451
615.101
904.843
30.8237
485.092
671.804
824.03
647.816
582.812
316.05
729.545
465.224
382
603.442
494.125
246.254
949.248
766.381
624.226
360.79
7.32444
638.966
110.05
859.92
837.214
576.128
793.756
997.345
838.16
397.992
660.512
979.766
402.448
391.125
960.784
226.508
260.75
897.366
567.858
920.682
954.314
521.958
478.835
132.054
590.381
492.233
863.948
294.046
537.431
197.638
570.879
314.951
215.522
442.824
490.921
105.472
639.119
444.838
692.221
803.552
867.672
105.625
727.073
477.34
21.0578
591.479
19.1351
588.641
15.595
749.87
737.388
996.49
676.687
395.856
61.9526
783.776
385.174
998.779
249.58
686.88
912.9
800.439
403.424
410.291
603.717
896.298
354.717
607.288
557.176
310.801
561.876
807.642
969.573
598.163
433.088
73.9769
289.865
999.603
979.675
668.233
346.507
688.559
204.932
508.316
100.803
135.289
136.387
697.928
183.63
121.372
906.217
909.299
871.7
436.293
787.133
900.998
659.444
786.645
589.434
951.506
82.8578
949.675
325.724
490.31
951.659
701.987
549.425
707.45
645.558
555.132
273.202
422.559
631.703
828.974
874.081
995.483
858.73
94.0275
890.835
558.367
184.179
514.573
120.182
352.214
491.256
123.02
918.546
447.401
651.448
557.512
114.2
630.482
988.891
293.283
438.215
738.578
403.088
899.747
878.018
221.656
806.177
354.106
861.934
215.186
30.549
942.808
679.647
903.5
863.796
782.067
45.1979
455.214
366.588
489.151
209.174
312.784
130.253
34.7606
525.407
116.184
629.81
308.756
879.543
42.9701
329.112
429.792
884.854
845.607
694.235
330.393
252.083
366.894
771.02
648.671
239.235
815.912
483.749
457.991
587.634
584.216
310.556
865.688
850.826
884.793
491.836
12.1464
522.019
994.354
428.541
501.785
866.817
380.261
425.825
796.503
867.092
493.942
438.856
603.626
182.531
510.849
976.653
789.087
536.21
799.646
820.551
847.285
429.792
400.647
713.248
458.815
595.416
295.633
674.886
167.333
90.0906
749.687
102.145
706.87
438.856
506.485
307.26
10.651
733.024
118.778
652.089
433.027
89.7549
194.464
934.538
215.339
379.345
840.052
183.233
727.226
626.118
82.6441
516.587
514.634
989.532
551.775
222.175
685.751
731.559
202.155
713.797
665.853
76.7541
358.684
521.073
852.84
371.075
865.108
968.871
204.199
445.54
617.145
702.322
287.027
591.784
262.062
713.828
821.894
54.5976
345.164
28.1075
252.48
448.775
684.896
702.109
371.685
5.52385
257.759
294.992
535.508
55.8184
374.248
465.682
496.2
655.812
426.954
853.267
385.876
761.284
992.309
896.939
881.558
857.204
566.973
751.61
83.285
448.592
720.389
955.687
136.357
318.979
944.426
6.62252
128.758
962.493
981.689
501.419
295.602
96.2859
913.45
997.375
61.037
659.352
788.781
250.099
949.675
203.436
75.808
984.771
898.007
83.3155
716.483
856.349
997.955
351.97
66.1946
756.279
202.948
766.9
499.374
120.334
28.1381
814.234
962.279
395.398
776.299
156.682
254.402
320.017
319.895
411.451
319.773
176.183
971.679
664.418
328.745
667.898
473.708
627.125
832.82
582.751
637.471
842.402
772.271
893.307
665.029
845.21
618.976
453.81
683.34
684.591
435.194
949.278
522.935
713.492
129.398
252.266
271.401
52.1867
690.909
844.691
634.205
631.886
684.072
459.67
632.771
224.555
783.532
601.123
672.14
365.551
631.825
95.7671
508.896
574.847
800.47
335.154
150.548
783.38
135.655
363.079
218.085
370.891
270.272
465.133
802.545
721.122
582.812
416.364
346.812
700.98
385.113
43.3668
584.49
969.787
619.831
257.21
66.1031
524.613
848.628
213.111
304.971
388.745
812.922
753.563
73.0003
848.292
348.247
790.582
878.658
144.292
932.981
784.112
157.018
26.2154
653.31
971.953
205.115
72.6951
865.688
508.072
391.43
186.285
337.321
165.441
672.933
168.493
146.855
759.545
949.675
780.663
125.828
948.485
288.43
197.913
122.44
567.034
546.922
261.605
868.984
149.419
429.579
437.025
733.757
798.181
506.302
882.321
139.225
54.8112
225.074
535.081
927.519
928.953
450.392
622.669
453.993
741.386
558.031
502.762
691.183
938.505
617.695
239.998
123.234
533.036
695.029
825.526
713.004
328.501
803.858
444.929
722.282
582.873
539.995
701.804
667.165
267.8
928.22
202.063
189.215
580.279
513.016
406.323
123.966
861.873
225.166
155.797
547.868
582.934
54.4145
778.436
85.0246
547.288
60.6098
181.188
255.165
973.846
753.563
835.292
143.376
611.438
373.363
59.6332
173.986
543.291
102.634
510.147
268.593
836.879
741.356
279.672
170.69
696.005
875.881
515.824
217.048
270.974
73.3665
962.767
337.931
783.135
133.122
332.682
567.003
120.365
925.26
914.09
842.158
559.221
848.994
322.153
378.735
770.562
441.237
798.364
396.252
764.336
166.631
964.934
479.751
930.387
920.652
440.565
357.372
830.988
276.711
224.158
374.981
901.608
8.94192
251.717
449.477
716.269
921.293
33.9366
781.823
973.388
514.481
779.717
110.965
858.821
522.599
912.412
790.338
941.862
849.574
384.96
467.421
260.872
937.315
700.064
648.488
754.631
97.1404
41.4441
929.167
695.364
834.986
423.17
172.185
280.374
702.078
262.246
413.953
37.7819
702.322
281.838
780.511
203.253
787.591
150.365
194.739
723.38
471.908
763.451
155.828
42.5428
96.5606
574.602
372.143
329.081
776.208
880.947
528.977
297.159
558.214
470.29
972.228
280.648
826.289
535.966
589.404
715.14
479.141
265.053
669.149
684.53
916.013
7.26341
20.3558
688.162
359.996
429.64
132.725
285.043
550.676
564.043
659.017
771.172
336.833
153.6
1.25126
546.373
201.117
204.016
281.594
326.823
247.444
146.214
479.019
859.523
682.516
516.861
13.5807
295.022
322.794
562.181
558.977
874.477
158.208
672.445
364.91
87.5271
503.525
52.3392
870.51
957.152
768.914
534.165
890.011
607.41
381.146
939.665
151.891
771.325
886.227
897.122
473.006
393.597
764.733
519.73
348.216
985.961
991.791
851.497
237.953
890.408
872.036
486.862
333.75
106.906
181.219
270.73
83.8954
842.067
146.062
484.573
259.865
434.187
292.825
425.001
845.119
812.311
696.554
781.579
527.451
143.864
661.733
719.26
76.0826
828.822
366.1
72.4815
384.747
495.132
498.52
556.658
461.959
152.806
421.918
403.577
149.968
162.328
893.429
326.792
853.42
173.62
871.914
223.579
58.8702
692.099
445.021
519.059
926.939
428.022
406.293
559.526
737.51
85.1161
514.267
960.753
470.046
745.018
964.019
317.423
299.814
503.525
103.305
180.486
291.33
515.213
923.948
708.09
70.3146
102.542
359.508
896.573
755.669
85.3908
921.506
797.998
931.852
987.915
704.184
630.024
944.334
278.085
289.987
184.851
297.922
297.525
586.627
443.068
440.229
36.0118
126.957
798.73
710.837
408.795
863.094
802.362
738.029
191.656
985.748
827.418
63.8447
270.547
800.439
567.186
279.183
361.858
191.565
767.571
449.293
859.951
705.344
102.878
112.339
967.284
783.38
600.238
630.879
764.672
177.923
519.059
178.289
376.843
79.8669
91.8302
141.453
889.981
990.967
32.7769
220.222
177.526
871.212
219.794
5.79852
290.567
593.432
457.045
318.766
568.651
235.084
723.411
88.0764
127.781
239.723
813.868
52.3392
881.497
978.515
779.534
64.6687
751.488
743.461
72.6951
282.174
223.823
703.848
803.491
21.6376
907.224
856.288
13.6418
562.426
249.428
500.565
374.767
677.633
68.1784
271.889
215.796
175.451
52.6749
261.33
287.79
231.239
892.3
254.921
170.415
791.955
188.025
623.676
727.836
833.979
804.102
894.833
519.333
756.005
814.478
536.21
571.551
687.613
701.987
984.771
418.104
995.361
965.239
450.179
813.013
767.113
790.155
525.559
24.3843
556.505
942.167
135.716
114.322
168.096
535.508
854.64
111.301
764.946
835.353
123.386
481.552
79.6228
749.901
399.792
805.445
10.1321
167.608
770.592
65.2486
381.726
796.991
58.1988
450.392
155.919
664.022
952.757
86.581
868.221
924.467
200.354
594.989
575.457
146.489
380.016
887.844
94.1801
720.786
298.868
106.449
811.426
553.209
538.53
108.28
848.781
697.531
182.47
408.826
861.324
83.285
256.783
985.046
252.724
996.216
914.823
846.217
87.405
466.201
897.183
778.741
481.216
220.344
298.502
170.934
752.068
356.334
172.185
324.32
111.301
392.682
3.90637
157.079
177.74
852.596
586.047
706.961
94.7295
36.8358
323.16
338.542
532.365
142.766
500.961
62.5629
355.51
384.777
548.936
872.341
239.204
273.324
828.608
503.922
12.5736
708.426
978.454
526.963
12.3295
43.611
346.446
171.148
227.515
777.062
542.283
795.74
516.495
25.6966
639.271
407.636
677.175
439.07
58.4735
134.831
652.455
708.67
665.456
60.8234
651.265
329.203
111.209
326.853
467.086
768.303
948.515
907.956
775.079
700.4
554.827
968.963
688.589
461.562
393.323
206.854
357.158
380.963
642.72
86.0012
886.502
146.062
727.744
371.746
361.95
856.594
781.213
869.259
256.996
924.741
568.865
773.98
7.38548
477.187
908.536
539.171
32.9905
415.235
114.475
667.806
987.671
789.331
498.642
333.995
519.333
644.52
459.487
241.279
320.75
992.798
190.191
623.005
752.831
68.392
537.248
791.894
821.192
522.965
40.4065
144.597
787.622
716.025
686.056
27.4056
197.638
757.714
404.004
369.854
605.121
459.456
840.51
491.714
775.628
849.422
437.086
990.631
649.342
408.185
347.942
115.452
845.119
682.028
226.02
532.853
986.877
428.694
409.803
891.964
633.259
953.154
541.459
94.8515
92.2575
788.842
148.076
677.908
901.914
380.902
217.078
210.73
257.942
927.641
296.701
119.205
170.415
36.195
153.6
838.404
629.627
349.528
517.93
701.743
563.311
799.585
947.722
473.037
866.176
644.185
343.73
927.091
282.723
943.266
145.878
385.388
425.031
630.726
742.363
613.361
706.351
838.313
123.295
984.954
472.213
627.552
309.519
321.055
109.836
786.493
587.909
308.267
417.493
846.706
84.872
903.684
14.6184
977.477
709.006
632.313
74.5872
913.358
993.622
183.599
160.527
570.696
871.517
212.653
446.364
510.483
912.503
752.953
103.427
902.554
54.6281
146.764
134.8
148.381
361.583
899.197
437.819
818.293
835.902
362.377
376.446
59.0533
820.612
656.056
644.642
129.063
19.8981
730.644
702.231
215.918
670.156
979.217
563.799
194.128
892.453
304.453
222.877
478.195
758.263
47.1206
491.836
627.644
99.1852
681.875
539.018
860.5
591.876
686.941
904.66
130.802
149.785
494.156
276.254
927.396
152.989
924.955
805.17
448.958
546.678
19.1961
245.369
312.906
340.403
662.709
695.822
453.413
538.957
919.858
227.485
365.093
35.8287
477.615
176.458
348.766
501.328
107.028
384.259
915.433
795.495
548.753
166.814
4.63881
938.078
728.233
292.947
173.528
166.326
707.724
754.234
412.915
111.82
280.526
606.647
746.544
627.735
614.277
666.28
269.723
297.647
849.116
339.366
783.776
157.567
57.2832
368.542
682.363
661.702
470.412
776.299
246.101
423.872
380.413
787.042
1.49541
765.404
620.533
8.81985
300.699
601.093
32.8379
656.148
778.1
694.174
828.303
94.882
840.327
811.609
245.247
491.043
845.424
811.365
413.739
843.898
127.995
192.022
830.378
185.43
526.17
137.181
351.329
227.027
566.637
584.674
108.89
234.321
964.476
352.733
258.187
412.397
593.31
853.999
960.265
581.5
582.781
428.602
507.492
425.184
698.935
827.845
998.321
92.1659
664.174
879.116
466.567
432.691
572.893
864.101
872.311
650.929
59.1144
640.95
860.378
654.714
372.356
41.8409
692.495
883.969
17.7007
577.258
259.651
898.465
117.008
977.996
580.889
507.035
146.55
606.494
694.327
718.863
208.411
268.471
347.301
298.105
490.86
456.282
391.583
203.711
74.6483
554.857
289.773
694.845
741.447
42.3292
639.393
383.801
939.909
215.522
120.64
17.3345
566.851
472.457
774.59
267.983
718.772
682.363
17.1514
315.897
70.2536
675.314
296.274
503.525
35.9508
381.817
797.357
843.471
371.593
654.408
104.099
661.092
370.922
301.675
220.71
153.417
314.554
366.985
861.476
144.963
327.097
182.165
414.167
822.321
298.593
227.973
483.84
728.294
26.7037
332.53
422.59
797.327
235.969
238.777
752.068
713.004
630.116
72.3899
884.823
369.03
633.839
741.325
50.6302
715.201
980.468
798.151
834.346
769.097
801.202
796.808
230.964
75.2281
373.089
674.398
625.019
392.804
180.975
189.795
599.628
892.88
450.301
950.285
982.025
646.901
807.031
56.9475
31.6782
687.368
220.557
900.998
177.374
422.01
886.196
141.087
208.991
682.73
203.253
394.147
331.034
190.527
505.295
669.912
983.489
717.826
698.263
81.1182
836.482
729.118
463.271
860.103
865.322
781.549
180.181
213.538
911.466
466.414
227.973
46.0829
636.311
172.979
818.293
84.6278
273.843
455.733
18.5247
434.034
88.1985
286.538
120.701
95.7366
942.564
972.655
12.0853
480.697
885.861
22.1259
704.154
447.523
163.03
737.693
675.985
897.366
555.589
820.307
188.299
456.557
458.235
763.939
224.708
278.695
598.437
322.428
215.552
496.689
804.437
829.859
202.033
356.761
728.538
655.812
595.325
565.325
931.822
576.647
187.994
879.818
236.152
343.913
573.656
475.051
750.45
231.269
630.879
116.214
476.333
841.456
227.851
669.851
900.998
953.795
804.254
983.52
481.796
694.54
985.87
666.585
430.433
810.175
889.096
802.057
701.498
325.938
270.882
121.464
592.975
369.976
180.731
674.093
863.826
445.112
270.913
521.317
775.689
928.892
420.972
487.716
964.751
83.4376
833.216
500.076
549.425
356.487
254.921
545.579
381.329
254.372
483.901
780.206
844.508
568.896
813.318
818.995
109.928
238.533
572.466
739.036
251.473
626.27
419.294
826.746
129.307
493.973
541.246
600.269
447.066
455.763
420.545
138.951
889.187
191.137
320.078
250.252
744.713
198.889
146.367
506.119
923.307
373.333
845.698
679.556
770.531
184.301
989.654
612.903
587.817
741.6
706.351
49.1348
264.077
525.529
613.819
457.076
924.589
64.9129
911.313
382.061
4.02844
343.394
285.104
353.404
649.373
215.552
785.363
879.635
859.096
614.002
329.356
562.67
265.145
828.974
988.464
862.911
963.652
641.102
714.164
545.366
300.485
589.16
660.085
339.122
18.6163
153.844
755.821
840.785
672.689
138.676
688.894
193.121
717.368
29.5419
951.445
570.818
176.122
613.91
107.242
3.6317
296.121
641.163
936.033
568.987
95.584
805.139
610.675
484.817
210.181
830.103
564.287
134.159
944.456
941.71
202.46
552.599
934.416
503.708
117.924
409.68
327.952
102.237
963.195
16.0833
889.065
858.18
637.562
387.066
931.7
249.763
945.189
894.04
490.677
225.929
379.62
535.051
634.602
891.903
192.083
356.09
327.83
548.418
398.663
53.4379
747.459
365.825
883.572
289.407
461.745
473.8
254.189
752.007
376.019
748.802
604.511
489.914
852.351
79.5312
842.708
554.43
909.452
392.895
739.769
478.774
908.811
220.069
354.808
627.186
633.442
85.5739
993.744
943.785
165.41
499.466
357.219
133.457
468.581
834.468
34.669
805.689
82.4305
869.076
999.786
612.049
833.735
277.779
264.443
909.787
971.77
850.185
347.423
981.292
634.022
719.352
713.004
342.112
47.7615
381.695
837.397
167.821
374.493
788.812
57.741
371.105
603.107
292.825
861.049
360.82
398.114
726.768
768.334
13.7028
309.366
400.616
471.084
890.53
249.123
294.931
375.927
227.027
643.056
232.734
213.446
732.353
161.351
311.35
868.038
724.54
436.201
375.072
84.4142
635.792
671.59
810.419
207.678
417.707
552.232
444.38
612.568
878.353
357.555
828.12
978.332
482.192
686.728
685.965
65.8895
644.215
701.59
812.25
153.02
49.3484
293.191
196.295
783.868
28.5348
78.6157
657.46
989.288
522.752
633.869
770.806
634.236
666.066
869.594
365.459
48.2803
519.303
955.473
376.263
595.416
985.076
699.728
330.149
339.732
435.896
789.972
248.726
463.149
86.3369
801.721
247.871
591.113
640.736
380.474
616.108
682.882
247.139
504.196
652.455
642.415
289.743
231.849
45.6252
306.436
49.8978
844.813
75.2892
965.514
767.968
786.676
416.822
74.4346
136.357
308.603
830.836
308.817
755.974
225.776
518.906
623.035
586.291
691.366
426.344
466.781
921.262
394.36
273.568
816.004
921.537
87.7102
597.308
174.352
234.718
852.504
582.659
201.849
734.825
4.63881
967.559
126.591
911.985
50.9354
800.684
595.874
943.785
599.536
334.239
123.173
979.736
632.099
832.636
787.011
669.637
43.5804
578.326
337.901
467.391
855.647
856.532
370.037
741.417
10.1321
199.347
713.309
223.182
149.297
671.163
702.567
824.61
287.851
475.997
480.056
355.846
784.692
668.722
987.06
175.115
518.998
250.801
801.569
300.821
678.121
432.325
477.767
18.3111
62.7766
340.77
543.596
511.765
316.294
958.922
813.013
552.751
983.642
572.13
168.645
776.879
807.123
506.729
471.908
579.211
164.403
440.748
755.577
160.436
55.5437
67.9952
356.609
754.509
544.816
397.198
144.047
569.079
64.2415
466.689
499.283
470.443
484.512
756.92
204.23
943.297
359.539
80.9961
894.162
357.738
251.534
235.359
231.086
73.7327
542.009
191.137
454.421
414.93
635.548
108.158
464.187
42.7259
962.371
952.025
94.4548
762.2
686.026
996.307
731.956
290.628
522.233
990.692
936.796
20.3558
575.64
276.223
221.381
307.169
599.963
629.292
644.002
314.829
588.58
115.085
372.57
948.027
101.291
732.505
875.973
904.294
233.68
130.772
898.129
376.049
635.304
180.242
871.761
434.828
482.864
677.236
927.793
627.796
814.997
965.453
156.652
818.812
134.251
754.418
277.932
804.804
683.248
916.501
374.31
738.701
300.638
543.596
846.217
890.225
263.527
45.0148
243.599
775.994
22.5837
567.522
130.833
189.917
235.694
518.662
640.858
165.166
6.86666
475.448
875.362
399.152
736.686
258.4
806.665
172.582
489.7
453.413
838.038
293.863
286.416
161.596
678.121
100.284
224.83
259.407
686.483
46.9985
838.557
949.37
345.714
915.128
597.217
883.389
17.0904
170.11
956.206
639.332
635.426
502.335
860.927
832.545
499.71
79.6228
112.766
643.3
815.76
544.847
502.548
41.4747
146.947
288.247
117.71
489.914
429.67
26.8258
729.667
407.3
709.006
221.412
667.379
172.277
251.808
362.865
83.7733
949.767
192.877
658.742
20.661
120.609
370.342
151.616
178.9
596.484
507.157
800.287
799.951
800.012
394.086
554.979
564.714
593.066
231.391
958.159
916.684
932.89
784.509
301.767
714.713
538.285
510.758
872.677
622.364
346.812
312.784
316.782
139.775
44.1908
75.4112
654.012
684.286
447.188
641.774
974.639
626.24
21.3324
385.235
348.491
686.117
314.737
33.1736
978.637
599.2
588.855
899.167
129.917
453.993
428.266
179.388
864.803
610.92
609.668
469.863
116.214
607.074
12.299
160.649
130.619
953.917
850.612
863.216
810.511
233.345
9.85748
527.116
989.135
399.365
767.602
402.753
167.821
690.542
679.891
505.692
747.673
60.4266
915.86
739.402
286.325
531.724
820.032
332.316
811.823
380.413
984.954
745.811
723.807
556.291
614.338
708.823
314.371
246.101
458.968
535.966
439.009
985.534
105.808
384.96
369.243
226.081
901.852
609.76
358.165
763.604
294.168
865.627
950.224
933.958
867.244
122.44
566.21
983.123
858.455
242.561
395.062
516.648
433.882
279.214
123.386
436.11
504.624
151.769
534.349
267.647
365.703
854.701
506.577
289.712
938.353
855.281
445.265
365.459
897
837.55
675.588
886.99
462.508
448.134
830.714
736.656
142.46
199.927
764.763
672.628
200.018
190.68
22.9804
44.2213
132.511
792.016
399.274
243.812
941.313
965.453
612.995
801.019
473.403
361.644
636.494
526.017
617.115
859.127
703.787
607.776
632.221
698.691
532.487
73.6412
396.1
869.686
789.727
516.587
847.316
904.691
333.384
496.017
407.453
738.395
260.292
519.12
663.167
787.408
291.818
7.96533
88.6258
906.858
529.099
159.856
90.8536
380.261
108.249
105.777
157.994
598.956
787.622
274.514
392.895
586.932
997.436
367.779
212.348
27.9855
384.167
853.114
493.637
950.865
379.772
380.352
949.797
728.751
827.937
28.4127
14.3132
549.791
197.851
788.476
17.2124
14.3132
417.676
189.215
933.195
15.2898
857.723
471.694
483.077
558.367
495.804
218.513
870.724
677.389
795.282
844.874
934.965
102.023
327.189
856.838
999.786
833.796
667.837
283.792
202.246
285.989
603.046
190.588
580.737
144.841
170.324
676.29
703.848
607.471
569.994
265.267
121.677
152.776
476.882
97.5677
420.759
502.304
783.746
823.786
163.488
926.298
307.138
611.499
493.851
551.988
488.144
169.591
690.085
830.103
617.695
195.929
446.303
815.638
619.16
155.278
163.457
419.507
918.455
793.756
31.5256
287.088
433.515
295.511
183.996
459.883
214.057
488.632
705.649
476.882
762.932
5.58489
775.475
71.2302
570.391
805.689
725.181
119.297
892.727
964.507
295.328
997.65
305.795
137.425
869.747
4.4557
65.8895
603.381
969.787
1.92267
807.703
294.443
789.666
935.301
612.049
718.68
53.8957
385.144
973.815
181.127
978.637
809.503
701.224
210.486
616.993
631.001
278.603
596.606
371.441
826.716
722.739
945.891
952.483
175.542
464.827
160.375
566.515
820.521
289.254
747.063
613.178
301.553
859.828
363.201
673.696
715.384
865.627
504.685
71.5659
158.269
316.843
742.79
786.798
108.737
22.6753
416.272
4.73037
905.667
781.64
184.698
81.2403
978.149
316.355
349.345
204.688
984.161
483.688
347.972
536.912
513.016
791.406
329.691
113.468
509.079
752.8
216.041
285.501
71.9321
110.416
154.79
983.276
790.277
460.28
772.454
583.514
264.595
307.627
131.962
661.611
976.501
85.5739
801.63
409.589
158.818
167.974
941.71
1.49541
825.068
407.544
814.722
687.399
612.506
230.811
625.996
896.695
596.362
820.856
100.314
133.152
730.827
418.989
701.468
941.618
73.3055
277.383
900.266
728.446
448.164
292.673
397.839
716.727
706.046
852.84
710.379
817.621
235.176
928.22
21.0883
698.599
881.161
937.803
706.412
830.714
930.754
422.163
441.816
795.099
316.599
54.4145
294.565
630.94
699.118
20.1117
708.426
505.417
580.981
297.708
787.53
487.381
111.85
870.602
785.424
705.527
738.09
401.959
205.084
672.75
354.93
403.974
416.852
57.9241
116.55
432.142
199.957
685.842
560.747
336.436
114.353
47.1511
204.26
100.284
108.615
99.3683
265.084
298.776
270.608
639.821
667.959
707.053
126.957
32.5022
989.288
90.4569
397.534
569.628
497.726
707.846
611.255
248.695
947.081
558.367
489.578
247.688
276.589
904.477
503.708
878.079
876.797
100.772
512.009
297.739
574.969
261.422
883.541
765.313
998.383
796.289
14.2827
716.117
470.229
347.392
642.415
442.213
95.3093
157.628
868.16
656.941
191.229
401.532
285.501
725.394
721.732
510.788
131.077
842.402
887.936
24.9336
857.143
938.871
534.379
998.657
34.4249
597.858
525.681
497.055
991.638
761.803
749.809
210.059
96.8963
511.887
905.057
717.124
88.9615
701.071
726.157
433.668
362.621
721.61
806.207
770.44
615.802
188.971
670.431
536.882
764.489
822.748
258.339
119.968
530.992
305.979
470.321
469.771
612.568
404.706
934.538
422.651
836.451
128.117
651.448
393.902
207.19
210.974
670.888
970.702
253.09
699.942
459.151
436.354
577.441
924.07
111.332
758.141
21.363
631.947
65.7979
68.5141
344.157
575.64
477.035
172.277
827.265
323.374
902.585
110.05
708.518
581.896
460.982
309.915
852.87
809.87
116.581
357.86
565.142
403.516
247.505
918.943
952.33
235.939
152.989
839.839
740.379
830.927
656.758
964.507
952.635
952.94
461.898
693.838
355.663
894.375
414.319
820.734
79.165
241.34
330.454
671.773
315.714
399.152
545.701
86.8862
506.851
658.834
839.9
268.136
921.934
85.7875
895.871
28.84
35.5846
12.4821
947.539
474.349
610.492
415.082
773.736
645.619
891.232
956.877
693.838
157.231
815.851
978.362
721.824
360.485
651.296
216.376
534.44
63.2649
958.831
532.548
410.596
337.748
295.785
433.027
797.143
447.31
560.045
660.451
658.193
423.811
382.977
639.18
263.924
326.518
478.072
55.7268
574.816
713.858
350.139
354.961
878.14
359.325
272.805
433.332
832.362
743.004
939.36
311.167
576.342
349.315
693.747
64.3025
58.8397
302.988
748.253
796.869
245.369
374.065
293.191
936.247
357.982
883.297
905.942
631.855
804.559
539.171
164.617
538.255
953.856
737.785
873.592
764.641
412.458
357.006
805.933
271.249
960.112
575.915
370.312
494.766
799.127
750.816
107.639
482.986
274.85
879.33
423.994
320.78
723.014
683.462
466.384
128.3
600.024
843.135
547.014
412.671
553.087
411.328
22.9499
54.2924
585.803
942.289
36.9274
709.555
975.799
363.414
25.7271
910.337
100.375
123.142
402.478
642.384
827.113
645.009
318.918
683.37
624.348
619.77
914.151
481.674
49.5621
166.692
955.809
858.028
770.226
395.306
280.099
309.977
774.407
398.389
937.101
201.727
927.061
208.441
446.913
619.648
528.306
747.917
74.0989
174.993
29.8166
304.849
525.315
535.539
565.783
565.294
977.233
966.43
454.207
733.512
840.999
662.557
325.907
771.386
168.92
152.867
35.8592
288.125
110.355
558.397
14.5878
111.85
322.306
984.771
215.064
73.6412
741.508
831.141
311.472
36.1644
624.195
296.03
306.284
697.47
259.59
861.965
201.88
201.392
263.466
39.491
892.666
86.0317
858.089
152.745
934.111
601.184
44.496
446.791
345.439
926.206
74.16
298.776
101.138
319.59
125.126
813.776
468.734
731.468
589.801
586.413
848.018
910.062
880.245
910.367
268.899
533.647
157.292
215.613
203.497
399.274
889.859
16.0527
849.055
199.103
650.227
147.801
537.461
916.166
52.4613
579.852
428.632
370.22
239.113
578.295
142.644
945.677
823.389
505.356
488.052
31.7698
692.343
34.1807
941.862
207.678
577.929
61.1896
37.965
702.322
801.721
96.8047
319.864
161.107
99.704
415.937
14.069
250.679
933.531
749.535
80.5994
132.542
194.037
798.334
796.503
337.321
704.123
350.261
529.008
70.3452
426.069
282.479
854.335
480.667
780.755
229.347
678.213
923.49
984.069
198.004
515.152
748.65
807.337
912.015
581.5
645.375
667.776
165.105
859.706
74.984
455.275
965.972
789.331
822.901
1.73956
754.875
741.234
200.72
599.261
474.349
931.364
930.326
473.464
774.285
930.082
240.486
617.969
133.122
423.566
208.045
896.725
176.489
383.282
874.02
819.88
973.937
300.15
166.692
899.899
595.874
639.088
162.481
994.049
711.447
170.69
715.934
539.232
508.286
336.314
990.02
85.9401
716.391
302.072
918.302
37.08
16.1443
859.157
129.856
998.23
612.964
825.587
368.267
645.283
258.614
106.51
936.155
516.373
501.572
68.8498
196.081
633.259
446.76
386.608
659.932
359.63
806.513
13.0619
696.646
401.532
523.698
436.506
390.912
356.822
748.497
874.844
583.392
719.81
449.751
566.576
623.615
746.941
442.488
813.227
867.306
90.3348
112.613
930.174
448.897
605.06
620.228
761.895
360.729
236.274
862.545
918.027
370.281
393.139
977.966
386.059
806.33
714.835
672.414
677.786
745.567
635.731
149.022
164.525
630.94
655.538
922.971
758.66
852.901
720.786
301.645
596.728
324.534
623.737
812.952
880.886
582.476
825.465
361.339
534.776
444.075
608.6
394.208
830.164
752.8
966.857
858.882
640.431
242.47
136.57
232.002
477.371
52.1561
177.77
402.661
967.284
922.514
509.659
689.932
922.941
604.999
807.733
776.635
667.501
515.549
168.554
840.297
766.472
163.244
948.302
662.679
824.244
385.815
181.127
999.115
501.267
922.941
984.313
988.556
408.307
358.867
855.556
886.349
33.7535
965.331
269.387
900.235
360.454
475.875
478.652
411.084
328.196
323.557
926.939
359.874
798.303
372.295
179.144
81.637
176.092
673.971
775.597
368.236
348.308
281.869
916.044
40.6812
90.701
652.394
380.352
812.525
603.015
665.517
591.693
725.517
326.701
795.801
228.187
938.871
702.75
465.194
290.292
153.05
24.5369
108.432
28.84
450.056
43.0311
982.91
641.133
830.195
480.117
253.456
140.568
228.248
106.296
384.472
306.711
288.766
539.232
369.213
121.067
682.638
419.08
828.639
596.21
245.827
117.161
510.636
403.027
721.885
634.053
220.71
203.65
388.775
843.226
715.751
95.1567
352.092
736.93
591.693
71.2912
785.455
830.134
696.951
907.804
899.258
378.674
102.054
377.819
919.401
568.712
157.567
203.742
856.929
332.408
670.766
651.57
349.895
947.447
733.116
174.047
358.959
75.4418
229.041
9.00296
997.345
396.771
557.787
138.829
277.169
496.445
599.353
517.808
53.0412
158.94
455.824
972.991
943.907
727.256
999.359
685.293
514.786
682.333
757.988
656.972
499.68
100.04
170.69
71.5354
346.568
140.904
742.821
952.666
865.993
229.408
133
27.8634
264.168
79.0429
703.207
204.047
342.753
219.275
562.761
559.984
145.024
180.761
637.776
263.1
831.263
994.995
797.266
316.233
63.4785
164.495
567.125
540.513
681.478
760.338
463.363
701.071
950.926
802.393
475.478
181.402
164.983
579.546
731.651
113.041
880.978
65.0349
876.888
366.222
572.497
84.3837
195.044
308.39
979.583
390.912
6.68355
736.473
936.552
306.192
372.967
889.126
960.295
80.9046
638.05
945.494
379.131
632.832
840.114
916.349
284.28
817.866
523.179
334.208
84.4142
890.713
980.346
648.549
945.555
311.106
459.853
732.047
896.359
551.988
365.612
404.92
881.161
65.981
982.757
382.519
541.276
66.3778
760.002
553.575
6.19526
278.481
679.922
994.171
475.692
318.369
748.405
624.866
874.233
854.549
134.19
916.227
358.867
209.082
990.6
549.669
962.127
554.735
489.486
439.497
150.456
363.506
100.04
22.6142
580.462
263.863
642.354
222.053
833.186
962.34
147.954
990.509
408.521
385.388
58.2293
840.144
760.491
699.057
791.986
265.328
654.622
360.881
213.05
463.79
629.231
862.087
30.2438
262.917
841.09
314.768
659.444
657.704
77.2729
541.673
580.279
865.902
214.454
823.695
718.192
307.077
906.247
962.004
882.87
412.061
780.786
811.06
794.763
668.233
929.044
938.2
730.888
807.764
965.545
566.698
320.597
544.542
442.579
458.296
523.423
766.137
899.045
891.263
319.498
587.176
325.48
390.423
144.414
170.263
326.365
365.734
599.17
720.817
760.735
314.707
466.842
561.663
142.674
746.147
567.431
694.479
583.148
480.361
481.368
753.349
553.331
482.925
673.818
757.378
252.297
887.661
50.3555
568.316
858.943
365.429
475.814
459.548
450.026
494.98
286.874
702.658
865.688
291.665
330.454
577.746
303.11
550.981
558.428
713.981
920.347
162.603
710.501
166.204
230.873
51.3932
115.94
134.526
570.574
901.791
146.001
732.383
418.012
321.268
347.728
709.738
849.91
599.933
790.735
537.767
912.076
721.824
658.284
761.101
188.055
784.356
613.453
23.6518
346.141
482.559
972.259
674.886
946.013
813.593
214.393
361.98
286.569
658.437
863.369
515.091
576.098
396.802
266.732
130.955
205.603
211.554
308.267
761.925
407.361
238.502
582.842
116.031
79.0429
218.574
65.4622
174.963
55.4827
807.917
805.841
235.572
608.814
202.46
679.312
781.579
458.144
233.497
725.913
591.632
70.7419
589.709
108.646
989.959
535.02
322.703
221.778
645.772
787.194
292.154
981.109
827.723
472.945
706.229
827.021
519.822
224.616
414.258
471.664
304.88
636.219
107.639
921.567
421.705
716.391
84.994
806.757
902.432
101.596
738.09
548.021
196.173
810.236
414.838
393.048
185.339
818.628
815.485
853.175
0.61037
241.127
577.96
571.52
541.063
394.543
209.357
154.302
105.747
528.764
19.0741
996.185
42.6344
504.654
210.242
630.696
821.589
200.323
785.638
638.02
437.117
927.427
424.177
639.882
547.99
638.081
984.71
414.075
258.766
204.566
792.352
659.2
950.682
552.049
365.093
441.115
67.3238
926.328
735.496
852.168
261.818
77.6391
24.4453
914.67
811.396
641.53
423.505
259.743
705.924
498.398
241.127
612.873
316.568
392.773
170.019
617.054
50.5997
593.585
431.288
25.483
898.923
876.644
951.811
794.458
282.296
610.797
230.995
107.669
103
228.675
53.3769
864.101
407.178
863.674
703.146
658.986
565.416
433.821
836.604
791.375
376.751
954.619
669.546
327.189
2.89926
361.278
635.029
751.244
138.829
622.303
168.004
237.312
325.724
424.94
773.614
69.6127
813.166
214.484
34.2418
245.338
875.881
868.282
713.126
790.002
992.309
785.546
609.058
817.347
790.368
674.734
319.834
864.437
167.333
819.178
570.147
533.25
489.578
102.695
259.804
970.397
278.726
576.067
889.431
215.766
290.475
845.82
518.693
951.872
392.071
66.5304
914.823
684.378
144.963
818.018
45.9914
885.952
498.825
648.183
577.38
134.037
503.037
563.707
524.857
774.133
442.152
248.573
723.411
139.409
301.187
293.008
266.366
858.76
967.681
212.897
571.306
283.395
75.6249
541.826
229.316
564.409
899.228
776.543
293.741
411.359
200.598
456.984
164.525
64.333
439.741
162.786
724.631
509.812
251.564
706.503
884.487
471.877
596.942
305.612
191.137
210.425
493.698
14.5268
657.857
656.819
734.123
197.119
470.809
918.973
494.888
321.848
729.026
686.789
245.949
860.347
873.531
569.14
864.284
570.666
962.554
893.765
359.233
946.806
448.469
1.43437
115.299
114.994
612.873
565.355
58.7481
959.258
316.324
967.223
654.256
755.791
218.665
261.299
137.974
99.3072
126.225
757.469
893.246
400.952
622.456
754.814
374.859
740.104
637.715
456.74
488.784
350.688
115.085
599.048
832.728
523.85
427.87
822.108
704.825
207.526
705.374
318.43
285.775
84.6889
723.289
787.011
901.242
411.542
514.512
225.166
770.257
396.222
357.158
590.167
146.886
400.464
295.633
860.53
259.896
744.163
851.283
529.557
958.159
394.91
78.4326
61.3117
466.903
323.923
623.035
341.197
161.962
808.466
938.597
651.357
767.602
463.515
317.484
203.192
884.304
282.815
892.3
757.683
253.304
470.992
264.412
364.544
663.32
348.003
915.86
752.22
906.156
107.12
60.3046
399.091
687.674
707.541
90.1822
817.957
899.716
683.157
275.399
84.3226
159.825
148.534
870.388
140.446
24.8421
783.41
285.714
905.545
784.387
76.8761
480.178
724.326
240.669
612.842
230.079
184.423
381.207
677.389
431.532
834.437
349.986
969.909
92.2269
833.216
623.859
698.965
169.103
62.4714
800.348
844.05
907.712
733.451
902.799
864.742
839.9
18.4332
609.668
638.356
95.9807
739.952
313.639
907.285
187.597
646.779
417.188
17.365
917.508
309.763
770.592
228.675
572.405
167.913
659.047
379.589
55.6352
755.974
244.514
185.766
115.207
644.856
869.228
955.199
323.862
126.591
126.377
0.21363
967.437
174.23
105.197
528.642
497.543
708.64
715.476
293.771
705.283
703.024
498.886
786.401
271.218
156.835
832.667
248.268
849.513
469.771
932.218
289.56
340.495
247.658
558.702
390.942
509.873
71.0776
838.069
71.5659
609.119
258.187
97.5066
4.51674
154.607
152.989
125.98
860.714
520.951
970.061
764.55
162.389
505.051
727.348
233.07
927.946
517.136
298.166
99.8566
388.714
555.04
113.254
299.57
559.465
617.908
544.939
106.632
943.602
715.598
503.586
469.771
154.363
129.917
278.909
614.277
733.329
84.3532
156.102
317.82
947.386
477.95
838.862
766.747
845.424
840.144
210.15
398.389
356.334
162.236
462.477
635.975
708.853
762.505
127.934
922.575
955.138
840.297
40.5286
959.899
879.147
876.186
760.949
558.58
70.9861
533.952
495.621
5.95111
448.592
220.71
41.261
357.616
7.53807
961.608
786.035
559.252
81.3623
744.987
298.257
804.559
892.148
994.934
534.837
35.8898
673.757
326.609
199.591
993.774
148.656
241.218
283.578
721.274
639.21
916.684
318.003
929.93
595.172
750.175
371.41
133.183
818.506
809.076
322.398
953.703
166.54
846.095
438.765
510.483
15.0151
35.1878
794.58
292.703
262.154
84.7499
556.444
425.916
154.79
883.389
670.248
737.083
718.467
335.643
979.4
524.735
71.688
543.382
305.857
440.443
406.781
988.83
525.712
387.829
917.57
876.064
169.652
845.546
455.824
286.966
580.523
520.066
197.394
307.779
158.33
735.13
99.3988
782.556
724.845
463.454
429.548
850.032
538.224
407.636
149.144
919.706
989.532
35.6456
430.769
243.843
511.887
978.149
92.0133
741.295
734.153
692.984
226.478
229.499
409.467
803.919
813.135
721.03
150.975
18.9215
585.803
940.855
505.02
35.3404
943.266
720.42
393.78
337.26
181.86
425.031
458.022
291.787
831.599
70.7419
331.767
450.514
376.843
286.874
379.681
462.142
143.345
780.358
928.617
502.945
632.191
458.51
524.491
630.787
82.461
866.298
246.071
969.237
543.718
93.8444
606.403
128.239
239.235
811.64
73.2444
767.327
501.816
588.153
740.471
707.205
62.8681
147.496
180.273
497.085
976.562
722.526
9.09452
842.952
959.441
159.886
197.18
803.369
427.931
933.5
653.615
159.398
14.069
721.976
118.015
864.345
840.938
707.48
890.408
979.888
339.122
250.832
429.579
4.79141
885.739
100.345
352.58
2.68563
46.4187
789.789
865.322
434.431
702.811
382.092
156.255
102.176
845.18
215.186
784.356
111.057
313.15
806.024
592.029
254.311
264.443
568.651
175.268
728.996
653.493
503.616
441.267
587.512
501.022
513.84
285.195
832.24
236.183
503.922
917.661
558.458
891.842
918.79
873.47
52.8275
434.706
878.109
233.467
252.846
11.7801
562.67
90.64
474.136
393.597
8.94192
791.162
811.274
396.344
968.047
982.543
119.022
563.646
985.443
999.512
979.766
889.218
357.707
618.915
563.28
862.087
122.257
715.262
785.821
614.948
736.839
847.56
673.818
457.717
604.358
309.397
339.122
576.708
100.009
673.025
471.908
181.188
256.386
358.654
757.225
878.75
763.207
260.72
121.616
559.923
437.391
961.821
216.376
574.267
820.795
565.722
42.9395
478.439
60.1825
681.143
127.415
137.913
727.653
586.627
150.151
463.485
735.954
108.829
436.415
563.585
6.19526
244.575
215.003
594.165
43.733
58.4124
50.4471
86.8557
78.341
887.051
355.205
37.08
925.169
381.146
388.501
532.975
222.602
416.883
647.45
206.61
203.619
407.361
57.1612
289.102
656.087
46.0524
865.902
549.852
229.102
12.9093
651.448
902.371
741.447
674.703
345.286
956.969
647.603
310.678
680.471
302.255
319.071
894.986
969.451
796.228
295.633
966.826
618.427
648.396
164.068
619.892
284.249
574.236
219.855
142.186
80.1416
803.125
568.255
337.382
736.32
221.015
821.467
58.9923
122.105
429.243
47.1511
989.074
35.7982
0.305185
125.828
191.778
668.02
712.638
172.094
474.166
645.192
44.5265
177.007
84.2006
59.6637
709.83
527.238
778.558
392.102
515.091
557.329
790.246
732.78
320.841
791.62
728.446
207.923
387.402
31.7087
940.672
17.6397
886.654
946.104
369.488
990.967
861.202
317.515
434.431
65.0655
411.969
605.457
970.611
594.623
395.611
978.759
755.119
897.092
412.854
475.448
652.821
940.947
369.274
445.814
912.259
582.629
389.386
934.782
643.3
258.553
365.581
160.009
7.78222
538.469
923.276
742.18
154.149
446.272
82.7967
843.043
427.534
954.955
400.555
868.404
886.471
561.205
869.167
891.446
657.491
346.721
359.264
453.23
158.971
431.99
883.175
896.298
725.242
228.614
462.111
887.631
662.252
397.229
878.536
287.606
266.457
916.288
93.997
20.6
837.458
168.645
614.612
103.977
216.224
452.101
584.826
491.44
880.184
819.544
891.293
887.051
125.523
655.934
57.1306
186.438
369.518
897.732
209.296
700.949
102.512
300.851
898.648
821.314
521.928
664.205
55.3301
277.047
379.04
413.984
860.073
647.877
69.9484
456.191
812.311
283.273
501.999
702.292
777.612
286.355
766.472
175.512
294.168
718.772
149.785
103.214
920.743
682.18
513.26
901.883
906.552
433.332
573.656
460.738
964.873
188.208
115.085
631.001
431.471
772.149
664.144
325.816
588.855
771.691
658.65
138.188
437.849
344.951
642.445
882.534
697.806
346.171
516.312
966.369
316.416
920.988
376.934
998.474
270.638
228.767
975.158
539.384
939.97
448.164
324.381
400.861
832.881
722.007
490.86
400.464
948.546
197.913
96.5606
977.233
554.094
820.948
566.576
575.274
659.505
34.3944
651.509
201.025
970.733
45.1369
256.844
60.3961
602.771
809.381
109.958
682.669
333.689
395.764
296.487
436.506
680.929
881.436
196.814
845.149
581.072
437.574
854.549
606.555
954.436
760.704
307.505
724.845
935.698
505.905
913.175
659.322
51.6678
878.292
199.347
897.366
127.812
38.789
271.523
857.387
204.23
480.911
308.115
528.184
242.866
34.0281
174.749
750.694
907.01
650.349
689.199
548.692
194.006
631.031
567.705
414.624
203.284
448.012
584.246
956.664
819.819
817.988
974.059
813.349
595.111
184.393
612.415
242.195
606.861
263.894
0.0915555
288.156
578.143
813.746
586.84
938.597
37.5378
275.613
463.698
170.66
802.057
453.444
956.084
297.861
562.639
879.788
148.137
521.165
855.586
28.6569
870.418
91.7997
198.92
29.9081
181.097
991.791
676.778
41.8409
873.318
537.614
751.854
938.505
38.4838
814.905
587.97
467.238
217.902
348.643
663.289
533.891
173.376
916.44
956.114
770.409
808.252
910.337
484.054
42.4512
269.997
153.935
477.889
52.7055
765.862
580.798
971.709
695.639
122.471
680.166
89.816
321.055
621.021
116.794
813.013
561.785
138.859
431.013
503.494
882.168
129.246
224.464
971.831
503.403
470.016
739.158
365.581
862.239
712.76
234.901
661.611
259.011
763.543
72.0237
43.1532
851.466
526.688
905.271
943.052
650.38
542.528
895.352
33.8145
673.605
150.639
344.31
946.837
914.365
209.693
661.153
0.732444
280.374
905.148
63.3259
721.274
159.948
676.168
921.354
432.997
771.172
792.901
151.769
704.917
950.529
615.345
565.722
930.509
537.461
65.2181
578.173
824.152
10.5594
341.899
185.43
114.383
532.334
413.648
615.894
216.071
57.8936
315.683
561.235
162.023
665.09
786.035
393.811
575.915
760.704
270.516
276.681
967.254
320.719
828.181
572.283
129.826
819.422
968.261
456.496
925.382
4.4557
950.133
143.712
232.459
173.925
577.502
629.78
343.547
111.332
17.6702
358.501
589.74
335.52
677.755
718.436
475.845
820.704
668.661
775.781
106.326
843.928
888.15
150.182
183.355
115.574
254.402
439.07
358.501
849.33
121.281
97.1709
219.337
927.58
406.201
177.313
691.702
819.422
462.447
839.015
139.47
406.049
226.63
30.427
943.052
371.41
673.147
251.106
837.001
312.876
105.96
800.226
789.331
229.194
320.231
418.043
702.719
541.795
163.64
726.035
719.321
305.094
529.862
371.776
410.382
763.085
314.585
285.684
631.703
907.224
366.1
954.894
326.67
193.03
960.753
121.158
57.4969
71.1386
835.261
808.954
546.464
488.571
307.26
89.4498
7.90429
17.365
514.389
487.747
552.904
766.533
304.178
438.246
446.883
732.963
805.475
695.608
502.609
748.527
212.622
106.723
388.714
678.793
814.173
650.563
135.807
30.1828
796.35
151.463
620.869
621.479
853.816
572.863
311.533
475.936
137.944
297.098
51.4542
590.533
574.297
298.013
167.73
738.334
80.5078
612.11
682.028
960.265
715.964
15.1372
906.43
902.676
293.924
309.671
205.145
656.85
488.449
130.375
203.864
256.569
966.155
673.36
227.088
490.402
574.755
255.013
245.735
184.393
119.785
107.944
115.452
611.988
760.002
318.796
387.31
186.865
553.514
315.287
471.908
95.6145
185.4
808.252
438.459
25.605
408.307
594.928
229.682
645.344
227.119
129.948
574.053
992.584
359.05
270.028
376.476
427.198
0.274667
98.7884
868.892
304.636
430.769
238.044
301.767
26.307
487.747
551.317
457.961
623.218
440.138
646.596
769.89
528.977
294.107
83.8954
321.665
698.66
61.8915
694.205
517.289
729.484
24.5674
916.105
695.853
139.775
520.219
556.017
475.448
462.386
288.858
878.903
106.937
308.573
905.087
434.736
618.458
59.3585
330.058
528.062
32.2886
339.549
113.712
736.229
435.591
931.455
278.695
382.397
185.186
284.31
417.066
370.403
29.0841
275.704
31.4341
286.874
424.94
381.115
651.112
177.068
836.848
907.743
755.15
901.181
292.245
449.416
33.2347
476.547
979.797
218.238
15.6865
312.754
169.164
409.375
603.809
745.506
234.87
255.409
531.938
775.262
64.3635
926.389
292.398
417.798
632.588
931.791
554.582
571.703
23.2856
180.609
609.333
810.236
679.556
356.243
870.113
2.8077
163.244
761.528
961.974
173.315
206.305
291.208
429.64
500.381
333.598
687.429
596.179
867.061
839.869
734.55
602.924
865.291
400.922
549.944
162.755
661.733
101.352
626.576
57.1306
631.153
159.154
783.685
908.841
163.671
128.88
682.211
260.933
552.263
864.803
60.6098
494.217
366.1
24.8421
347.911
613.178
217.078
396.985
809.687
432.844
324.778
828.913
883.724
196.966
786.523
42.6954
861.293
159.215
958.953
115.421
570.36
158.544
857.051
906.98
216.926
719.779
976.989
216.315
41.1084
711.112
449.11
947.905
943.602
89.2361
927.244
68.4835
739.128
763.817
120.426
636.891
193.365
112.156
373.821
686.666
499.069
175.665
204.23
243.904
347.942
69.1855
197.363
260.964
254.524
634.358
172.491
747.429
288.217
868.587
20.8136
879.604
869.808
160.283
124.271
369.762
788.659
862.514
760.247
876.522
96.9573
235.298
399.091
737.144
36.9884
288.614
300.516
803.98
658.04
556.81
314.951
664.876
278.756
336.222
296.182
30.3354
451.857
416.517
31.8308
567.522
586.627
837.886
97.2625
962.737
886.196
704.428
539.995
494.003
755.211
585.772
800.012
894.467
334.727
537.675
773.064
787.866
320.292
273.019
422.529
477.95
719.199
514.512
846.461
372.295
703.726
60.152
205.847
822.321
216.224
593.158
420.698
660.451
482.559
766.655
39.552
215.918
89.5718
595.721
189.55
90.3348
783.898
686.972
12.4821
474.166
647.053
337.138
493.515
285.348
804.254
32.3801
88.6868
912.015
322.489
379.04
57.7715
839.106
454.146
997.192
908.078
941.801
882.931
408.612
855.892
725.669
127.598
449.995
712.18
295.694
760.552
242.622
97.7203
334.849
596.698
250.343
395.093
873.653
509.72
456.252
342.936
132.237
31.0984
190.069
679.189
215.705
389.019
637.013
739.25
944.395
142.582
559.587
415.723
599.902
68.3309
263.558
385.51
868.923
454.634
339.366
10.8341
764.824
460.768
209.845
820.368
809.778
696.768
16.3884
976.379
257.271
679.8
873.806
635.121
637.318
324.32
25.544
605.335
404.95
121.22
931.242
212.317
973.571
162.877
815.973
773.034
914.151
670.217
714.896
588.946
602.1
177.74
542.436
862.667
92.2269
33.3262
218.329
444.594
503.616
368.511
381.848
816.095
695.547
195.654
724.693
214.911
515.702
788.69
474.654
309.793
401.868
2.68563
60.7318
329.814
618.274
690.023
491.195
55.4216
908.17
867.489
475.723
576.739
843.532
792.291
823.084
225.745
653.218
602.496
145.238
588.885
811.182
677.633
399.64
5.34074
165.288
376.873
300.272
458.663
888.76
310.099
129.398
266.457
34.7911
798.395
980.956
475.814
976.47
680.349
966.399
369.64
511.917
120.334
415.448
990.753
917.57
574.938
601.489
89.7244
729.27
573.717
24.0791
402.875
533.494
471.023
779.077
666.494
549.577
824.274
48.0361
273.751
283.975
555.895
238.105
980.438
38.3618
554.399
803.339
565.538
552.232
871.364
278.878
853.572
561.571
170.263
559.679
4.08948
554.979
583.483
954.131
475.295
508.103
633.839
44.496
567.461
877.834
376.873
885.556
953.032
637.715
419.904
571.734
98.9105
635.304
974.487
705.313
988.067
53.4684
598.132
795.77
45.5031
255.989
781.915
122.257
676.412
799.554
39.9487
90.3043
321.116
892.727
657.064
613.575
434.431
83.7123
750.847
552.477
294.778
457.717
804.621
740.837
49.7452
125.187
327.128
631.367
904.172
282.785
795.648
91.7386
857.051
627.216
538.194
382.305
893.582
404.401
712.027
846.461
38.5754
874.538
33.3567
345.5
177.374
473.983
416.028
968.81
50.4166
456.374
173.986
50.1724
328.318
292.917
944.914
22.8889
172.796
613.941
990.57
143.193
190.68
972.747
30.3354
614.551
186.163
212.928
264.534
143.254
618.732
720.389
742.973
457.472
171.819
341.472
735.71
819.636
339.763
248.268
262.001
64.9129
437.788
532.579
433.821
196.051
942.656
809.473
769.707
65.9505
569.475
611.896
135.929
179.754
990.967
857.784
470.84
146.916
605.67
170.263
948.302
815.271
261.238
333.079
737.358
617.725
339.061
661.55
13.3976
163.305
106.326
571.276
377.88
603.442
742.241
125.034
342.082
804.834
943.754
839.625
32.1055
860.561
518.296
533.433
770.409
969.787
868.709
496.719
690.573
218.421
776.849
765.13
41.8409
291.055
392.651
777.856
338.939
645.802
834.468
202.155
14.2216
183.416
306.467
204.962
727.714
941.954
140.751
952.818
991.821
847.468
668.722
621.937
266.64
53.3158
329.112
699.087
182.287
898.312
918.882
854.701
44.3129
14.893
392.315
169.561
278.817
619.77
115.757
996.399
972.808
516.526
983.459
237.037
167.058
843.165
300.76
317.515
56.8865
94.3632
841.7
641.072
757.256
451.094
985.992
801.172
788.903
947.325
342.998
335.643
941.16
506.546
767.724
302.988
668.081
378.368
176
462.02
674.123
6.68355
64.6077
336.558
845.21
861.08
142.735
946.104
182.134
261.818
981.048
483.444
892.026
730.918
84.4142
721.335
293.924
899.197
295.206
428.327
695.853
501.724
932.249
576.22
897.824
492.05
572.71
619.221
479.049
807.093
883.053
627.033
523.881
813.44
404.492
552.568
943.724
966.735
700.308
415.479
50.9354
715.11
770.409
683.462
540.971
177.953
139.805
631.336
538.652
631.489
527.329
960.753
865.627
332.041
500.381
460.067
184.393
708.579
22.5227
987.213
175.756
455.611
299.753
555.528
405.499
557.756
831.874
804.743
37.1105
777.123
75.2586
637.684
46.144
634.846
623.188
304.453
92.8068
418.165
309.793
715.11
709.372
243.904
144.444
261.879
957.701
709.983
482.284
932.768
214.209
166.112
337.168
997.07
237.892
134.739
243.782
44.6181
177.648
913.816
574.602
659.81
675.527
892.117
718.131
511.338
721.702
609.241
24.9947
139.714
417.982
90.4874
927.641
222.846
305.399
488.632
140.019
601.55
412.702
563.524
344.005
846.126
681.814
30.9153
267.861
645.1
926.481
311.533
564.074
797.662
980.193
711.844
391.675
90.5789
190.13
567.797
110.538
841.395
912.839
382.611
992.706
388.684
168.035
490.066
357.83
311.075
107.212
274.117
38.667
655.751
452.559
476.913
582.842
958.19
563.066
625.538
97.0794
333.934
283.7
109.226
140.66
424.268
234.26
938.475
573.412
476.302
693.564
716.514
765.465
339.03
735.984
855.678
74.3431
657.094
775.872
568.316
996.185
42.5428
176.641
665.09
896.359
506.79
80.4773
690.634
727.378
933.256
115.024
428.694
638.539
872.372
133.122
307.443
884.976
440.352
642.262
736.503
941.313
602.313
79.5923
906.919
227.027
621.693
588.855
85.2077
349.345
956.877
455.55
932.89
269.601
386.242
856.655
882.443
300.18
643.208
80.8741
101.382
337.382
341.868
876.064
75.4112
237.19
475.509
79.4092
341.899
739.616
267.953
187.841
404.981
848.14
660.268
23.2551
363.781
70.7419
213.019
150.365
284.402
428.236
706.229
202.46
847.743
636.433
217.383
771.538
303.415
368.572
959.716
19.4098
262.185
3.96741
660.909
665.7
356.975
769.311
764.733
508.621
304.666
678.457
235.511
135.899
399.304
177.984
248.085
980.926
968.291
903.317
542.985
380.81
822.687
452.895
729.637
793.237
232.978
586.108
317.515
826.807
461.44
751.183
757.378
243.019
382.214
349.437
273.354
584.796
220.832
642.293
767.541
587.909
944.06
706.687
577.654
32.5327
330.973
346.11
369.915
190.008
257.698
362.59
947.783
521.592
225.593
96.3775
257.82
785.699
665.12
639.424
374.34
209.174
46.205
628.925
743.461
879.879
326.975
27.3446
468.581
15.4118
770.837
794.885
917.844
265.816
664.541
860.591
435.163
705.222
967.864
299.02
436.14
669.454
425.733
117.832
669.79
95.4314
175.115
563.097
927.763
518.967
376.72
348.338
981.872
386.761
903.714
713.981
31.4646
839.412
618.213
722.556
442.091
620.93
266.884
697.073
55.6658
272.073
526.994
207.831
855.251
262.52
233.985
514.542
263.436
219.214
322.153
869.472
857.753
906.278
509.323
588.58
782.647
113.407
256.722
296.152
640.309
108.768
36.0729
249.702
141.24
812.25
433.882
151.036
295.694
345.866
125.309
350.078
427.442
117.618
248.39
847.346
791.223
94.3632
209.693
1.648
74.6483
420.606
453.139
349.162
566.546
39.2773
222.602
439.711
271.889
470.656
850.368
97.354
756.218
405.744
601.825
10.8036
998.779
270.333
608.234
60.1825
37.4462
416.089
918.638
286.355
685.69
94.76
202.063
909.177
102.725
871.914
131.596
300.729
499.039
636.219
980.987
319.895
757.378
860.988
465.59
914.579
251.32
273.568
358.989
397.687
642.293
589.434
915.586
303.171
936.338
466.872
631.703
228.523
581.713
338.694
375.53
569.658
889.248
276.955
417.554
554.735
555.62
547.502
392.468
483.2
571.886
9.79644
724.265
575.823
297.647
19.0435
545.213
342.54
982.818
986.236
640.278
874.172
517.563
252.846
448.317
963.988
692.404
436.293
651.051
465.896
748.985
901.975
381.115
794.916
503.22
518.937
580.645
976.684
822.077
354.808
541.398
151.891
734.916
466.445
157.903
942.381
961.119
442.427
924.558
584.155
134.587
854.03
208.136
234.993
507.248
270.272
827.265
361.614
411.817
994.232
469.253
613.33
266.06
175.481
976.592
88.3511
398.938
456.679
33.3262
398.816
480.361
808.771
283.7
440.87
835.994
712.424
413.007
276.254
427.625
341.319
222.999
31.2815
781.152
903.531
232.765
219.733
642.842
797.266
835.841
395.734
645.619
737.632
545.549
543.168
766.076
510.147
359.447
107.456
853.999
507.431
773.98
76.2963
15.1677
705.435
480.972
15.3813
129.276
235.267
276.864
465.438
283.395
207.221
216.224
607.074
403.15
942.656
540.574
599.109
862.087
270.486
413.739
497.238
350.993
44.6181
995.422
158.971
788.263
537.95
883.511
40.9558
552.202
869.686
457.076
295.572
817.377
122.227
150.975
71.9321
275.155
303.812
193.121
429.06
20.8747
812.799
836.116
765.801
887.6
560.442
614.185
175.115
8.97244
408.032
656.911
628.346
891.568
74.7093
590.533
395.55
778.191
172.277
58.6871
608.844
583.697
523.148
393.445
374.157
184.027
417.829
467.879
338.389
340.342
968.108
261.635
117.588
38.728
212.012
170.721
493.088
527.696
127.323
592.547
781.03
833.796
209.174
817.56
282.357
37.019
768.548
758.934
218.94
87.6797
607.715
551.378
62.2578
444.777
228.858
550.127
661.031
318.583
232.124
761.925
73.7022
797.662
59.4195
238.472
512.741
641.896
740.104
464.553
305.795
22.9194
794.916
270.852
281.35
992.981
954.405
304.117
484.054
963.5
848.018
584.857
626.545
974.822
320.017
183.966
183.752
38.0261
529.008
550.401
536.21
330.607
486.221
519.7
68.2089
526.292
190.313
536.058
627.4
41.5357
13.4587
118.137
251.991
478.957
496.017
100.436
571.795
49.2874
205.481
681.326
789.27
253.151
816.309
808.71
646.809
603.839
66.3472
935.301
286.996
672.353
747.093
673.788
411.176
235.969
382.55
384.045
643.422
811.64
754.601
222.907
505.753
355.083
929.838
688.437
911.039
407.788
944.792
189.062
579.394
471.755
805.445
670.095
285.134
894.589
957.823
827.296
339.64
45.3505
885.037
940.336
216.987
62.7461
987.884
856.105
728.507
956.847
404.736
153.996
652.089
345.317
927.335
23.9265
223.273
606.281
668.172
888.546
393.506
727.622
636.555
300.607
262.398
635.578
878.567
147.588
590.136
282.54
338.267
693.564
796.075
276.131
95.584
490.341
349.925
330.607
137.272
689.383
962.065
321.512
317.637
784.967
478.317
225.288
664.754
320.231
886.685
724.967
688.681
587.817
341.288
762.932
847.957
855.22
610.309
822.291
830.348
147.343
853.908
218.024
804.621
116.703
138.371
179.296
298.898
32.8074
593.31
3.50963
862.636
421.918
616.993
64.6382
167.455
388.409
37.3241
955.687
704.489
149.144
633.839
547.38
732.81
811.975
927.458
244.392
636.83
929.319
643.88
219.581
347.545
859.004
757.317
908.414
984.954
462.264
520.188
544.084
377.026
171.575
385.846
15.2898
612.323
958.281
229.682
827.143
281.564
232.215
775.689
446.852
565.294
204.291
633.992
815.943
823.267
742.821
856.349
309
842.311
255.562
415.113
921.506
398.175
628.498
512.528
967.101
288.705
751.946
126.286
66.0726
493.301
666.585
697.501
706.046
616.169
859.188
367.748
156.011
268.593
740.471
671.163
15.5034
547.197
835.505
87.5271
179.327
264.016
718.528
363.536
499.954
84.7194
222.907
7.23289
928.251
231.544
958.068
863.033
413.923
906.613
663.717
172.735
347.087
92.288
434.095
29.4504
822.108
885.128
341.716
630.085
504.776
18.4332
493.423
232.765
384.533
731.559
48.8601
226.203
192.45
640.248
233.467
215.918
766.747
765.74
876.522
534.776
146.336
378.155
506.088
83.346
674.917
810.541
531.816
906.858
895.169
899.899
546.617
414.289
516.037
211.402
279.183
646.779
232.917
702.261
227.729
500.87
683.065
980.895
506.79
312.937
316.538
818.415
938.292
711.6
465.041
68.1784
917.753
143.468
388.531
649.77
87.3135
979.553
582.324
753.716
346.69
607.227
124.607
923.093
232.948
415.601
346.69
168.523
201.117
79.2261
606.403
772.423
836.177
46.8764
446.486
938.993
527.848
641.896
919.034
946.226
639.882
679.861
356.822
956.175
704.337
10.3458
373.821
139.378
672.75
888.668
374.706
270.486
755.119
583.605
355.998
450.24
878.079
128.452
279.183
111.179
293.313
620.106
797.296
962.584
367.809
973.693
616.504
30.8847
86.8862
538.499
273.507
452.651
301.34
481.307
610.34
175.054
250.13
343.638
727.439
221.32
389.477
679.128
696.829
676.626
60.0299
177.129
816.156
50.9659
23.2551
179.022
684.805
175.42
397.778
993.225
883.969
287.606
27.9855
915.281
540.971
462.935
815.027
359.508
560.015
47.853
42.085
7.84326
800.012
251.442
225.349
382.855
980.865
551.042
520.981
750.633
599.689
68.9413
220.71
760.094
638.05
576.067
366.008
724.784
341.166
278.481
12.8483
953.703
851.07
43.672
178.289
36.9274
974.09
222.633
999.603
492.782
864.711
723.38
137.761
682.516
906.552
493.24
956.389
398.724
571.825
65.3096
507.004
34.0587
540.605
325.724
852.626
736.015
861.08
157.628
760.063
454.451
432.142
118.778
293.039
287.942
589.434
808.222
336.497
35.1573
76.1742
78.7988
584.216
357.585
179.937
751.823
20.2338
459.7
316.935
989.502
425.916
693.289
844.386
982.208
943.48
991.607
383.068
106.296
227.424
539.75
430.738
208.96
215.461
588.031
547.777
176.092
49.1348
813.623
896.237
439.772
176.733
137.822
413.953
581.5
168.737
404.279
404.492
687.216
277.657
824.946
824.396
610.614
272.835
599.78
48.7075
800.958
582.537
616.626
396.863
851.436
273.202
637.379
198.889
424.696
898.495
876.705
684.408
711.417
748.192
379.528
474.746
78.3105
529.283
103.885
960.295
61.9831
9.27763
114.628
343.272
364.727
654.378
795.16
628.346
8.17896
792.352
482.681
341.35
302.042
332.682
433.79
258.034
782.983
574.114
526.17
923.582
780.633
131.565
602.954
244.606
766.961
513.504
865.871
934.69
144.932
380.718
223.67
94.3327
632.893
18.189
1.52593
707.419
900.845
51.0269
918.394
334.544
615.101
935.85
737.785
785.058
547.319
258.614
499.039
48.8296
904.141
370.647
734.733
269.051
533.83
393.536
580.493
37.2631
166.234
124.577
183.966
791.894
342.082
873.898
318.674
601.52
187.902
764.061
609.18
114.383
693.197
524.552
273.965
954.924
645.436
310.984
792.047
348.766
879.727
581.256
399.487
257.79
999.329
559.526
822.84
805.963
222.633
319.376
154.302
277.444
513.962
17.2735
276.467
468.429
653.34
307.81
741.691
673.452
402.173
471.725
513.016
87.8628
420.82
288.034
472.549
907.743
94.5463
181.707
103.702
907.773
923.582
677.847
253.578
779.687
634.205
693.777
381.573
11.0172
666.646
700.339
200.598
586.474
196.142
283.578
117.222
292.734
343.638
137.883
376.782
908.078
731.925
22.309
319.742
57.8021
43.8856
710.868
655.965
17.365
739.097
468.154
162.358
243.538
584.368
81.7591
710.99
915.555
155.705
982.574
33.2652
267.342
966.674
483.963
126.865
991.974
379.986
671.773
711.417
499.405
959.136
975.646
639.21
309.488
414.747
953.215
667.287
360.363
803.888
318.705
497.269
514.634
136.876
746.757
488.693
43.8246
48.8601
482.772
952.574
372.631
692.038
291.391
431.471
864.223
504.776
773.98
871.822
927.732
14.008
586.444
95.3703
229.316
327.158
588.885
475.478
288.125
469.405
457.93
224.83
237.953
223.457
793.42
200.842
36.4086
627.064
250.16
634.693
902.646
785.119
726.798
690.512
264.504
152.562
142.003
260.964
997.223
944.334
830.409
905.454
233.833
827.967
88.3206
336.741
529.588
556.383
901.73
363.414
660.665
696.005
386.425
692.831
839.29
106.632
973.144
502.304
625.965
329.966
867.336
183.63
320.17
542.314
816.034
168.188
110.874
228.004
712.394
237.861
768.12
229.865
69.4906
228.889
156.682
332.743
894.559
534.41
353.557
36.7138
994.446
312.021
649.953
675.802
244.728
802.973
219.275
538.56
852.26
668.416
732.749
147.221
143.376
750.053
702.994
351.054
908.933
160.314
837.855
390.301
836.756
109.47
185.003
587.268
63.7837
374.706
348.827
820.704
378.307
818.476
560.9
439.314
103.641
861.66
885.159
771.355
195.227
318.186
339.122
885.708
581.408
497.36
212.439
761.742
279.733
979.644
363.781
523.087
320.139
972.777
777.673
892.575
5.52385
654.347
162.145
523.576
542.039
406.598
869.106
365.246
569.201
350.322
917.417
716.575
622.15
83.7123
401.654
126.438
56.5203
32.6548
66.2252
795.77
467.452
318.43
327.067
637.532
134.098
549.394
521.592
651.448
520.676
442.701
668.813
769.25
365.52
682.302
520.157
827.174
389.203
919.523
182.562
821.162
152.959
322.611
95.2483
102.054
99.002
581.103
641.163
666.158
303.446
771.874
174.322
197.729
973.571
992.279
744.774
20.0201
220.344
167.638
301.614
610.34
137.7
938.566
656.117
836.055
719.687
34.3638
985.839
567.553
646.596
39.6741
160.619
824.396
471.725
959.197
672.842
110.721
239.57
487.808
451.521
96.7437
67.1407
392.438
343.303
301.767
719.138
910.672
540.056
935.82
708.67
573.809
735.374
555.315
954.711
359.935
290.597
689.84
527.238
582.934
192.145
95.6145
511.704
424.604
80.813
792.199
523.698
515.152
134.709
538.713
905.423
469.131
86.9167
905.82
134.922
782.342
159.337
599.384
479.751
996.765
193.609
192.755
425.428
538.713
760.582
923.154
911.344
137.761
529.496
708.853
903.684
231.513
678.518
43.3973
338.298
262.947
627.033
923.063
963.469
276.925
871.792
463.393
114.292
721.549
207.739
362.102
950.438
860.805
114.902
863.216
187.292
704.855
592.456
379.955
853.389
864.315
221.259
431.867
103.519
234.26
736.381
52.4613
620.685
914.945
890.469
324.29
636.402
274.697
889.309
196.692
101.779
562.151
181.127
243.446
40.376
972.93
880.642
515.702
613.483
578.204
608.661
147.252
929.991
20.5695
29.725
867.824
131.352
383.831
867.672
80.6909
783.532
142.735
681.021
661.367
106.296
599.261
179.724
132.817
72.2068
711.142
363.964
374.157
905.759
719.657
266.182
518.723
13.9164
482.223
578.478
197.882
880.215
916.257
945.524
786.737
952.116
460.768
204.932
807.917
54.5671
961.852
356.243
150.182
359.752
887.967
539.384
257.485
444.716
281.777
804.468
944.823
468.337
354.625
953.642
997.62
998.596
129.582
236.518
210.395
521.531
39.7656
180.456
21.2409
162.908
887.906
336.68
398.022
654.347
73.5191
223.792
133.091
74.4346
494.064
249.794
202.124
396.924
25.7271
893.826
344.005
376.415
991.119
928.922
517.38
803.461
518.998
967.162
390.545
659.902
203.314
108.005
520.829
206
967.101
971.984
379.528
530.29
537.309
899.594
878.933
593.585
438.215
598.254
557.512
298.624
907.498
17.2735
79.5007
615.986
643.269
732.81
205.329
298.105
787.011
623.676
888.852
212.561
49.1043
119.572
657.765
825.434
383.496
802.82
933.714
866.42
116.916
644.642
447.798
707.114
940.001
657.888
408.338
482.955
665.395
246.498
576.495
491.043
160.375
33.9366
906.583
894.101
358.959
451.155
907.163
262.825
760.582
865.535
378.765
987.03
321.299
532.273
685.171
87.2219
143.986
149.236
213.874
458.113
873.409
296.396
182.379
74.4957
202.521
541.551
446.486
191.839
396.893
493.027
466.659
71.8101
242.225
581.317
88.8699
264.748
322.489
849.879
296.365
979.766
34.0892
537.523
588
574.267
242.958
732.841
140.049
693.625
989.929
881.954
407.483
92.6237
151.708
431.379
320.811
669.82
462.935
386.7
734.825
745.872
805.902
68.5446
285.867
117.405
173.803
847.072
313.181
917.631
214.728
136.204
1.1597
814.417
761.193
428.968
398.602
578.051
252.815
655.08
470.87
549.089
457.656
641.774
841.975
37.8124
398.419
959.99
381.848
186.682
890.408
935.85
296.03
326.914
596.637
110.019
873.257
360.485
7.08029
925.291
547.502
198.645
247.841
923.734
430.982
788.476
126.621
235.45
973.937
758.415
320.872
639.088
907.407
214.484
114.811
975.89
125.919
717.765
591.327
198.859
665.609
974.944
685.354
837.642
434.095
273.141
4.79141
160.68
849.147
189.947
825.373
816.126
41.0779
610.065
165.288
232.185
776.513
579.913
346.477
558.763
758.538
31.5867
948.363
431.227
460.585
906.827
560.32
337.596
149.266
712.729
239.418
870.937
253.334
40.6812
79.4397
646.992
734.245
78.9209
797.205
169.927
615.162
650.99
743.126
426.13
324.473
810.266
241.646
487.625
9.58281
523.026
668.081
906.98
478.286
470.138
167.669
184.027
922.697
499.374
424.238
86.581
83.1324
759.362
383.068
105.289
7.56859
46.2661
335.643
825.098
62.8376
394.91
271.889
493.545
354.198
444.96
906.095
568.041
209.418
613.971
282.907
522.294
883.48
608.234
369.945
694.357
140.202
302.744
542.619
456.435
867.183
521.714
367.992
488.693
379.925
750.42
593.707
437.391
572.192
310.282
748.161
739.372
567.675
27.9244
258.278
893.49
30.3049
929.594
491.287
960.875
788.965
992.187
626.179
574.755
932.585
482.315
761.956
241.462
32.6548
914.518
168.096
213.416
648.793
159.612
84.17
716.025
773.278
735.008
974.181
808.893
372.173
807.642
642.415
663.533
677.694
941.221
116.947
537.919
388.928
118.778
706.961
229.774
437.33
71.9932
139.836
289.743
472.518
448.195
185.095
775.14
725.272
846.614
670.4
826.411
403.516
255.104
296.701
846.95
278.085
918.455
158.483
567.644
613.849
169.347
375.072
777.49
103.03
254.036
739.738
1.3123
956.603
682.669
792.627
906.4
810.083
136.906
223.609
718.314
600.299
465.102
11.7496
428.419
68.7582
796.594
206.946
72.9087
48.5855
306.497
760.704
866.115
190.466
662.313
311.93
467.849
284.738
682.882
334.117
167.394
835.261
242.103
549.73
264.412
41.2
947.722
18.9825
428.327
843.959
626.667
808.405
317.728
194.006
148.564
645.466
240.608
195.318
618.213
466.475
136.845
282.51
468.368
262.49
664.357
87.8323
484.39
131.046
669.881
153.691
291.726
938.719
825.77
146.947
337.291
501.267
714.164
731.864
896.573
688.131
139.653
757.012
137.15
356.304
951.537
913.175
770.318
521.073
157.262
518.204
321.482
668.935
608.234
585.009
551.439
619.77
38.8195
828.852
58.8092
843.654
740.379
770.714
595.813
639.302
651.204
592.181
127.689
79.9585
143.773
898.953
168.096
133.244
290.597
48.4329
420.576
860.805
889.462
198.37
258.248
104.556
30.1828
732.047
72.6341
565.569
483.444
217.048
22.7363
681.356
692.862
553.392
215.857
208.686
652.242
467.086
851.192
917.57
448.653
6.07318
357.738
302.652
752.77
194.037
57.5274
718.863
37.6293
498.856
385.388
846.492
807.581
271.584
196.661
893.338
617.481
812.647
194.22
438.856
165.075
220.893
5.64592
327.403
236.091
682.577
942.137
516.495
784.661
355.388
970.275
286.447
929.35
505.112
928.098
717.46
146.733
50.0198
516.282
840.693
443.556
169.927
96.2859
369.304
788.141
135.929
826.044
415.906
583.422
17.0598
164.983
102.481
461.959
420.057
279.641
469.283
184.423
918.851
380.413
588.641
923.002
329.447
521.592
290.17
710.623
487.014
895.566
403.699
337.748
681.021
151.982
925.779
477.309
404.767
774.224
16.3884
319.651
575.915
43.0616
232.093
498.52
883.663
619.953
901.486
589.16
419.202
280.526
49.6231
959.929
245.796
829.798
777.825
258.889
64.2415
730.064
504.135
316.263
630.726
473.281
971.984
743.98
82.3389
228.584
432.356
14.1301
827.57
796.411
906.217
296.915
157.14
400.739
933.012
839.656
232.002
350.352
711.997
168.004
604.389
100.345
42.3292
890.988
928.343
745.628
968.169
390.301
16.1443
476.76
535.02
176.122
896.451
30.7016
564.135
189.886
30.6406
666.219
849.94
835.597
343.883
696.249
688.375
20.9662
226.569
108.31
140.904
989.837
162.938
303.69
941.557
226.142
142.766
487.411
452.498
212.195
512.619
739.433
574.847
321.329
422.651
299.051
20.8136
626.453
525.62
93.4172
853.267
906.186
83.7733
41.2915
699.271
629.322
140.477
163.457
543.779
199.072
912.381
31.2204
509.384
238.38
58.5345
583.789
528.855
197.333
982.94
846.248
316.507
64.4856
826.044
579.058
544.511
462.386
302.591
390.545
630.665
909.635
40.9558
343.364
43.7025
529.862
580.859
586.535
532.365
989.441
685.385
44.0077
184.606
944.792
123.966
691.244
723.228
780.847
582.171
450.575
943.876
921.781
854.549
237.587
701.987
494.949
977.233
188.574
354.869
630.146
456.008
601.062
65.0349
174.352
246.437
618.61
871.09
104.068
642.232
190.802
932.463
416.059
727.836
340.098
854.274
777.795
552.019
266.274
498.52
719.077
678.335
320.353
187.811
645.68
268.563
378.552
707.816
456.923
356.059
648.305
14.9541
47.4563
464.156
436.72
55.6047
475.539
227.271
913.572
602.222
78.341
169.5
399.304
514.023
315.775
298.349
210.15
327.403
624.226
668.447
590.655
582.598
61.037
572.893
765.648
793.176
21.6987
517.319
642.445
464.095
810.053
633.717
194.83
65.096
343.516
689.657
59.8773
365.307
774.407
349.864
378.826
35.1878
308.359
845.607
413.404
922.88
1.28178
708.731
968.871
909.94
816.279
726.463
154.759
753.99
721.152
772.942
515.152
823.664
108.676
674.245
58.6871
132.237
320.2
762.566
220.954
576.83
553.697
276.254
289.163
788.354
938.383
261.94
321.36
499.405
56.0625
134.526
90.7926
835.994
691.641
551.958
87.1609
439.009
92.5016
760.43
105.411
822.535
519.883
66.805
453.963
874.233
371.715
594.073
313.211
904.874
659.505
976.257
275.765
152.867
119.663
149.022
599.414
150.151
741.111
892.514
204.23
855.434
989.746
281.747
945.433
961.608
511.979
702.322
192.297
283.059
597.705
586.047
245.521
629.292
184.057
524.064
623.28
71.1081
682.119
912.809
748.009
5.82904
406.323
789.666
64.5772
927.335
889.34
14.2521
121.677
307.413
862.545
451.674
646.87
495.071
183.752
313.791
147.404
39.2163
493.912
315.317
67.6901
341.716
882.87
800.287
34.3333
46.5407
346.782
495.56
220.618
71.7795
317.454
47.6394
361.309
690.329
45.2589
998.962
448.988
565.416
116.825
359.508
643.391
148.076
888.852
430.982
424.879
341.472
118.87
38.5754
523.209
839.625
575.091
827.784
653.066
45.8693
905.301
781.274
587.329
977.905
547.319
613.33
599.78
64.9739
961.608
197.119
807.733
244.636
967.223
681.539
446.76
263.71
462.569
453.566
608.112
591.327
312.479
603.076
470.168
848.964
682.089
45.1674
555.467
164.769
599.567
957.64
44.2824
357.768
28.4738
688.406
676.26
358.135
231.208
790.765
270.699
770.684
704.642
340.953
398.022
986.48
469.253
195.99
232.032
750.023
993.194
346.507
115.696
587.603
532.09
21.9428
870.846
3.11289
166.54
704.001
383.068
847.987
317.545
704.184
493.637
770.714
22.2175
462.416
729.057
153.356
750.328
222.358
899.747
440.046
42.8785
240.15
99.2462
264.626
754.814
182.287
135.075
283.303
181.555
869.594
922.3
118.564
852.687
22.7973
871.334
320.841
271.737
166.601
801.233
753.685
385.54
347.972
409.528
309.427
62.5324
825.22
829.981
360.851
362.651
384.045
309.305
855.617
878.994
436.903
534.684
459.304
933.47
561.51
642.506
653.89
906.919
635.365
440.168
197.211
485.336
222.053
872.219
850.185
103.366
365.886
261.33
777.673
366.314
450.728
356.67
529.771
731.742
279.946
719.504
9.18607
232.521
32.8379
478.225
331.034
521.683
254.707
983.917
981.841
21.0578
536.088
397.107
183.325
454.573
37.6598
738.029
867.733
547.563
517.472
430.403
170.446
173.437
15.9307
871.09
846.919
728.843
855.525
56.0015
518.967
18.2806
111.057
794.366
158.177
430.494
207.099
541.49
711.356
686.148
798.364
382.641
274.85
939.817
589.618
197.943
724.357
516.221
251.503
540.635
205.481
62.9902
87.9543
259.041
392.315
400.159
612.14
394.33
919.675
848.354
686.575
384.716
895.383
317.026
384.228
107.486
898.923
933.409
226.386
790.368
372.723
493.698
953.764
322.977
812.281
517.991
487.045
0.396741
661.061
189.764
233.222
229.133
317.209
961.638
393.75
227.485
157.598
107.913
431.074
251.32
985.504
6.31733
349.376
376.293
808.649
428.938
946.379
368.206
353.648
624.256
691.549
672.323
222.663
471.877
388.195
53.1938
99.1546
490.249
274.483
916.013
908.658
979.369
720.328
840.907
340.892
79.5618
176.275
361.431
639.393
27.4972
530.625
518.418
65.0655
390.576
530.778
220.374
939.756
561.296
425.642
941.923
676.016
292.398
484.634
791.192
699.911
554.582
550.157
477.828
671.926
497.452
279.336
212.561
913.755
795.373
231.635
69.4601
445.631
159.276
458.266
842.708
542.039
295.846
749.901
928.312
210.425
95.0652
198.737
262.947
500.748
327.616
231.483
850.368
50.7828
633.381
769.005
906.919
774.377
81.8812
669.332
157.689
98.2086
86.7336
110.202
314.188
654.073
954.497
67.1712
264.779
831.965
849.452
543.657
9.43022
101.108
456.16
709.25
869.9
504.837
119.999
602.557
6.19526
235.145
747.734
554.582
771.538
694.052
248.97
989.227
935.789
947.295
800.104
756.767
309.793
976.867
711.478
657.064
801.172
638.661
179.571
308.298
432.875
731.498
705.008
17.6397
356.059
83.4986
457.93
810.327
388.348
62.7766
371.929
272.713
108.554
417.524
247.597
366.832
39.613
853.114
647.267
871.12
950.285
251.167
861.843
604.663
807.459
938.047
731.285
90.9757
410.108
907.834
599.811
817.53
236.122
407.178
187.109
746.757
533.158
787.317
656.85
235.908
185.064
29.9997
663.564
20.9967
384.777
853.877
659.566
421.461
645.192
806.513
242.561
421.796
179.205
249.672
825.922
786.523
180.181
643.086
412
864.406
33.784
33.0821
750.603
238.624
993.164
153.233
663.259
878.597
347.667
41.8104
814.875
950.194
617.756
583.514
713.919
940.458
805.75
881.283
222.053
252.815
234.87
864.101
355.419
929.563
7.53807
37.843
657.46
657.064
613.788
784.631
925.779
710.959
721.335
117.222
573.534
996.704
678.762
295.114
407.025
842.158
762.688
207.648
100.223
698.508
700.308
931.608
148.167
405.286
498.672
368.145
579.943
176.641
111.698
366.894
212.622
963.988
976.623
241.859
727.775
352.275
950.346
86.5505
350.932
645.497
678.03
794.305
416.608
297.983
924.131
189.459
598.437
347.667
897.61
176.672
87.3745
7.416
102.878
313.669
497.909
71.0471
747.032
714.194
784.234
289.804
234.901
687.277
947.295
375.927
783.837
19.1656
814.447
789.422
688.07
304.025
672.17
964.202
265.45
229.53
33.8755
130.07
16.5105
224.25
323.649
386.547
28.0465
371.99
757.042
184.881
151.921
0.579852
200.842
874.569
990.478
850.307
292.123
470.534
219.916
228.767
598.651
297.464
282.968
58.5345
101.291
666.952
981.567
223.365
780.297
244.423
1.40385
119.51
585.833
261.757
899.625
818.659
575.06
231.544
585.955
747.917
496.17
319.956
830.073
294.29
600.97
33.723
825.007
238.594
967.254
378.216
338.542
426.191
112.278
141.881
484.115
579.943
178.472
464.614
641.591
662.252
472.427
344.89
560.045
692.038
639.058
243.08
173.223
423.109
251.381
436.598
159.398
790.063
97.9644
282.968
776.269
528.031
948.515
47.9141
2.74667
872.555
79.2871
453.505
518.693
745.598
340.037
603.839
553.484
334.544
42.2681
443.403
135.197
469.497
451.979
405.408
771.599
706.076
166.448
405.377
93.4782
519.303
157.537
836.879
492.782
515.275
761.925
725.608
285.623
66.3167
399.945
697.592
432.234
276.742
304.361
918.394
344.615
684.347
39.9182
659.108
813.562
604.846
95.2788
645.589
585.711
525.285
328.532
847.194
622.669
451.918
547.227
861.141
572.71
620.197
4.73037
548.875
486.74
471.633
93.7223
80.6604
309.61
304.941
18.067
44.5265
178.106
507.157
724.693
775.994
56.7949
770.928
876.278
564.745
743.126
204.596
146.367
894.589
772.607
740.959
617.969
372.539
256.081
751.183
566.729
504.166
179.51
269.967
410.382
970.305
198.157
738.487
105.35
562.304
455.885
670.858
771.874
431.745
461.318
150.884
828.791
810.755
551.988
565.233
419.63
859.157
977.203
478.744
410.596
795.16
131.687
59.1449
742.424
965.209
970.916
956.542
416.608
9.55229
138.798
44.0382
898.16
780.084
840.205
926.45
215.003
165.838
988.342
622.333
536.546
483.535
659.108
326.395
511.429
588.336
383.099
658.284
146.764
361.858
306.986
303.476
509.323
733.329
755.058
453.78
30.2133
890.011
222.48
952.116
694.815
833.583
331.584
549.15
898.007
938.444
782.22
177.343
247.139
667.928
827.174
648.854
93.6003
105.38
304.849
683.34
73.6717
455.672
759.453
672.384
440.84
173.711
680.105
86.3063
470.077
876.278
390.942
929.93
716.025
693.075
622.364
153.081
405.438
213.782
295.297
423.17
746.055
686.819
549.821
164.281
432.508
626.392
548.753
271.187
130.833
484.054
88.29
402.57
222.785
540.941
546.434
261.116
591.052
676.809
200.201
765.954
726.768
172.521
443.922
523.942
940.703
201.849
938.383
506.119
958.922
168.981
223.518
335.337
684.835
547.929
824.946
91.6166
408.032
380.352
385.784
41.3221
242.225
87.5881
855.403
196.295
72.2983
753.563
265.816
109.317
793.023
534.44
127.354
812.372
119.419
351.817
974.761
303.507
751.335
524.979
94.5769
488.907
171.88
499.191
966.094
986.084
862.941
325.724
445.692
694.937
216.956
50.1724
227.18
542.558
927.976
665.273
608.325
307.901
141.972
784.204
95.584
933.042
148.503
691.244
877.834
226.783
894.467
925.138
700.491
367.504
101.291
52.3087
171.3
110.477
267.251
785.76
29.0841
107.059
335.337
105.411
406.476
241.066
308.695
537.523
618.091
389.355
594.592
247.566
505.539
512.07
357.83
104.801
869.961
479.537
665.609
372.967
24.0791
541.673
704.398
184.637
994.446
846.065
850.246
455.031
405.164
911.191
874.172
391.186
574.938
461.257
63.2038
253.487
857.936
528.153
539.018
525.163
759.972
227.454
554.827
146.275
861.721
114.658
52.1256
968.535
79.4092
527.482
258.614
86.7336
294.931
820.765
608.081
203.925
886.135
900.479
764.031
685.507
188.91
962.523
28.016
459.304
422.193
842.86
913.999
417.585
106.876
885.495
169.866
477.248
510.422
733.909
27.6803
954.436
147.801
952.91
963.469
409.803
870.693
886.593
748.1
620.899
575.335
658.986
70.6198
837.703
61.3422
723.472
514.756
977.386
71.6575
867.244
170.446
915.159
45.7167
77.2729
661.367
526.688
616.565
173.681
869.442
639.18
383.404
616.901
138.371
546.251
991.058
395.154
236.518
244.27
46.7238
397.992
860.866
45.0148
906.583
182.592
963.347
721.915
862.148
538.865
680.837
845.546
758.751
759.423
149.419
465.011
576.617
21.2104
985.26
791.04
6.25629
784.6
712.21
37.4767
549.089
615.986
918.455
77.3034
174.841
341.075
422.376
68.9108
66.805
933.988
229.896
709.922
486.16
49.0738
563.86
273.812
286.813
601.825
746.818
86.1538
111.698
304.3
219.001
596.454
802.271
562.639
471.816
702.017
51.6678
641.285
178.9
480.117
833.888
501.877
305.612
984.344
638.936
221.564
478.317
261.849
46.3881
398.083
394.604
247.688
667.867
447.127
555.956
691.916
989.898
198.675
103.61
776.605
148.35
698.477
39.6435
578.265
166.204
620.685
613.544
32.3801
684.652
198.157
156.438
556.139
720.42
76.6015
143.864
985.351
479.202
998.84
767.846
982.574
757.195
725.181
800.501
571.673
961.699
96.6826
29.7555
955.962
282.144
647.084
48.3718
275.491
42.8175
669.698
677.999
460.494
768.365
145.817
809.076
836.116
993.377
440.779
938.108
635.884
347.667
173.437
183.447
79.6228
947.905
166.234
60.7013
171.667
627.186
881.314
799.402
876.4
33.845
249.031
481.613
826.868
130.619
295.938
784.448
222.785
125.37
476.974
606.922
74.4346
364.757
119.724
363.323
448.317
222.144
885.983
223.304
871.029
510.758
656.85
80.8435
547.685
453.444
748.497
532.975
551.103
740.623
863.765
649.342
637.745
706.961
686.636
814.081
846.919
158.666
525.346
421.4
539.567
882.626
910.611
705.618
32.6853
367.84
555.376
487.533
485.549
771.691
581.866
117.74
194.372
661.122
422.559
398.846
951.323
560.564
301.401
766.93
624.073
837.977
701.132
514.634
612.781
959.685
723.167
336.009
339.579
645.772
746.666
975.158
428.266
957.366
292.154
259.438
728.996
846.156
496.933
299.081
845.485
198.828
107.791
133.427
320.078
906.43
397.626
606.403
133.457
990.204
912.259
751.091
674.978
315.958
453.2
465.865
839.839
927.061
203.619
762.505
409.65
527.757
402.539
367.779
372.509
148.625
474.349
960.112
338.42
524.552
19.8065
821.68
707.053
216.742
574.358
188.543
743.492
10.5289
540.3
78.7378
218.482
619.495
199.347
880.184
769.494
227.577
211.066
479.812
638.478
900.327
504.257
214.85
943.052
396.619
966.857
427.717
137.15
411.847
841.304
905.423
817.255
784.173
230.75
985.229
530.473
694.815
623.371
607.593
741.203
393.719
840.052
97.3846
611.866
481.979
312.387
955.29
754.54
282.022
97.0489
439.528
609.546
327.036
532.487
220.71
607.044
500.656
944.731
889.584
768.426
858.516
308.176
599.597
903.073
662.343
267.647
625.935
57.1917
658.62
427.992
121.189
371.075
132.298
317.637
850.124
0.305185
767.296
932.34
183.63
258.278
844.813
264.687
134.312
635.121
810.938
727.042
713.889
850.124
744.469
872.555
394.147
593.646
756.462
321.635
953.032
114.597
852.657
299.722
486.221
309.946
290.078
692.495
866.451
472.243
959.014
25.0862
430.86
351.939
821.406
271.218
178.777
690.207
937.651
898.801
259.774
878.536
112.003
57.8936
34.4249
901.975
688.772
317.911
488.632
221.473
529.771
859.401
282.357
752.007
705.008
527.39
214.789
592.669
927.366
652.547
386.425
665.059
262.703
45.6252
839.93
915.983
146.489
72.5425
960.54
240.883
238.502
215.43
417.676
784.356
146.55
26.307
928.77
773.644
550.676
879.757
626.362
541.826
758.751
430.464
310.495
896.512
225.44
182.348
366.527
490.555
64.7908
74.9229
630.696
351.146
88.5647
493.759
983.764
222.907
401.013
610.981
954.863
882.321
81.6065
461.959
116.092
78.4021
987.091
664.724
549.394
257.332
203.406
188.116
166.967
725.822
179.998
75.1671
166.57
410.657
76.3573
527.543
402.692
870.113
353.069
257.759
954.924
713.34
138.066
515.244
675.1
84.5363
399.701
692.404
994.079
367.626
457.503
916.898
769.311
767.815
862.331
536.851
455.184
926.572
176.55
904.477
376.324
225.837
686.331
365.062
386.029
938.292
576.373
857.173
690.634
878.964
599.017
30.3964
121.036
715.751
768.822
287.088
632.954
593.89
113.437
653.951
316.63
231.3
12.8178
890.072
697.897
140.873
157.262
737.663
611.225
136.021
655.873
721.397
426.527
775.567
326.792
402.875
910.489
904.386
700.308
496.658
504.074
946.104
765.831
753.471
297.342
103.763
994.751
17.5176
482.589
125.217
669.485
364.025
567.4
788.965
50.5997
722.526
128.666
767.174
413.221
893.399
388.867
21.7292
483.444
362.743
395.947
389.843
306.742
822.687
87.8018
515.305
79.2261
802.698
22.9194
781.762
972.839
318.735
58.2293
403.974
486.007
946.104
755.486
334.025
351.238
222.327
797.388
137.547
530.076
786.615
194.647
497.543
327.677
161.473
565.691
500.931
157.506
583.666
269.234
364.849
987.762
789.727
672.201
758.629
0.549333
163.213
333.384
377.331
495.682
149.358
384.442
924.284
569.048
343.516
889.401
157.079
598.407
159.764
463.79
155.248
66.6829
485.885
935.209
464.034
754.418
230.689
325.541
272.073
832.667
170.568
937.254
277.993
887.6
0.549333
824.061
403.058
407.88
997.436
427.9
5.58489
766.289
199.652
662.954
753.746
226.478
511.765
228.248
812.433
6.95822
638.478
430.219
501.45
932.188
255.135
295.846
80.0195
703.421
320.994
258.492
814.936
319.651
941.038
197.058
987.884
680.41
683.004
109.989
998.718
901.059
755.76
205.115
220.466
372.723
955.26
686.941
762.719
97.293
784.173
22.3701
799.341
329.081
651.875
966.43
616.871
54.5061
560.472
128.361
40.0708
340.922
183.569
360.881
390.454
85.5434
743.98
752.129
634.419
196.448
596.026
502.945
876.858
736.167
919.889
469.985
857.143
59.4195
432.936
655.873
602.863
476.608
525.163
428.266
898.282
473.22
724.601
748.436
723.411
17.9754
899.167
190.863
319.987
989.502
100.925
35.2794
40.9253
253.609
459.456
211.982
638.722
422.346
29.9081
382.061
150.06
825.556
2.74667
933.683
32.075
727.073
180.853
175.451
707.022
315.836
130.528
508.591
171.056
504.074
912.595
858.516
824.244
62.9597
799.799
147.618
176.885
127.842
886.776
90.5789
589.801
603.442
998.962
92.5321
703.238
500.9
806.299
532.731
712.119
737.877
548.601
213.63
143.01
432.447
278.359
257.698
289.285
222.633
27.253
232.398
960.692
642.567
802.973
785.18
703.787
86.2758
822.169
569.231
149.083
391.034
886.074
741.844
641.804
570.757
305.002
815.943
811.548
731.162
277.81
146.611
238.044
697.928
132.786
833.552
868.892
388.714
336.009
320.78
345.042
460.982
673.635
474.96
891.446
265.938
514.176
423.231
927.702
640.889
557.36
932.463
56.1541
570.299
975.036
610.37
582.965
247.627
351.512
710.501
228.584
568.499
328.623
821.589
184.21
586.84
362.072
223.334
169.866
965.331
495.682
189.184
650.899
950.987
559.099
17.6702
868.831
907.62
695.883
73.6412
842.982
935.972
627.674
620.35
998.962
613.147
561.144
723.807
580.493
382.366
143.62
10.8341
500.504
624.439
373.913
561.815
788.11
941.984
874.355
719.199
287.454
687.826
430.433
93.6003
764.702
269.082
204.443
548.387
79.5923
257.271
528.947
443.8
577.715
837.031
686.697
922.239
359.508
623.31
583.148
515.946
582.842
379.467
717.734
857.906
454.665
666.829
360.302
777.734
68.5446
956.908
338.816
563.524
744.346
238.166
344.646
671.01
25.544
647.938
161.657
661.031
991.821
160.894
725.578
647.114
41.3526
865.81
419.233
33.6619
801.202
860.836
510.971
826.899
319.803
299.783
141.392
298.715
199.683
619.739
765.526
285.897
825.617
481.491
455.916
905.026
344.462
454.451
973.907
964.599
553.85
976.47
14.008
855.892
354.656
620.685
529.13
203.406
924.619
200.262
541.337
56.4592
268.563
741.966
345.866
903.012
302.347
860.317
513.565
286.691
125.523
563.463
598.59
309.305
640.553
21.8818
957.366
798.639
173.04
331.065
585.04
423.841
251.198
799.799
376.019
539.415
198.737
795.068
714.316
38.6975
699.362
674.673
800.348
998.718
987.518
839.228
620.289
396.832
822.687
434.339
964.324
681.448
903.317
734.642
399.823
477.065
875.912
740.41
606.037
205.512
596.545
18.6163
976.165
904.477
800.439
319.407
893.399
24.3538
835.81
998.718
586.993
485.275
618.824
779.443
974.792
774.651
465.011
881.344
397.961
367.229
954.344
51.4237
655.049
248.848
485.397
526.017
240.761
824.61
675.527
455.611
196.203
993.164
262.673
824.091
476.608
668.416
665.67
392.926
243.11
529.74
858.882
702.597
984.375
281.655
717.368
661.336
874.508
204.84
489.456
753.38
273.843
279.275
552.019
397.382
778.405
661.031
105.472
486.709
724.174
793.542
964.446
642.445
553.24
935.148
100.345
210.486
947.02
383.923
92.288
534.288
133.518
180.792
142.155
533.921
274.819
572.619
810.724
123.325
340.526
16.1138
130.436
496.536
374.187
4.33363
251.717
814.203
558.214
496.353
278.39
322.031
984.1
231.758
448.927
431.959
533.86
711.478
319.834
797.296
779.168
125.431
106.876
913.663
304.056
9.00296
841.243
276.131
358.013
909.177
495.743
624.683
245.216
841.578
738.762
308.359
356.426
820.002
470.687
300.18
249.611
239.387
800.317
893.582
685.781
393.445
616.565
611.499
26.0018
908.353
412.519
360.088
896.207
373.669
517.35
357.433
525.468
952.177
392.834
868.954
664.846
248.604
150.67
280.831
492.111
220.435
946.532
542.619
409.314
410.077
407.392
509.934
139.012
281.075
748.619
219.092
25.7881
939.024
736.167
624.683
948.881
18.0975
151.158
830.805
752.434
15.595
912.778
348.277
599.78
854.183
515.03
408.246
157.476
954.466
934.904
863.521
16.0527
598.315
667.013
709.281
252.815
864.65
41.5967
754.143
544.053
918.546
481.979
472.762
731.956
935.087
857.723
571.368
252.876
439.528
589.679
297.494
333.476
344.432
663.472
25.1167
360.21
465.346
207.007
146.275
329.356
796.472
789.117
800.745
783.074
326.975
94.8515
474.654
138.127
680.105
134.251
999.939
813.562
355.052
640.248
984.832
63.2038
854.579
812.555
207.617
919.767
477.523
63.2954
4.63881
156.163
59.6026
921.14
183.172
671.316
442.183
749.351
491.501
205.115
950.713
435.224
176.672
790.49
664.541
705.893
661.214
847.774
758.965
227.607
870.571
327.677
700.339
144.597
241.859
809.9
576.586
213.202
945.891
962.401
343.211
188.482
352.824
268.624
266.884
618.58
273.782
428.816
347.362
703.818
8.5757
340.617
999.39
376.415
731.864
66.8661
775.292
257.149
247.719
695.395
410.108
645.192
645.558
497.818
970.244
197.394
886.746
293.558
386.578
453.536
854.671
424.97
154.088
862.941
898.953
250.191
478.195
469.924
404.614
559.709
649.953
913.419
418.5
823.115
931.12
897.122
862.972
672.048
729.728
786.981
369.213
526.017
348.613
491.653
260.72
766.564
86.7946
282.327
718.467
366.924
976.226
708.518
658.864
382.977
933.836
265.572
356.12
211.432
611.744
970.55
339.64
22.248
725.181
502.365
598.407
270.913
140.568
62.9597
623.035
697.073
504.715
614.978
316.935
715.842
695.822
653.066
308.115
607.776
878.506
164.251
692.434
414.106
443.312
934.507
739.586
943.113
612.354
856.655
593.738
794.244
992.004
397.015
498.978
805.963
854.488
876.278
581.805
833.735
428.877
720.939
721.244
264.26
983.306
341.96
538.377
172.338
979.339
796.594
36.0118
526.627
79.8975
889.309
920.164
350.291
292.093
868.984
134.159
243.233
25.8187
377.575
637.471
171.636
349.681
807.245
959.105
931.578
225.654
721.854
558.336
192.45
3.23496
499.161
523.087
527.177
954.802
850.032
637.349
334.269
132.939
370.769
348.979
59.4806
331.858
784.906
669.485
622.12
432.966
30.7932
536.241
452.62
916.715
851.1
669.149
48.0361
821.772
40.2844
452.589
451.064
932.707
7.11081
873.989
559.282
477.248
807.093
50.2945
670.614
114.689
302.499
373.791
171.545
496.78
605.304
807.764
773.98
181.524
459.67
364.483
207.282
182.501
720.023
295.602
771.661
933.653
581.133
26.9173
659.017
951.476
716.575
368.389
447.737
975.86
981.384
30.9153
677.572
870.602
835.383
980.895
910.672
64.9129
143.925
664.022
185.4
817.164
511.216
629.414
268.96
82.2474
803.522
585.467
614.856
263.68
17.8533
418.409
432.051
631.611
152.898
205.206
771.416
688.192
237.678
751.732
36.0729
261.574
175.085
687.613
822.016
609.363
555.986
649.037
494.644
313.425
100.162
580.493
408.338
246.681
880.734
687.246
174.566
393.689
987.579
69.0329
885.128
805.628
786.981
567.003
696.768
471.755
432.875
854.64
683.34
387.707
786.462
303.964
361.827
602.649
400.067
658.773
798.517
525.834
722.037
45.1979
701.102
274.575
178.289
352.031
404.065
344.218
287.301
510.788
152.196
381.634
464.217
707.999
589.618
343.73
671.102
59.9689
859.951
821.528
568.773
782.037
224.097
812.006
327.006
382.763
602.008
718.039
749.321
915.311
944.212
858.486
867.977
816.187
839.869
268.899
666.677
363.598
267.556
74.7703
85.696
285.836
894.467
218.299
967.132
551.408
831.111
819.666
95.2788
872.219
247.017
954.619
989.502
950.591
754.326
129.185
604.755
2.04474
964.843
233.009
597.095
584.429
127.476
252.113
309.488
264.901
251.991
523.209
134.8
156.499
624.989
809.778
411.908
854.427
125.248
981.994
511.155
804.621
243.629
581.286
265.847
634.754
214.728
50.9049
405.286
479.659
165.838
913.846
146.214
832.026
689.84
679.067
598.926
949.614
748.07
757.805
143.468
350.627
309.793
170.568
433.607
428.205
633.9
326.731
183.142
714.866
599.658
657.338
392.499
829.188
992.492
382.763
170.324
634.999
151.006
196.631
807.581
644.917
881.802
146.611
259.346
199.011
47.7309
493.942
691.58
450.484
736.839
832.728
248.146
688.833
416.822
250.282
695.09
32.4412
982.971
809.565
97.9034
21.6376
104.068
135.197
188.482
142.888
774.194
384.533
577.532
816.584
475.021
384.228
469.1
878.231
856.471
214.454
33.2041
85.7875
340.587
21.5766
93.0815
683.096
555.925
340.464
282.907
551.195
7.90429
707.907
332.621
979.339
892.148
848.262
635.945
585.62
456.16
212.714
757.805
419.904
816.553
153.203
37.4767
779.26
637.226
512.345
943.785
767.724
575.488
910.642
338.145
131.199
901.639
512.314
302.683
399.548
198.767
550.829
688.406
865.78
549.15
395.245
40.7422
435.041
112.705
439.222
58.1988
873.806
504.746
593.28
240.333
490.463
878.567
661.733
881.558
779.229
119.297
385.907
66.8355
57.741
55.6963
434.584
825.831
630.451
95.3093
122.593
100.925
508.347
190.008
139.744
686.605
216.712
537.797
70.3452
795.373
722.098
927.091
985.076
406.995
9.43022
129.978
886.471
57.1917
341.166
250.496
289.163
222.175
728.813
434.187
716.147
954.772
649.007
845.21
391.98
929.075
534.928
317.423
915.159
549.547
74.16
585.589
189.581
280.648
844.569
502.457
397.534
853.511
319.254
149.022
294.534
505.722
772.149
243.233
608.142
910.855
114.841
753.99
821.009
953.246
196.57
126.041
120.426
5.18815
598.346
23.2856
794.855
861.995
452.315
994.995
859.004
991.607
317.942
972.625
188.818
254.982
645.985
2.89926
947.356
753.502
861.568
123.447
582.812
959.197
597.705
787.164
180.456
784.875
110.538
741.691
448.866
749.779
407.422
770.379
122.471
897.153
118.9
200.629
61.3422
619.953
646.535
586.23
829.402
51.2711
616.932
469.527
32.2581
175.268
174.017
630.268
196.6
314.92
140.233
726.676
471.206
153.294
578.112
735.618
931.791
944.151
783.654
97.7203
770.623
68.0258
242.439
973.846
152.196
590.777
580.096
519.059
15.9917
979.583
37.6904
580.676
607.776
634.205
504.501
726.005
20.9052
388.44
637.867
6.77511
528.367
638.63
102.786
366.07
987.274
255.379
461.653
93.6918
96.6826
934.874
745.659
237.312
790.46
145.634
238.99
374.34
545.824
327.555
507.492
651.631
889.462
498.703
202.277
499.008
881.954
927.091
670.4
922.91
862.056
22.6447
903.012
786.096
231.941
106.662
853.023
980.407
564.867
213.843
652.944
897.855
816.126
584.399
764.428
107.059
918.79
1.34281
590.655
641.133
545.732
630.207
583.026
802.728
318.735
516.465
372.936
893.338
245.857
397.931
960.57
772.423
669.179
987.365
491.165
652.974
502.884
382.397
650.899
39.613
44.0992
758.507
212.714
215.613
137.089
1.37333
764.031
184.698
972.198
435.194
147.313
474.593
300.638
302.652
644.826
707.907
346.995
153.203
438.581
346.812
199.805
796.045
377.178
517.93
962.127
973.235
580.34
323.466
442.976
410.382
912.717
545
671.285
400.281
858.028
145.94
13.0924
575.732
824.763
479.263
173.62
28.5043
415.052
606.464
865.474
430.128
687.277
634.053
423.75
310.587
944.395
473.983
150.243
151.891
78.7072
934.141
666.86
452.132
4.73037
544.939
60.2741
416.456
210.944
28.9315
99.002
431.41
962.157
818.934
303.659
978.576
183.233
531.053
152.226
143.834
556.23
799.677
201.361
379.07
861.019
379.254
404.675
671.407
91.7081
920.621
409.925
777.306
379.833
326.884
115.665
677.297
254.83
95.8892
269.143
907.743
274.392
555.223
386.12
925.443
554.643
395.947
774.712
162.267
232.246
411.603
943.449
924.986
389.447
848.384
175.787
797.235
472.884
272.835
551.744
699.789
738.334
363.689
197.821
265.236
751.518
533.403
47.1206
683.157
477.371
786.218
890.103
672.475
988.037
718.772
997.742
737.053
321.268
69.6127
98.3001
360.515
520.89
723.685
988.861
296.945
389.538
578.021
562.456
613.483
986.114
175.39
533.189
641.133
398.053
511.46
639.241
490.005
820.948
922.086
605.976
285.318
475.356
456.893
649.922
780.328
393.109
645.833
805.139
502.243
604.144
63.8447
852.87
88.168
754.479
601.337
136.357
966.094
687.674
845.332
41.2305
38.0871
19.9591
478.835
423.444
521.989
241.096
103.427
765.618
607.105
371.563
392.529
343.211
80.7825
707.938
980.316
181.707
582.049
687.185
993.896
85.9096
638.264
401.471
633.778
522.996
141.392
794.58
709.83
640.156
419.904
71.1081
538.224
198.34
562.487
350.169
106.143
703.238
150.273
93.8444
910.398
514.725
53.3158
343.089
375.683
216.163
447.676
290.658
259.987
24.7505
709.799
223.975
951.628
523.942
343.608
367.84
65.7064
499.557
597.613
658.986
245.705
160.619
927.244
983.551
575.915
526.231
959.41
908.567
511.795
259.529
115.085
439.039
734.275
730.522
546.648
831.446
833.735
588.336
545.457
995.27
230.75
624.622
76.8151
513.535
238.99
209.296
597.98
814.051
677.358
79.6838
815.394
521.836
936.796
764.428
538.102
524.766
908.78
423.536
282.723
783.319
681.265
385.54
786.767
415.51
408.338
163.274
86.3369
88.8089
260.048
229.469
314.768
249.641
858.669
333.11
877.804
222.053
107.273
638.325
162.358
707.114
817.53
466.72
434.675
713.401
42.024
924.467
83.8343
450.911
518.571
195.196
867.763
218.757
131.474
780.725
316.935
818.476
797.143
469.527
953.001
523.698
679.312
315.653
477.554
138.096
141.057
408.277
588.488
172.124
338.939
713.614
579.028
670.309
866.39
770.318
376.568
720.267
351.756
519.822
176.946
174.291
418.195
52.4003
330.882
615.589
910.52
550.768
638.478
99.3072
796.411
211.921
708.274
700.766
647.42
429.121
536.943
401.105
106.449
14.4047
965.972
342.448
247.658
743.95
171.453
983.245
235.267
6.31733
843.532
185.247
187.506
835.994
211.249
763.604
651.845
112.613
569.842
530.656
597.674
207.678
465.468
365.734
333.11
859.554
195.257
340.953
251.534
558.397
777.429
435.377
814.753
222.114
48.5855
868.068
678.457
444.472
44.3434
581.622
366.863
96.8352
319.102
907.437
402.081
564.592
361.827
943.602
294.961
399.518
763.573
677.114
303.629
669.668
293.283
381.634
365.551
787.622
538.224
321.451
110.05
98.2391
264.626
293.863
356.914
8.11792
155.95
40.1624
7.50755
936.552
83.7428
57.5274
735.038
870.296
568.285
842.158
379.467
803.491
584.918
95.4009
454.268
842.982
372.234
924.345
670.156
261.177
398.541
567.156
883.206
277.566
142.613
675.771
372.631
849.757
845.515
685.842
855.312
255.593
888.882
306.375
142.277
747.673
956.847
659.291
844.874
61.2201
637.165
100.925
34.9742
56.856
618.122
256.386
267.647
279.214
137.394
297.922
870.388
712.943
839.106
998.749
906.827
517.228
695.303
593.524
720.206
20.1117
148.228
976.806
463.485
753.746
129.398
270.363
521.561
811.762
112.125
291.36
232.765
310.587
853.145
951.659
815.18
235.145
980.193
120.182
904.355
450.667
81.6675
979.827
608.661
161.87
454.054
409.04
488.388
600.543
164.22
420.698
364.91
222.938
582.202
188.391
366.283
198.157
40.8948
692.19
115.238
468.886
779.351
514.634
466.353
165.441
824.824
818.354
697.775
654.927
971.221
36.5917
564.745
5.98163
509.049
308.145
120.579
151.219
863.796
186.987
711.203
527.787
798.7
659.505
50.1419
477.92
338.084
998.657
779.748
190.649
67.9647
488.083
424.604
465.346
969.512
546.068
144.505
79.165
442.152
281.32
191.809
39.1247
672.475
11.7801
480.575
500.168
4.69985
777.245
172.979
630.482
469.924
377.758
689.749
205.42
129.185
968.352
50.5997
211.158
387.829
741.813
951.17
239.265
936.399
730.583
482.07
953.795
474.807
258.98
897.366
411.42
876.278
77.2118
337.626
516.923
946.532
708.06
914.792
394.33
435.133
37.7819
63.9363
955.321
455.275
682.73
569.75
446.211
967.528
161.962
172.185
254.86
484.634
408.307
159.154
758.354
653.249
648.427
851.405
492.996
868.77
182.928
386.273
427.992
579.546
98.7884
706.748
623.707
437.147
443.983
161.504
55.9404
948.057
896.695
622.852
887.692
783.99
459.609
528.245
969.146
406.659
211.28
752.037
847.621
162.847
644.948
713.492
68.392
506.912
626.606
627.522
48.0972
506.088
503.708
303.873
301.065
285.653
395.154
401.898
301.096
569.414
194.494
546.22
758.66
972.35
316.996
210.273
595.843
201.422
722.282
773.461
399.457
820.917
243.507
658.528
634.144
738.243
754.631
955.29
396.252
66.8966
206.397
436.689
990.448
522.782
63.2954
374.065
109.012
9.43022
171.606
57.1612
897.031
549.608
590.655
425.642
682.424
218.238
418.165
718.07
654.225
234.199
140.904
544.908
268.654
865.78
542.1
291.36
665.487
307.627
696.615
256.783
874.996
184.088
85.3298
436.354
97.5372
836.085
360.088
351.97
836.451
47.0595
789.758
837.825
165.593
365.276
919.858
187.628
913.45
677.267
475.814
569.323
43.5194
190.13
41.9019
113.315
14.4963
478.042
546.709
581.469
398.938
749.29
86.3369
21.5766
543.87
990.6
117.161
315.256
553.301
144.444
548.54
23.9265
374.187
975.951
767.357
440.382
267.281
785.241
125.614
251.473
444.075
622.059
921.842
718.375
150.761
158.391
408.002
780.755
980.956
875.698
853.359
990.967
698.019
722.556
195.624
684.53
348.46
899.686
311.899
293.374
947.813
927.671
439.467
207.617
519.395
654.714
778.558
92.6542
768.7
359.508
807.886
67.5069
173.07
606.555
344.31
650.838
769.127
9.27763
878.048
880.398
418.256
558
214.148
513.26
832.484
668.172
952.391
711.661
140.599
605.914
835.78
121.891
277.352
446.669
499.893
751.885
975.463
223.212
653.615
553.667
642.75
419.416
222.663
117.527
905.393
466.018
487.686
383.526
98.0255
394.482
747.215
776.788
482.955
305.521
537.614
673.025
478.347
808.039
940.855
600.269
678.335
85.1772
11.2918
83.3155
944.578
743.767
853.175
536.851
351.939
102.664
379.131
113.651
268.532
77.517
282.418
914.426
352.092
316.874
252.602
464.583
743.278
746.818
966.948
865.688
237.709
179.998
888.424
526.17
717.948
145.299
401.502
878.964
625.935
594.562
317.27
991.363
758.293
642.354
278.756
473.891
164.739
995.422
97.9339
594.226
431.562
227.577
555.681
2.31941
130.711
556.841
695.914
973.357
716.758
280.374
144.871
574.053
651.601
524.43
487.472
659.841
39.7351
464.431
231.086
107.486
554.003
672.353
388.684
190.954
933.592
747.246
212.5
505.661
836.024
885.128
109.073
348.125
323.374
544.694
267.312
956.786
764.916
864.834
30.7016
520.371
436.689
990.57
544.969
360.179
599.841
963.134
712.058
192.45
338.572
331.065
982.574
877.01
939.329
138.127
16.7852
558.367
91.7692
444.349
746.452
606.037
694.082
36.6527
867.946
259.377
541.948
485.092
298.441
384.411
684.622
201.086
626.484
247.505
727.561
653.951
87.3135
713.553
863.887
401.563
95.5229
773.705
915.433
92.1354
865.2
809.778
164.922
92.7458
149.113
501.053
260.506
900.998
628.864
780.114
973.571
996.185
986.023
743.309
91.3419
286.386
186.407
923.185
225.99
807.093
8.75881
827.937
820.093
828.425
348.399
154.912
131.504
26.4901
327.647
584.429
477.554
875.851
744.407
559.343
520.157
918.302
889.401
957.762
873.592
65.5538
264.29
64.2415
815.332
591.082
231.147
746.422
382.092
967.345
124.821
242.256
631.489
205.512
859.554
465.865
351.207
853.084
560.869
236.305
996.735
306.009
254.341
336.833
138.493
591.571
141.942
810.541
200.568
278.054
497.635
398.389
771.081
667.898
713.523
526.17
266.518
930.021
527.451
746.483
230.72
328.013
963.53
42.1155
49.7452
200.293
16.8462
897.031
364.177
848.323
613.636
540.941
959.777
989.349
877.834
274.3
418.073
930.021
235.817
279.427
307.962
116.642
390.118
824.213
199.347
218.909
693.625
264.626
280.496
402.844
955.199
752.525
860.225
949.736
208.594
54.384
535.783
876.675
475.143
388.165
308.39
715.69
51.8509
683.309
427.107
106.967
356.517
171.514
242.256
363.109
860.225
713.37
850.429
659.902
139.348
767.724
810.999
10.8646
577.837
409.864
716.91
680.746
750.999
304.849
899.716
194.983
22.4311
42.085
50.6912
601.062
384.991
737.419
39.613
138.066
76.9372
309.183
711.509
970.733
5.09659
334.361
943.358
143.986
505.661
890.866
742.18
414.899
474.075
292.55
664.815
117.222
395.703
123.173
341.563
716.086
307.627
475.021
384.533
207.587
223.64
799.371
461.959
21.1798
53.3464
274.117
819.849
579.638
546.587
95.584
31.9224
173.559
294.565
600.024
259.865
307.108
318.827
621.754
803.858
169.927
279.336
993.805
225.929
392.773
833.094
597.217
826.624
742.515
174.2
865.78
756.432
912.656
287.057
151.646
543.26
66.0421
943.327
858.913
317.179
285.653
974.731
750.755
513.688
589.801
852.107
336.863
336.589
668.172
102.725
747.093
762.261
994.629
596.362
997.589
365.642
473.464
231.971
55.8489
750.42
274.911
56.032
611.164
863.247
16.3884
343.76
955.657
974.517
945.799
674.276
883.572
606.189
282.815
531.419
14.1606
188.208
374.95
461.135
444.624
724.57
824.03
316.599
139.195
250.374
239.784
622.669
961.394
361.614
776.543
590.655
754.265
597.613
109.47
814.722
376.446
959.166
6.43941
181.127
99.2462
341.868
151.891
21.8513
271.218
167.547
378.918
43.1837
656.606
993.286
965.758
61.3727
354.106
380.993
152.898
75.869
701.682
807.611
537.492
712.027
73.9463
897.61
500.504
563.677
978.759
759.056
323.527
468.001
358.196
704.52
151.524
242.775
501.755
137.822
457.045
917.997
476.211
888.211
163.121
992.706
480.056
772.881
80.2026
748.772
27.5277
669.485
814.234
152.348
369.274
879.482
801.111
374.401
55.269
63.7226
625.05
461.837
46.968
531.877
275.735
190.039
284.188
166.021
501.724
628.559
113.498
761.04
915.25
450.728
484.146
61.3727
5.768
518.784
317.789
277.23
717.673
775.506
958.342
359.752
748.619
973.968
108.097
817.743
225.166
276.131
156.529
356.334
911.191
252.174
307.81
119.388
606.037
311.106
413.434
816.614
888.333
94.5463
916.227
516.404
861.66
864.559
811.853
386.547
58.4429
416.669
34.2723
162.877
158.544
550.035
171.087
627.888
678.06
624.928
915.464
880.52
285.501
239.662
160.222
677.999
901.151
557.97
141.392
631.306
235.481
317.789
536.21
535.356
923.887
53.1327
922.849
615.162
912.748
560.015
507.431
969.451
254.067
137.761
525.285
992.523
964.721
637.074
221.778
56.093
105.686
845.759
819.91
232.063
739.25
243.782
380.047
337.565
918.455
658.803
959.105
83.4376
366.558
852.931
974.09
607.685
2.19733
572.893
177.526
174.688
966.185
94.0275
150.243
321.97
306.711
789.758
717.856
235.145
979.095
757.561
197.546
632.954
315.958
33.1431
881.252
943.022
624.683
423.505
661
50.1114
67.7511
490.402
203.528
397.9
482.864
715.537
579.821
725.242
298.318
378.674
755.821
218.696
200.964
179.754
850.887
362.377
711.753
136.479
570.147
266.03
325.999
788.659
716.788
753.197
374.523
240.089
190.558
990.112
261.391
70.0705
379.254
937.01
235.145
644.856
348.582
403.088
349.254
861.019
737.449
985.961
768.578
851.619
764.275
677.114
77.3034
686.544
251.167
415.143
745.781
598.224
71.749
366.68
410.962
763.878
929.136
217.872
128.3
175.848
870.174
256.386
250.221
631.001
442.335
525.803
87.7712
370.434
899.442
833.613
11.9327
400.861
362.255
893.948
150.426
29.0231
340.892
386.12
336.65
640.065
524.216
210.913
466.659
251.289
243.355
724.815
920.713
872.86
515.519
234.26
205.481
205.847
73.6106
531.205
473.251
710.074
288.919
750.359
74.1905
571.673
392.346
330.332
798.303
602.954
900.815
359.6
962.798
604.541
654.897
88.1375
1.67852
222.144
374.371
886.746
713.523
828.425
137.028
434.4
823.298
461.562
688.131
415.906
15.4729
351.848
985.778
510.117
93.7834
67.2323
889.065
950.743
424.116
809.412
395.032
440.382
316.935
891.354
330.821
699.606
505.631
928.037
906.705
431.898
376.415
770.989
37.2021
985.809
106.723
718.497
835.994
495.743
367.962
32.197
190.313
782.556
749.016
291.818
822.626
794.916
556.444
618.824
743.858
873.318
148.473
300.607
506.363
617.115
457.778
846.339
161.351
636.86
860.286
5.52385
327.952
972.289
45.9609
780.938
279.611
457.533
47.853
966.704
454.695
815.302
85.2382
243.202
296.793
760.216
377.911
359.966
831.538
893.674
587.054
437.269
885.861
670.644
39.5825
918.638
356.456
220.13
391.949
204.535
432.722
300.516
889.248
499.466
181.616
170.446
876.858
902.646
399.64
657.674
719.81
274.392
138.981
205.786
786.92
909.33
813.471
181.158
655.416
546.831
291.025
220.618
192.633
751.427
878.78
901.578
670.919
192.969
606.647
515.366
571.856
858.76
716.453
225.929
236.366
728.416
761.925
393.872
16.7241
942.961
226.661
348.155
86.6726
999.329
65.7674
386.242
565.966
1.40385
77.3949
283.975
115.94
499.069
510.971
96.4385
661.58
946.226
817.56
531.175
397.168
309.458
949.644
674.886
731.132
858.058
115.268
354.808
326.701
667.196
394.269
916.257
894.65
865.047
121.281
697.256
893.826
155.339
443.373
981.933
796.716
646.748
957.152
713.401
75.1366
519.7
832.392
747.856
563.463
562.975
328.44
930.845
354.35
110.08
109.226
777.093
884.671
407.758
263.283
35.0047
366.527
946.989
435.347
917.478
220.679
788.293
975.341
279.366
667.867
412.671
511.277
524.277
134.587
128.727
852.26
520.432
629.994
567.949
627.613
307.932
749.077
299.142
568.926
878.109
459.7
93.173
840.632
806.574
328.593
869.472
325.724
20.7221
343.394
855.068
273.11
483.718
986.419
988.342
211.89
75.2281
716.636
97.6897
540.239
451.064
516.434
887.082
693.686
162.389
658.589
259.255
300.18
816.004
350.536
8.51466
227.668
556.841
411.695
413.282
930.143
654.195
640.37
760.949
999.176
472.304
26.0933
335.063
326.731
607.471
464.431
897.061
785.333
471.847
129.276
193.091
832.24
106.296
160.222
517.747
943.571
502.792
820.429
865.444
284.982
217.566
781.152
701.102
524.674
557.115
690.085
881.191
195.379
117.069
678.549
756.34
511.368
956.45
964.751
986.877
46.6628
187.353
208.777
102.573
181.219
262.368
776.177
337.748
720.511
740.226
565.294
772.912
595.325
811.396
556.139
314.371
47.9751
364.483
735.527
543.168
211.188
875.271
555.864
963.927
485.336
898.648
583.087
685.904
621.357
446.028
490.524
66.5304
914.609
28.3212
54.6281
349.284
416.456
646.29
308.847
826.868
569.597
509.323
512.07
561.022
173.589
764.214
87.6186
190.344
86.5505
14.8015
189.459
857.204
569.628
913.877
51.2101
784.783
680.013
608.448
775.079
536.241
619.404
320.2
716.056
486.435
443.464
841.609
118.442
537.828
39.0637
229.286
160.253
611.835
775.262
476.302
62.3798
946.806
734.336
443.556
418.134
733.848
929.289
832.881
400.067
121.952
413.77
481.796
999.695
123.264
690.878
762.383
956.969
450.179
327.067
364.36
535.142
815.18
177.465
244.514
797.906
725.089
128.422
23.3772
544.481
300.333
764.458
610.218
559.221
151.158
864.65
337.962
332.041
841.578
135.899
389.142
905.667
972.503
88.5037
794.122
5.98163
415.235
460.494
782.586
112.308
726.768
97.1404
770.165
622.791
277.627
692.038
760.887
771.996
124.18
295.145
446.76
456.862
156.255
995.483
786.279
626.881
551.317
682.974
342.143
395.032
66.4693
297.555
160.497
525.773
200.018
470.168
472.152
456.099
752.709
962.767
997.406
506.119
821.375
813.654
135.502
435.347
754.875
593.829
820.521
0.885037
104.526
681.082
323.893
674.032
99.826
957.793
786.004
170.843
680.715
838.984
757.195
954.039
617.878
36.5307
529.984
361.309
752.068
966.155
543.535
517.289
883.969
202.795
641.438
684.469
345.5
891.873
464.553
210.303
784.234
520.859
759.667
726.096
191.717
959.288
885.495
753.838
707.419
172.155
297.098
377.911
229.041
513.535
290.323
137.181
361.156
6.37837
786.92
794.366
732.383
515.152
442.061
137.974
213.538
217.017
855.586
474.746
67.0186
278.329
167.669
966.552
559.374
142.216
820.734
470.26
67.6595
334.117
768.487
35.371
211.676
190.588
913.602
716.056
42.2681
418.836
55.0859
853.999
818.11
891.934
126.774
488.174
401.013
587.207
7.81274
47.9751
802.24
73.0003
686.972
985.595
910.031
450.819
61.5558
504.044
930.113
158.452
152.409
37.3547
570.513
541.185
16.0833
639.088
501.572
596.362
135.716
934.599
122.593
798.273
571.306
795.038
166.662
409.223
651.509
387.371
174.139
183.508
487.197
758.263
367.077
869.686
88.9309
606.922
954.772
418.348
369.06
404.096
402.539
301.187
809.626
512.65
694.632
847.346
77.8222
466.475
122.196
3.93689
369.945
63.9973
628.468
426.496
764.946
432.264
241.066
305.612
369.03
717.795
624.378
836.543
532.701
561.022
281.381
737.114
921.171
9.85748
437.88
721.244
719.413
29.2978
139.042
333.354
753.563
262.49
590.655
50.6607
809.381
200.446
275.063
59.0838
929.106
416.089
874.538
609.424
968.322
18.8604
531.846
359.63
193.731
986.511
480.422
610.004
203.253
529.771
574.694
836.726
949.461
146.825
752.159
431.013
147.893
523.453
958.251
49.1653
851.68
934.66
565.447
480.514
472.671
305.155
817.774
438.826
32.0444
583.88
331.767
184.21
919.889
589.312
185.644
381.115
946.165
981.872
627.277
98.8495
963.897
519.211
932.798
361.126
845.943
251.473
446.669
150.426
96.2554
811.579
334.941
274.087
877.59
458.083
82.1863
997.467
735.984
25.8797
264.229
851.375
804.163
441.572
627.4
519.272
764.489
959.197
5.49333
211.127
353.069
773.4
106.204
429.365
685.965
165.38
697.684
534.196
188.971
838.649
226.753
13.5502
412.366
599.963
400.25
864.772
511.307
42.9395
760.247
993.377
673.727
389.325
784.661
36.2255
276.833
144.719
544.847
514.267
53.1327
725.486
450.636
721.976
47.5784
711.997
114.75
258.98
647.053
885.556
867.733
611.042
463.24
704.489
954.009
685.659
350.383
376.171
941.588
709.159
338.939
180.761
375.225
391.339
766.625
203.253
205.42
764.183
387.86
130.1
23.8044
600.116
743.095
266.335
636.525
817.194
568.987
429.67
6.65304
776.421
531.022
878.109
97.3846
878.109
59.5416
926.42
646.168
363.262
570.666
409.009
402.448
726.432
852.962
644.185
859.035
645.741
901.669
56.856
9.18607
837.214
981.262
115.757
160.222
738.945
197.882
741.173
334.849
431.623
362.804
839.839
291.94
701.621
427.9
122.806
697.531
652.913
275.033
863.094
477.401
774.194
139.927
748.527
882.778
867.061
452.04
487.197
299.814
742.088
372.021
320.475
334.941
88.5342
807.215
100.894
206.305
424.177
187.292
90.6705
973.663
531.358
780.908
136.998
636.83
285.836
834.101
380.688
635.121
284.402
313.089
154.332
777.978
177.404
531.022
226.02
138.585
112.674
441.145
44.9843
941.954
197.302
877.194
145.665
977.783
382.733
522.233
366.07
570.513
680.471
887.387
36.7748
637.135
113.651
81.2708
797.021
863.887
311.563
652.181
193.945
533.525
152.715
283.303
721.397
34.4554
363.231
623.127
454.024
582.354
476.302
31.373
934.019
186.041
59.4501
522.874
465.377
389.111
615.528
689.108
473.067
817.53
63.7226
880.367
82.6441
65.7674
207.129
428.266
576.983
951.811
92.4711
190.954
886.135
672.231
669.24
201.544
766.564
889.737
653.218
701.621
826.35
282.571
2.07526
340.251
51.973
589.038
907.895
821.039
993.683
676.656
713.889
776.788
264.87
668.294
661.153
154.759
512.711
656.331
871.578
892.422
515.213
35.6151
473.586
165.532
561.876
987.091
276.528
989.99
773.553
142.766
900.143
458.144
518.052
964.171
765.465
391.4
577.868
864.04
853.206
689.871
225.898
604.266
636.097
160.497
865.749
0
91.0672
105.411
392.621
461.745
198.035
450.545
931.303
406.598
831.08
697.256
107.242
70.04
448.5
476.913
507.218
749.016
487.991
990.661
485.397
8.17896
873.104
114.78
971.862
880.428
537.248
453.841
438.704
592.181
371.624
121.799
681.234
846.126
503.189
533.28
569.323
191.229
308.847
985.717
426.038
512.284
72.4204
313.7
189.428
169.439
690.298
396.985
13.6723
819.941
332.102
803.247
465.987
452.04
462.996
346.568
975.402
663.808
133.091
843.715
689.932
716.758
941.282
848.415
398.083
396.313
578.417
645.711
670.98
210.303
357.585
287.21
881.558
956.389
636.402
948.729
256.966
189.856
538.285
391.095
620.411
623.402
879.025
806.33
978.607
989.319
704.276
829.188
611.194
396.1
345.134
996.399
818.69
710.685
397.015
434.278
984.344
996.582
528.916
56.1235
106.998
540.696
529.069
50.5997
461.135
498.917
492.904
942.381
539.567
692.038
560.076
6.31733
936.003
583.483
106.449
316.568
323.222
969.817
797.449
211.28
183.203
415.479
408.918
455.123
445.357
962.889
822.108
879.727
689.23
149.052
98.056
784.417
68.0868
860.378
39.3078
877.712
609.394
56.1541
143.193
40.9864
48.1582
893.063
354.564
696.066
850.337
280.465
523.484
56.856
581.256
399.67
974.151
47.853
276.681
216.224
91.3114
169.317
971.526
518.479
331.004
91.1283
43.2752
512.223
560.564
256.508
526.17
503.555
135.685
276.528
52.1256
700.644
619.739
397.229
575.091
666.158
551.866
819.91
534.562
451.003
170.385
156.346
615.192
941.282
497.299
800.073
758.019
449.08
690.451
494.766
580.035
78.9514
69.5212
881.405
858.303
900.815
722.282
304.727
234.413
460.707
96.7132
661.458
796.503
661.092
486.251
569.872
693.777
540.91
813.379
643.757
441.084
987.854
618.732
150.426
68.8192
913.205
661.153
835.322
774.926
920.896
35.5846
193.396
235.054
1.92267
214.667
969.39
227.241
285.684
920.408
167.608
727.226
378.582
232.246
352.977
130.711
322.489
837.703
524.033
758.965
703.085
831.721
339.702
303.537
940.092
971.252
980.804
367.229
290.292
791.131
427.32
756.401
594.745
487.411
433.393
681.906
301.34
974.67
980.407
524.43
794.122
23.3161
489.914
320.292
560.167
883.328
577.929
624.47
226.142
300.302
631.031
906.644
994.781
330.729
986.175
136.814
513.047
861.995
995.3
716.697
703.665
243.873
756.005
412.58
590.075
937.712
789.27
447.218
647.359
589.007
445.906
405.347
709.525
430.708
322.642
110.508
964.69
422.254
469.375
128.483
69.5517
31.5256
668.447
54.0178
914.212
65.5538
567.675
237.098
68.3004
456.221
948.119
104.74
440.657
407.392
907.559
735.008
182.501
809.565
241.707
838.832
366.375
328.44
803.674
806.787
471.572
73.4581
123.112
976.135
207.587
252.632
66.5914
774.957
706.503
720.145
820.124
899.655
615.955
822.626
975.219
181.707
123.661
450.514
999.634
300.211
444.899
700.827
874.355
996.307
803.949
57.3748
177.648
945.891
441.053
495.01
397.687
946.776
676.29
413.739
754.845
576.464
560.625
809.259
315.165
977.111
146.947
586.077
676.168
923.215
910.825
419.507
5.768
829.34
353.252
72.6341
716.483
853.145
316.233
574.633
555.132
750.481
42.4512
166.723
390.362
638.722
510.361
421.949
478.195
324.503
75.7775
444.96
487.564
352.275
951.781
558.153
66.8966
429.579
557.176
380.535
232.887
385.723
265.816
705.1
362.835
319.864
587.329
81.6065
71.5659
94.821
310.77
510.483
754.814
832.728
642.537
154.424
79.2566
568.926
869.411
473.739
201.666
720.603
578.57
691.763
997.375
525.468
965.3
996.735
79.8364
108.188
259.682
386.029
892.941
329.386
804.254
559.526
655.965
74.4041
812.494
767.724
444.105
137.791
340.831
21.3324
184.576
359.447
504.715
568.621
850.124
169.408
469.619
46.1135
630.909
196.722
249.306
210.059
366.436
99.1852
841.578
653.432
18.2806
270.028
733.268
416.242
465.041
577.715
305.673
894.192
401.013
795.434
171.545
952.513
619.434
875.881
975.097
651.418
461.867
728.446
685.934
488.632
714.835
654.286
918.699
566.179
734.855
95.9807
308.969
587.024
83.4071
857.906
477.432
88.168
452.834
453.383
612.903
816.187
164.373
735.466
205.847
651.662
20.1117
466.506
963.591
988.769
789.209
984.13
438.307
976.104
110.324
618.61
399.274
525.04
91.6166
18.8604
480.483
492.05
388.745
42.5733
134.709
941.069
42.9701
367.229
425.825
891.995
860.225
477.889
689.871
462.02
612.293
188.543
596.85
805.841
841.7
352.519
643.941
760.491
551.347
918.79
611.652
602.1
559.954
990.173
14.1911
819.697
805.017
39.7961
75.2281
313.334
374.126
942.106
260.018
921.842
546.22
974.151
895.962
687.155
623.585
444.349
911.679
761.284
836.299
104.282
226.936
361.858
100.314
999.695
824.152
683.004
910.001
917.478
32.4412
167.333
146.825
84.5363
56.3066
45.7167
85.6044
274.941
279.305
550.737
378.704
981.262
374.584
710.227
300.363
806.787
753.319
127.262
32.136
734.855
382.031
652.669
270.272
431.104
500.656
356.12
936.857
235.328
272.042
702.841
275.521
998.932
894.314
341.044
113.498
424.482
207.465
407.422
570.482
63.3869
325.388
756.249
996.49
628.071
324.351
18.4027
418.989
774.59
519.639
897.183
281.533
12.6957
361.003
606.128
754.357
898.801
478.835
856.227
398.419
168.126
911.74
297.739
464.644
963.256
47.0901
823.634
608.57
813.929
305.826
640.461
302.805
525.559
102.39
513.138
727.714
631.825
111.515
89.7855
421.796
568.224
372.906
712.882
473.525
222.541
264.84
622.883
534.776
18.2806
878.475
961.058
438.398
187.963
823.481
476.76
700.217
391.705
996.918
346.782
687.002
338.084
345.775
11.597
732.047
562.975
155.461
435.896
978.851
23.011
894.559
699.057
234.87
659.658
147.343
321.696
616.169
590.136
666.066
235.45
264.199
81.8506
72.8477
800.714
916.44
966.002
243.904
780.206
611.377
646.87
906.095
673.452
309.946
363.384
477.92
318.979
713.889
858.547
686.087
170.324
62.685
113.437
988.098
152.043
190.497
301.981
333.415
502.274
623.798
622.578
293.374
507.492
1.43437
162.969
91.5555
536.607
598.346
454.573
565.813
279.58
233.528
872.524
593.249
597.827
344.859
537.553
9.18607
891.964
510.3
876.4
551.836
393.353
198.187
496.109
863.124
285.989
27.131
529.679
77.8527
64.3025
316.935
108.219
31.8613
34.0281
211.615
116.367
620.38
361.339
156.255
887.387
338.267
577.685
8.36207
993.713
533.219
945.372
565.447
789.575
402.692
591.113
789.544
861.843
266.671
813.318
510.636
45.2589
146.825
469.253
889.645
158.422
183.66
848.994
422.407
116.611
922.758
941.282
766.045
578.051
1.28178
498.825
168.554
779.29
266.61
808.557
783.776
716.727
857.173
572.71
651.601
329.569
277.81
808.283
626.026
841.548
0.762963
169.591
31.4646
916.471
622.7
601.52
328.99
785.119
110.05
728.538
573.29
998.657
163.518
886.654
942.289
965.239
232.643
204.169
119.877
926.45
212.409
637.44
813.898
529.13
352.367
367.84
189.489
649.098
410.199
466.567
500.473
623.31
580.554
233.07
698.477
546.464
230.384
113.681
302.438
787.957
972.533
606.525
308.847
386.303
107.974
58.9007
424.177
476.394
969.024
763.756
401.074
406.262
193.457
260.903
759.117
699.728
462.477
249.916
671.621
520.768
731.742
20.2948
299.875
796.319
488.632
805.689
355.632
653.249
65.8284
967.925
173.559
326.334
542.741
417.798
74.6483
192.999
266.091
178.045
301.859
91.2809
521.073
495.193
309.244
577.349
383.892
406.751
686.087
278.542
287.332
169.408
496.597
998.627
330.515
455.123
317.423
730.888
864.01
720.664
753.197
236.091
381.268
657.613
712.149
340.953
248.756
128.422
222.541
613.269
304.178
495.254
71.6269
570.91
855.983
747.368
47.792
79.6228
113.956
333.964
67.6901
96.8963
583.056
107.974
969.39
417.768
451.003
287.82
252.571
578.6
501.755
842.555
547.624
575.579
585.131
207.404
94.1191
553.697
174.749
735.71
10.5289
122.959
44.6791
792.993
636.097
457.472
596.973
900.418
726.341
834.223
870.296
832.85
783.166
767.388
761.956
78.5852
301.157
394.757
493.759
566.546
211.035
272.378
853.359
67.0797
301.706
233.375
242.103
173.254
901.883
467.788
61.2201
268.197
602.954
479.171
466.414
385.022
304.086
74.4957
23.5603
365.673
360.698
43.5194
295.663
224.921
117.801
683.706
892.666
125.431
609.363
827.265
15.6865
870.632
704.825
526.322
26.3985
321.268
484.42
52.5834
73.1529
642.323
123.844
367.626
304.88
785.73
70.3452
720.206
704.367
116.276
790.704
526.688
71.5964
585.833
873.074
191.168
189.154
363.018
763.329
20.9357
700.064
323.923
917.661
894.223
729.972
310.617
652.089
835.78
784.936
563.372
470.992
157.445
955.504
232.948
154.881
318.888
958.769
379.345
389.538
165.624
49.7757
362.987
217.261
700.064
333.11
34.7301
91.7386
42.085
506.149
631.123
817.621
735.466
565.172
780.786
155.95
55.8184
505.905
528.428
377.331
477.34
548.997
782.861
542.955
953.459
922.514
94.821
795.984
168.493
732.017
171.392
443.556
416.303
950.194
32.6243
111.332
261.788
56.3677
217.505
751.396
642.415
358.135
944.548
784.814
564.745
525.437
633.9
160.497
53.56
369.213
697.104
611.255
508.896
395.093
0.488296
888.028
127.384
163.915
908.902
254.372
544.633
990.173
315.409
21.6987
354.289
9.33866
563.921
406.812
660.451
145.94
670.553
492.874
319.498
12.9704
749.809
575.304
27.5582
274.422
52.4918
673.696
910.154
501.724
521.012
490.799
769.555
55.8184
268.288
600.177
647.298
25.6966
887.295
143.62
856.716
754.936
996.216
819.605
142.918
987.274
926.847
443.739
125.706
162.572
961.455
863.308
681.997
894.772
24.659
505.783
424.055
161.962
237.007
344.218
929.502
241.585
235.725
559.191
879.696
920.133
669.515
679.678
762.413
10.0406
773.4
483.535
295.419
704.306
429.853
438.978
226.783
800.195
622.608
968.505
668.569
323.344
689.108
316.019
619.831
583.758
278.176
299.112
835.475
194.189
419.141
726.981
696.829
83.1935
608.142
765.923
240.852
33.1736
318.644
33.021
3.23496
775.384
841.914
700.095
832.667
172.491
863.704
387.951
331.706
520.646
683.676
133.61
81.2708
501.541
483.627
210.669
304.117
816.614
550.645
84.4447
124.332
33.4483
861.812
283.181
78.6157
677.206
936.308
466.659
35.9508
96.408
361.431
472.976
181.585
136.418
898.709
625.568
221.595
149.968
576.25
80.752
464.797
377.361
673.788
497.971
937.346
226.691
6.40889
813.166
187.262
486.068
413.587
397.198
934.477
998.383
859.218
380.291
222.541
830.439
49.5621
423.383
229.133
467.452
974.914
718.528
390.454
64.0889
280.953
498.52
996.735
283.486
877.377
838.038
914.335
755.394
687.887
26.6427
591.449
684.622
950.102
295.541
2.92978
641.255
969.787
179.022
690.939
63.7532
736.808
291.94
557.573
506.058
308.573
804.346
565.691
160.222
367.26
394.879
4.08948
685.629
857.112
963.713
473.617
876.034
108.066
886.563
249.886
195.99
352.214
90.9452
179.601
717.338
38.5144
736.259
765.984
487.472
853.267
777.825
600.024
860.744
851.253
198.065
793.939
823.481
605.121
183.935
572.283
844.935
778.069
33.5398
678.06
284.433
26.7342
72.1152
749.29
886.807
640.736
359.325
322.367
396.649
824.274
468.551
619.068
823.115
26.8563
119.816
772.546
386.303
229.286
947.752
649.281
676.687
590.503
184.851
923.032
58.2904
362.316
542.924
556.719
847.957
478.011
72.2678
349.101
300.211
720.847
281.106
701.834
931.303
878.903
295.724
263.771
211.127
792.718
343.181
608.295
156.499
701.468
337.199
600.024
855.556
794.458
849.178
607.532
455.153
373.73
244.758
217.597
642.445
534.501
268.258
608.173
151.921
769.158
855.098
235.206
328.959
401.502
454.146
990.753
281.198
257.332
641.316
487.503
649.434
477.523
305.002
627.033
528.336
879.971
185.492
107.089
569.323
776.513
48.7381
24.7505
796.014
651.418
276.406
231.605
164.006
607.288
153.142
596.973
395.825
984.71
632.191
835.688
122.806
62.1357
861.019
56.6424
864.589
242.164
247.81
688.101
877.865
629.963
350.322
936.308
405.622
411.206
368.023
433.607
357.891
934.477
519.395
232.307
955.412
905.21
84.8109
800.226
367.382
597.491
397.046
174.688
874.844
489.212
560.076
931.059
590.258
227.485
177.74
121.494
265.572
330.668
873.379
841.395
218.848
532.487
881.741
578.265
911.649
175.359
494.461
0.732444
207.862
558.611
640.278
342.723
845.668
648.061
381.085
39.9182
153.203
53.2243
605.701
774.285
540.3
678.365
701.529
583.056
795.984
953.398
486.618
188.421
724.723
51.4237
182.226
204.413
151.219
998.81
708.09
376.446
825.983
83.7733
80.6604
510.849
262.062
470.504
196.753
249.825
35.3404
424.177
782.708
348.43
578.387
53.8652
791.009
609.79
999.908
979.217
25.483
134.678
960.936
826.991
276.131
41.9019
138.676
964.263
745.018
315.592
309.977
373.882
44.4349
935.636
584.368
79.104
548.723
947.63
819.544
22.9194
380.505
628.62
749.382
808.985
813.318
404.675
856.044
209.967
371.258
676.595
517.594
850.002
407.239
210.273
462.264
966.735
441.084
247.597
60.5182
660.207
38.4533
994.476
486.373
533.982
512.162
641.713
278.878
135.228
227.027
575.915
335.643
99.8871
789.453
935.453
868.831
409.162
902.89
168.859
355.541
663.411
170.843
751.305
13.4892
780.206
628.285
715.323
833.491
22.248
282.51
152.409
699.423
761.589
445.662
341.838
627.888
886.532
138.829
662.008
657.826
257.241
350.23
941.862
421.918
116.703
427.686
407.788
931.059
862.667
387.555
882.473
602.527
87.2219
420.545
391.766
64.0584
290.597
376.324
836.543
764.275
174.474
507.675
884.579
920.896
921.995
255.898
739.83
838.313
370.22
358.287
944.975
125.675
481.521
59.1144
872.89
846.217
19.8981
705.649
64.5161
129.612
838.679
509.781
68.1478
278.878
685.842
757.286
937.162
902.005
933.226
245.369
41.9935
100.558
135.533
230.11
353.404
246.59
826.228
664.785
851.741
377.667
455.092
10.5899
220.283
743.339
875.759
400.891
477.615
532.579
287.24
439.985
705.679
314.463
37.5988
418.226
529.923
222.755
194.769
224.281
507.736
416.089
291.238
735.679
80.9656
844.6
148.9
969.573
249.641
854.549
190.313
774.071
622.15
662.191
142.338
342.143
999.054
227.729
538.713
328.867
145.94
561.327
927.763
853.603
912.503
991.638
191.198
167.852
352.947
428.541
880.947
270.974
5.15763
151.616
979.217
253.731
983.978
154.759
989.196
652.12
45.1979
578.997
761.65
591.845
276.925
264.351
964.446
5.46281
573.412
952.239
600.635
702.719
549.028
169.073
481.735
575.61
47.5784
323.466
62.3798
719.84
903.745
46.8459
542.405
753.136
112.308
309.946
642.872
112.278
62.7155
345.775
962.279
609.973
993.316
910.398
318.705
32.3496
323.099
913.022
985.107
59.4195
16.8767
946.348
222.816
288.217
639.241
748.619
20.7221
641.438
254.738
128.605
445.326
941.618
829.92
384.564
508.499
932.707
293.313
748.802
959.258
530.351
910.306
888.607
905.362
581.713
128.269
995.514
671.377
916.288
549.028
493.088
799.28
969.115
184.21
895.84
597.919
757.622
650.227
849.025
147.496
492.752
458.998
881.893
165.441
606.8
60.4572
904.874
639.821
477.828
793.481
982.025
636.555
633.137
400.922
410.413
186.804
712.088
265.877
637.257
660.665
970.305
24.2927
45.8693
533.219
605.853
711.386
142.796
949.828
689.169
96.8657
175.604
996.124
977.447
366.649
714.438
79.4702
395.398
805.658
227.058
328.227
463.057
639.454
179.785
414.319
452.132
690.176
694.693
706.351
552.11
2.9603
294.87
158.91
827.54
99.704
768.914
844.386
247.23
15.595
685.507
533.647
567.553
775.384
589.984
231.788
349.651
465.255
413.556
75.3502
893.612
556.841
126.835
496.841
369.091
639.058
168.523
63.2649
925.108
214.728
681.112
894.864
59.0838
717.795
83.8954
69.6738
27.253
407.392
15.9001
921.506
577.136
295.389
178.472
635.762
783.624
763.054
109.897
51.1185
269.784
23.5908
422.895
72.2373
593.768
86.7946
536.058
599.963
82.8272
381.451
430.952
385.449
896.054
692.679
465.59
714.469
596.545
569.689
776.055
327.83
15.0456
860.652
296.915
484.542
685.598
530.473
932.554
573.809
634.48
418.561
909.543
181.89
804.498
91.7692
842.311
20.6
894.65
449.477
542.894
623.218
897.58
236.976
105.899
214.087
115.177
123.264
300.363
658.62
934.233
499.405
799.249
899.35
142.705
654.012
278.146
784.722
68.9413
481.826
914.731
696.646
323.527
381.848
319.102
883.114
426.649
501.022
427.87
902.158
101.108
980.041
391.675
83.4376
512.711
357.25
988.617
413.678
239.021
787.011
593.89
751.946
248.146
228.828
237.739
781.579
668.325
263.375
782.189
604.511
629.81
691.733
748.314
384.411
960.387
573.992
825.251
945.036
15.4424
863.918
591.937
729.759
424.421
294.961
483.077
28.7179
33.9976
675.1
530.442
879.971
830.348
245.674
910.855
550.371
120.64
261.147
832.057
3.08237
756.188
445.814
787.713
257.607
677.023
483.596
712.821
48.4634
560.869
197.424
70.7419
689.23
856.288
574.267
403.15
547.624
981.964
291.971
373.974
38.3923
973.418
904.691
839.106
539.995
358.074
342.265
972.198
141.057
540.208
880.795
978.881
623.707
476.791
239.631
429.762
589.038
925.657
962.218
744.072
131.474
47.1511
735.801
854.701
968.505
640.767
807.093
586.322
431.227
797.388
149.998
777.52
223.09
249.092
541.337
678.488
351.939
197.485
201.086
655.11
142.399
901.639
153.386
731.162
734.489
807.031
964.446
999.603
974.975
497.024
13.5502
434.095
107.303
247.597
953.948
132.42
166.814
466.842
518.723
522.568
487.259
800.684
329.264
563.066
224.647
185.553
861.69
468.734
305.399
630.116
227.638
993.042
704.062
5.89007
925.932
798.212
457.747
629.902
221.015
944.761
322.886
918.79
304.849
31.1899
481.063
896.817
898.068
15.4729
199.53
838.649
446.669
249.214
853.633
827.967
571.215
756.249
216.132
513.535
923.582
286.294
421.064
843.654
108.646
175.665
506.943
60.3046
826.533
545.427
947.05
734.764
891.507
868.954
71.5354
124.699
284.616
439.924
789.117
635.67
895.535
771.722
513.169
666.555
109.775
459.944
699.545
621.754
898.556
538.987
901.944
369.945
566.149
863.857
750.938
932.096
812.22
548.997
763.237
678.396
264.626
994.598
387.158
817.103
139.164
532.212
190.863
454.909
182.562
221.015
599.139
11.2308
554.979
825.19
85.4518
267.251
808.069
504.532
225.41
830.653
615.223
249.367
517.594
298.044
409.711
590.289
378.277
895.688
587.542
615.192
216.285
879.94
430.921
823.634
994.232
478.805
408.643
850.826
182.104
655.751
9.67437
591.571
509.934
477.004
766.32
756.188
425.459
363.628
622.852
389.142
662.984
9.61333
306.436
381.787
830.012
247.261
855.922
510.788
417.615
640.95
965.178
32.6548
140.812
90.9146
297.342
366.832
15.5034
227.851
425.733
897.275
77.7001
879.788
558.184
424.848
151.708
392.468
700.674
301.34
573.473
84.8109
416.669
776.086
275.155
619.861
838.71
586.932
137.242
573.321
87.5881
326.731
14.6489
980.621
756.859
616.199
342.692
143.651
617.023
614.643
729.606
478.622
197.516
900.327
441.42
685.842
401.593
250.404
185.797
23.5603
810.45
353.435
101.016
966.277
833.338
983.947
356.12
28.7484
359.63
671.651
268.654
38.1481
68.9108
395.856
346.416
633.686
55.6047
336.65
159.093
276.681
924.406
213.813
446.303
551.622
12.36
244.942
368.175
39.0027
894.65
254.036
304.819
542.405
829.279
961.577
110.874
949.553
297.861
987.64
231.3
510.056
298.227
599.048
584.826
810.053
545.183
732.017
621.204
225.379
235.755
321.268
458.449
134.739
535.173
467.299
506.699
673.666
439.802
472.457
484.237
310.678
173.284
277.749
232.673
27.3141
772.057
331.034
237.098
382.641
16.5716
418.226
257.424
243.629
364.727
488.54
977.66
463.393
43.0311
5.37126
78.4021
287.21
952.757
853.511
640.37
768.914
546.22
334.33
283.059
977.844
330.699
280.343
947.05
278.39
154.79
819.91
724.509
462.996
934.935
823.45
644.948
19.6234
977.05
563.066
822.443
315.683
550.523
615.772
870.144
978.942
870.327
542.375
988.922
256.905
143.345
372.997
635.792
636.372
835.78
430.372
178.961
503.403
817.103
522.385
445.326
126.011
537.645
34.9437
566.637
740.257
895.322
956.572
30.9458
20.9662
948.027
365.764
345.47
718.68
128.361
412.61
216.712
743.645
116.153
325.694
654.622
478.5
25.605
475.784
906.858
600.726
63.2038
27.192
629.261
195.929
312.357
208.563
199.072
443.587
801.599
733.757
576.708
656.24
511.795
404.523
622.913
953.307
479.568
426.191
277.017
351.238
652.211
467.177
502.945
550.676
650.929
994.232
408.795
202.185
98.8189
913.999
446.944
931.73
669.21
52.736
99.9786
907.285
511.063
505.142
959.502
227.515
207.556
383.282
603.656
914.274
924.345
997.62
179.876
789.483
903.043
0.396741
98.7579
18.3111
957.213
523.911
745.659
599.597
126.194
843.135
615.986
584.49
143.437
596.088
780.816
305.399
875.729
91.2503
88.4426
395.428
388.989
734.642
9.03348
880.337
797.845
106.906
527.543
123.997
554.003
722.404
992.096
908.719
330.882
0.824
323.618
431.135
159.856
483.383
492.965
496.017
974.853
823.847
671.926
688.162
221.29
586.779
964.293
804.041
685.904
383.221
123.234
324.717
203.284
375.805
161.443
210.883
395.886
684.133
259.743
801.355
103.244
721.732
881.1
96.3469
656.972
996.033
495.773
207.068
657.888
402.509
824.213
251.961
410.993
544.023
3.57067
482.162
675.344
106.998
584.521
916.135
884.182
825.373
764.153
265.694
492.264
63.6616
761.711
434.278
606.494
550.737
742.943
368.328
555.681
294.626
199.683
544.084
556.352
210.822
190.68
869.839
130.192
494.43
350.017
285.623
430.006
267.586
69.2465
841.762
129.887
533.952
759.972
536.454
36.195
970.641
602.252
695.212
75.4723
589.496
685.995
171.819
815.577
798.791
950.957
153.386
176.214
896.512
831.904
849.818
485.275
526.383
15.0456
849.33
537.034
128.483
212.165
421.491
808.496
914.701
358.409
548.448
490.463
401.074
140.263
966.094
488.937
28.2907
259.835
996.277
53.7736
900.784
341.807
451.155
190.405
176.55
888.974
391.125
511.002
138.829
192.999
17.6397
681.356
480.026
606.8
481.765
119.816
830.409
83.8038
890.255
104.282
61.7389
391.827
289.956
943.815
398.083
906.339
912.259
370.525
863.826
390.515
458.205
809.259
101.23
667.898
706.076
679.495
88.5952
593.28
222.419
387.402
789.514
229.56
458.022
163.335
265.358
635.121
9.55229
401.288
281.961
169.286
328.837
656.575
941.465
721.488
660.298
957.915
370.922
770.287
488.51
590.411
998.932
679.098
276.559
5.18815
450.941
134.159
776.666
12.4821
595.691
131.565
694.388
914.06
772.576
419.294
987.609
731.285
732.231
800.439
581.439
185.369
321.36
204.199
780.511
585.62
442.701
930.662
159.673
282.083
321.787
975.616
214.606
839.29
611.591
841.609
553.148
586.23
366.131
741.874
909.268
700.491
414.899
602.741
760.369
480.88
168.31
771.325
829.249
966.521
386.731
834.468
252.266
557.299
942.991
455.367
694.723
793.085
110.66
633.839
194.647
946.867
409.131
296.854
16.5716
589.007
536.027
625.385
295.999
778.191
419.324
23.4687
756.493
35.6456
919.492
136.876
280.007
759.026
213.385
825.861
612.11
231.544
391.247
500.137
983.276
883.511
297.403
720.878
927.183
961.821
146.733
476.76
77.9138
263.955
947.63
40.0403
226.691
92.7763
262.764
808.985
419.477
88.0764
339.244
42.7259
377.178
91.4945
138.951
895.352
19.1351
700.858
300.546
654.469
371.624
670.217
564.379
591.632
641.835
811.731
691.61
330.088
739.83
555.956
408.612
136.448
28.5043
826.472
408.216
42.2681
583.514
385.083
938.505
202.216
744.102
304.3
10.9561
394.604
236.366
722.77
759.209
70.8029
649.953
540.056
978.912
859.92
549.394
207.526
380.963
934.385
1.67852
270.852
588.641
143.62
800.928
820.826
410.23
321.146
171.636
508.56
418.134
671.957
231.758
281.503
366.192
646.168
996.673
496.445
475.692
205.237
205.451
565.416
122.196
887.143
750.786
791.467
953.764
576.25
993.408
549.821
972.106
385.113
742.759
471.175
607.929
553.301
184.881
783.074
321.665
770.379
538.804
465.804
760.826
828.761
722.495
379.04
5.09659
13.123
810.266
15.2593
930.967
132.206
561.998
36.6832
226.234
599.414
806.238
251.228
86.6726
468.734
957.701
184.606
125.126
831.721
451.186
904.08
525.101
482.223
372.448
250.496
969.451
254.83
67.7206
134.953
375.958
943.602
12.9704
55.7878
970.702
206.702
724.174
492.935
730.522
364.177
989.868
335.093
725.883
494.095
207.16
996.796
395.489
733.94
102.725
380.718
283.731
193.426
619.465
342.296
272.042
384.716
250.587
812.311
836.177
576.586
602.466
234.077
359.478
978.607
466.75
471.267
34.6995
161.657
183.935
842.708
384.35
621.113
579.058
440.352
931.913
888.73
250.71
386.761
54.2924
99.5819
495.163
188.177
547.655
420.637
646.229
839.778
936.888
246.406
112.491
838.801
60.7318
568.865
893.216
762.383
963.622
427.198
853.572
566.088
625.111
844.081
541.429
259.194
558.794
154.271
826.014
113.437
811.365
132.237
140.263
61.0065
393.384
824.793
607.868
438.307
673.086
495.102
836.421
731.742
764.031
584.124
657.643
481.582
438.368
96.1333
596.454
0.366222
596.789
314.035
349.437
62.1357
826.136
251.289
54.6281
218.238
76.2658
746.086
633.29
896.664
987.518
604.724
985.443
940.764
899.35
699.789
320.017
743.675
72.3289
429.701
401.196
634.632
154.057
445.967
991.76
673.513
420.454
54.1704
274.972
509.903
823.725
195.044
536.699
462.691
378.246
411.817
887.906
476.913
915.616
710.318
309.671
113.376
739.952
717.612
802.057
228.278
214.972
46.0829
917.02
498.001
814.02
268.624
458.052
446.15
663.93
411.298
626.728
128.727
114.658
370.006
397.748
133.915
365.337
157.384
403.851
52.0951
678.213
385.54
111.728
73.4886
211.768
891.873
570.36
868.435
4.39467
913.48
512.284
407.331
139.348
716.544
90.4569
876.431
622.974
87.344
30.6406
345.256
6.71407
590.686
480.88
342.601
284.921
1.86163
340.007
996.704
98.8495
819.452
345.622
896.084
778.954
263.466
703.024
327.647
256.05
667.043
536.576
47.7615
372.967
666.189
944.487
242.744
627.857
95.0957
938.353
835.17
880.337
992.584
48.8601
792.169
51.8204
625.965
878.597
591.723
351.36
939.268
383.282
503.769
57.68
330.851
163.091
841.517
389.752
167.913
544.786
840.175
495.926
943.266
735.954
318.644
93.9055
480.911
833.247
780.663
791.986
97.1099
964.751
111.82
623.432
122.166
348.949
528.306
824.946
690.298
550.615
933.958
390.423
202.918
715.293
341.899
431.562
372.57
63.509
516.587
876.064
252.48
426.283
493.118
535.203
159.215
102.329
129.49
71.749
894.04
819.452
348.491
899.594
169.073
80.0501
225.166
545.854
645.405
673.299
576.403
507.859
487.93
633.9
208.411
134.77
844.905
430.006
479.11
566.424
156.743
660.421
330.76
259.59
701.987
43.1227
449.873
133.824
284.951
975.86
710.135
867.367
473.128
450.24
554.888
374.737
288.797
601.001
475.295
997.528
762.658
670.583
240.394
438.765
254.555
671.651
35.432
973.357
948.393
527.696
164.647
964.476
426.771
973.601
474.654
218.36
732.444
997.131
154.942
208.106
821.68
102.725
71.4743
697.684
817.133
178.991
289.712
797.754
965.331
250.404
943.48
984.466
705.649
895.779
105.502
112.033
756.981
613.361
816.675
951.292
627.888
914.884
929.075
284.097
457.32
429.029
920.225
86.5505
591.174
796.289
334.208
830.561
801.813
635.67
5.768
436.048
556.108
365.276
724.143
905.24
238.868
157.445
492.233
169.042
737.327
810.022
38.1787
178.32
293.252
814.722
734.947
769.982
29.1757
404.248
584.094
340.098
54.2619
859.066
420.606
854.732
556.81
854.976
994.751
229.865
789.117
133.427
86.5505
612.018
351.482
275.002
310.526
589.953
681.051
857.57
765.404
869.93
151.83
780.786
186.163
444.472
692.801
37.6904
754.418
787.133
329.295
714.866
222.755
103.336
554.827
502.121
510.3
169.5
939.085
493.698
424.879
791.162
878.536
561.174
668.538
411.359
895.901
80.2637
782.556
901.028
394.574
292.337
187.994
61.861
274.636
81.6675
978.362
873.653
316.172
450.484
620.38
16.6326
736.442
471.877
219.337
701.071
827.387
3.05185
504.898
333.934
79.104
939.299
194.159
55.5742
696.31
290.17
887.692
676.107
913.175
859.462
155.065
43.733
13.5197
809.717
966.369
376.08
462.477
892.727
124.973
585.253
55.208
627.583
859.523
128.697
490.127
206.885
229.347
416.7
271.554
412.915
501.389
307.23
349.193
324.808
153.478
720.725
399.915
98.0255
661.245
904.569
158.422
597.186
724.296
379.711
703.177
163.793
87.9849
99.826
103.183
300.058
617.481
854.854
333.048
549.699
779.626
449.721
861.11
357.555
189.55
689.932
818.293
188.879
377.911
704.855
152.867
689.566
434.858
640.309
678.06
168.584
687.704
251.259
418.104
184.301
67.5069
426.71
160.039
515.061
321.726
176.763
616.077
296.091
728.599
114.383
103.977
603.748
469.863
962.371
151.372
267.922
318.003
116.733
929.777
194.555
793.878
798.578
925.016
979.095
451.674
824.335
750.694
91.9523
446.821
527.024
509.812
417.982
43.4278
858.882
611.927
430.097
217.597
206.732
451.46
779.565
12.2074
952.025
853.664
582.995
800.592
305.49
694.235
188.208
113.895
449.293
599.322
699.698
189.978
516.312
131.626
45.1979
898.465
439.1
369.06
864.467
199.53
198.859
282.388
1.49541
791.986
506.455
817.866
881.832
106.906
445.845
91.1283
555.376
303.629
112.033
598.865
686.88
423.383
774.346
854.122
274.911
357.83
596.057
351.695
380.322
788.171
442.335
270.058
645.985
751.091
807.093
815.668
888.699
988.128
390.088
616.016
544.572
734.214
356.059
68.1173
249.397
102.237
806.421
47.9751
334.666
719.26
495.163
887.753
521.134
771.142
320.292
26.7953
590.808
111.484
621.723
242.744
318.705
591.571
817.133
868.892
445.692
266.61
407.056
904.172
973.449
636.067
880.215
422.04
563.036
572.588
550.523
184.24
318.216
97.3235
857.112
866.207
734.947
656.789
158.238
799.646
97.6897
57.8936
551.042
639.302
104.831
717.978
747.246
859.645
3.35704
384.625
537.4
487.869
14.9236
983.398
874.05
979.583
333.842
748.07
105.014
643.086
478.957
290.719
388.867
519.028
279.946
767.266
822.718
121.22
279.824
795.19
314.432
945.128
834.803
279.122
730.461
149.815
692.282
801.477
349.773
320.78
329.112
733.024
156.133
718.131
830.5
720.969
999.298
918.119
591.266
710.166
156.59
252.998
620.777
153.478
326.487
956.481
732.444
568.346
584.368
419.782
399.304
94.6379
333.11
466.048
556.871
211.371
778.771
47.9446
134.617
267.556
962.828
275.857
596.912
983.673
882.565
181.951
275.399
580.187
730.277
127.171
773.217
689.535
783.227
256.966
223.06
707.083
974.914
911.893
679.891
738.121
679.403
399.762
429.518
796.655
739.891
35.493
494.675
412.549
272.317
854.396
119.572
302.988
276.07
905.759
514.115
264.718
582.141
532.914
638.997
943.144
170.782
545.61
313.578
634.724
389.416
691.366
426.74
778.863
101.932
331.767
532.67
295.328
301.462
730.399
612.903
423.872
216.651
857.875
285.134
221.686
443.831
121.097
241.218
375.774
135.411
922.605
194.159
485.641
776.635
455.794
116.825
473.128
580.889
643.3
52.4613
275.399
35.9508
623.768
278.878
477.462
631.703
693.96
107.456
40.1013
300.363
112.094
98.117
780.297
601.581
668.691
971.526
759.209
182.196
431.41
999.725
235.176
543.138
569.872
156.896
337.077
644.002
666.707
810.724
114.75
376.751
421.491
236.152
122.623
439.924
153.081
732.871
192.785
644.49
7.44652
627.155
553.728
182.257
276.528
940.184
951.109
889.035
734.855
3.20444
926.695
32.5938
399.792
801.599
911.74
657.643
622.15
328.318
290.963
18.4332
912.961
728.721
93.8444
130.894
412.641
517.289
468.612
974.609
409.436
648.305
595.996
376.843
812.555
720.878
198.675
109.439
986.724
100.162
302.744
229.621
854.427
235.969
407.025
196.417
671.987
959.593
717.185
793.603
385.418
40.6812
600.513
390.515
973.083
785.089
917.539
572.161
680.502
954.68
386.822
669.515
554.216
791.101
639.454
221.625
180.761
424.055
118.839
900.54
36.7443
445.57
482.986
930.265
356.792
931.761
664.296
531.358
924.986
692.709
244.545
421.979
696.799
32.5632
300.058
906.888
656.911
800.439
374.035
585.467
820.002
13.3976
732.017
210.456
780.053
833.338
556.81
727.927
714.896
178.32
239.235
30.3964
252.144
750.084
420.698
454.085
102.481
758.782
943.876
551.317
867.092
126.133
368.114
169.988
924.68
448.714
205.359
370.525
805.506
501.572
533.006
212.104
957.396
564.837
140.141
939.482
310.77
353.404
862.972
601.032
548.967
831.599
266.152
630.146
489.547
693.594
326.121
420.454
483.413
791.498
272.378
426.466
237.709
291.482
243.385
821.1
968.749
840.144
913.297
240.699
291.177
521.5
745.293
649.617
750.114
886.532
28.4738
854.884
401.532
835.932
354.045
702.536
348.247
637.989
687.155
487.136
636.891
862.3
690.756
605.029
422.651
510.605
457.686
983.245
807.733
126.377
307.169
314.951
259.896
164.129
802.057
632.893
17.5176
399.579
642.933
251.717
386.914
662.313
595.508
611.164
338.725
671.743
107.486
50.2335
309.305
257.942
771.05
44.9232
613.422
748.65
287.24
939.665
374.523
803.125
88.8394
704.245
379.04
474.899
277.413
747.52
760.308
784.234
31.0373
318.766
919.34
581.378
139.225
528.459
587.786
982.33
820.948
519.15
439.985
157.964
481.887
818.232
159.886
758.11
567.827
403.424
369.518
751.305
169.53
512.528
324.656
962.188
536.302
728.477
784.936
87.2219
153.417
370.983
963.378
470.168
540.941
726.371
962.676
418.622
428.846
146.031
603.9
342.845
465.773
545.885
54.1398
498.032
117.161
336.802
159.062
611.377
908.841
318.674
886.898
175.176
672.903
567.98
789.911
687.338
951.628
851.039
889.92
619.892
215.735
593.86
893.735
398.022
53.6821
939.909
144.81
169.439
987.579
927.061
217.75
646.504
72.2678
314.615
561.388
801.508
934.446
92.5626
97.1099
696.86
406.598
203.101
178.472
231.513
413.739
506.668
818.323
84.2006
267.647
523.362
589.74
635.64
26.0628
980.743
107.303
149.998
72.4509
699.85
494.4
998.138
572.436
850.185
743.065
202.124
963.897
104.923
373.058
84.2311
136.113
728.355
295.541
299.997
454.97
125.248
288.461
37.6904
289.773
885.495
989.257
664.846
198.492
853.145
811.396
603.442
427.503
252.632
691.275
714.743
881.68
402.936
71.1692
975.249
221.839
50.4471
24.781
724.815
245.369
852.657
931.761
268.41
205.817
43.1532
607.166
112.461
228.919
810.022
292.337
617.42
479.934
417.554
413.312
347.392
239.57
604.236
513.138
898.556
544.267
286.752
264.016
486.892
546.983
102.145
966.277
77.5475
255.348
819.147
439.161
335.856
802.698
149.724
711.417
182.348
908.506
992.431
415.967
232.093
684.835
638.478
296.701
900.601
444.472
972.289
732.383
456.374
667.47
196.875
684.469
802.454
781.854
116.489
975.249
267.556
915.342
506.699
301.92
188.147
273.782
603.778
893.674
562.914
303.11
244.484
217.109
560.686
290.231
687.613
637.288
163.091
560.167
648
439.558
723.441
924.833
575.243
119.48
722.465
540.056
707.45
346.141
502.915
827.082
931.608
505.783
263.985
614.887
982.086
231.758
96.3164
159.215
8.05689
827.021
339.763
195.074
41.5052
985.29
44.2518
678.457
396.588
717.612
815.882
373.791
532.182
890.103
828.364
943.724
408.399
279.031
282.601
696.402
868.618
550.157
93.936
647.938
77.9748
67.8426
89.7244
55.0554
550.005
940.611
497.665
74.984
792.077
209.143
6.50044
708.396
101.535
583.483
180.242
681.753
543.443
634.754
507.004
425.733
640.858
848.75
864.071
805.048
809.839
446.577
680.044
756.89
69.277
379.772
575.732
493.698
57.8631
404.828
764.519
426.557
888.485
644.459
993.957
465.712
872.036
541.307
309.519
853.999
641.682
610.645
421.979
190.069
708.487
897.763
959.471
797.266
980.163
547.166
385.449
94.0275
273.904
388.989
864.254
123.112
354.625
949.522
854.823
894.894
529.679
791.406
714.408
701.315
331.706
590.686
93.234
57.1306
320.444
856.014
401.349
424.116
535.142
696.86
129.093
374.554
628.254
546.861
302.347
350.963
212.409
248.299
853.725
677.175
451.338
404.37
190.893
978.027
426.099
405.072
743.919
663.259
308.145
33.4178
771.691
632.435
870.174
57.8021
209.815
856.41
366.1
716.88
840.846
992.248
311.502
503.525
567.461
687.582
195.593
153.63
71.1081
730.644
656.27
246.376
636.28
702.17
148.961
322.031
421.979
285.592
641.316
923.521
962.065
891.842
364.177
468.123
174.81
754.387
150.578
355.693
664.296
151.799
393.963
218.97
593.097
913.144
156.529
723.258
909.177
862.819
459.609
820.856
207.373
361.309
286.538
866.848
6.83615
597.919
329.905
502.579
725.73
791.284
14.1911
713.034
134.404
954.894
825.007
963.897
568.651
382.855
475.967
825.373
683.462
512.986
945.341
988.495
29.3893
322.764
912.351
79.928
232.582
915.098
625.599
182.531
59.0228
449.293
734.336
466.323
145.329
74.6483
113.559
837.916
676.565
21.6681
214.942
13.1535
792.566
507.92
974.059
920.347
4.18104
614.765
805.536
839.167
400.342
790.704
717.704
182.836
927.458
138.371
77.1203
328.715
522.385
140.568
55.1164
403.974
380.23
982.147
286.996
432.814
137.913
123.875
775.597
751.03
255.196
284.646
569.964
94.6379
374.218
487.747
250.984
268.38
938.688
328.227
754.753
800.623
854.244
117.069
564.837
490.829
470.962
58.4735
805.506
255.928
669.393
116.672
266.03
181.707
331.4
728.629
888.18
185.461
977.081
18.2501
747.856
196.356
848.659
669.271
61.861
259.499
223.365
112.308
251.839
470.26
235.664
182.745
595.325
144.597
990.783
905.454
496.75
132.389
250.099
562.761
908.231
679.25
470.717
702.078
932.371
743.522
479.171
238.838
137.669
174.749
561.419
311.716
618.458
659.444
250.069
45.9304
329.661
840.999
590.258
880.947
728.751
519.272
164.953
618.976
255.287
337.107
661.672
850.337
679.678
858.76
261.177
912.229
852.351
447.493
629.78
36.5612
884.457
848.445
796.472
844.05
291.635
882.351
695.914
839.534
131.84
157.17
658.956
66.2557
668.447
203.558
631.367
574.145
590.167
940.184
402.509
858.791
318.827
875.515
625.05
927.641
436.14
952.391
906.796
149.083
761.132
440.84
756.157
541.398
108.86
786.767
662.374
656.789
262.368
821.192
91.7386
718.101
188.604
237.617
681.021
163.091
29.6335
743.004
409.467
253.639
900.815
788.812
30.6406
905.423
26.429
288.339
545.213
394.391
244.942
226.966
995.788
96.8963
414.167
570.635
365.703
918.882
748.466
379.986
862.362
570.91
618.549
535.478
366.314
345.103
845.668
980.132
328.166
550.523
20.9357
886.319
893.551
262.52
881.619
652.333
537.889
543.26
274.819
135.411
992.676
788.965
741.02
27.5277
743.217
360.332
247.2
779.534
880.612
152.684
102.237
980.956
588.061
261.391
584.948
600.635
43.3668
399.579
316.111
995.3
18.7078
223.945
906.247
91.7386
958.831
225.013
909.757
649.19
819.025
337.992
617.023
7.81274
444.258
930.906
715.69
230.262
770.44
325.419
352.306
41.3831
629.17
507.736
625.629
473.617
437.33
184.606
42.6954
623.341
552.782
841.7
969.359
424.97
577.044
959.99
605.731
848.811
386.792
46.6018
518.693
429.029
175.024
636.555
262.185
527.879
283.029
921.049
116.428
242.653
105.045
159.337
477.767
361.339
846.034
530.107
930.113
273.324
414.38
578.051
529.191
241.585
230.75
912.9
331.034
942.259
233.894
316.477
695.791
678.243
865.261
914.151
398.175
172.735
313.211
567.095
75.8385
349.101
798.334
141.453
46.9985
3.38755
180.883
810.663
28.077
775.781
672.079
47.2427
783.532
326.579
929.624
460.555
237.953
124.485
319.712
135.868
83.0103
751.488
626.24
632.527
409.101
132.054
988.189
295.572
394.055
592.486
347.087
39.0332
579.73
156.316
185.614
255.501
767.449
982.543
838.038
9.00296
64.1194
352.275
154.393
167.791
109.958
111.179
799.615
632.13
18.9215
972.594
968.383
314.646
63.448
588.275
797.266
28.4738
634.602
793.512
255.745
940.214
508.621
931.73
796.472
743.126
951.811
665.639
546.8
207.739
693.991
181.158
322.825
265.481
302.866
189.764
246.376
281.625
989.776
636.189
247.322
674.123
378.155
517.472
231.574
534.349
266.732
719.413
196.448
405.988
917.417
277.047
74.5262
878.536
900.296
965.026
587.329
151.158
26.2764
624.348
889.92
224.006
399.152
131.84
287.851
872.28
117.618
418.348
807.642
59.8773
659.444
441.816
901.914
949.065
478.011
522.111
70.5893
161.443
843.471
943.083
679.525
447.92
458.998
228.492
757.256
422.315
883.724
998.383
51.9425
516.404
293.649
810.999
129.215
811.426
611.682
898.312
791.955
902.86
537.95
199.408
604.053
454.97
511.856
599.658
798.761
600.726
137.089
780.725
352.855
843.684
100.558
588.549
508.438
618.336
116.977
324.839
522.904
164.586
929.899
868.892
928.922
873.287
900.662
35.4015
85.2992
758.232
216.62
75.4418
300.18
211.951
249.611
725.578
307.718
700.522
96.0723
712.455
379.498
554.186
830.256
118.717
851.985
509.995
501.144
516.465
351.36
162.603
405.316
274.3
496.689
979.644
666.005
944.975
362.926
37.3852
650.258
138.676
484.97
134.037
255.196
789.575
683.95
435.591
594.653
220.71
497.055
311.411
117.435
914.274
492.05
515.732
688.62
392.804
247.932
370.556
664.602
118.625
282.815
107.395
494.156
816.431
710.166
22.9499
875.515
126.286
905.057
605.762
1.67852
993.103
961.303
289.743
924.955
698.111
220.771
990.997
571.398
940.001
656.606
83.8343
437.513
870.357
390.545
972.93
499.496
490.921
126.926
916.898
366.558
318.155
783.532
260.537
209.906
721.946
101.047
731.315
498.093
843.806
512.558
956.481
70.4367
502.182
53.5295
857.356
579.608
989.776
594.562
76.6015
834.346
169.713
177.313
95.1262
74.0989
777.276
735.435
194.525
706.534
332.224
981.353
921.628
538.926
569.445
740.379
211.097
35.2184
792.81
513.352
822.718
629.688
59.5721
548.967
249.001
628.224
600.818
207.282
750.237
729.179
384.503
895.352
672.231
694.296
227.577
356.243
703.97
201.27
362.774
593.31
230.628
409.558
867.214
209.876
438.765
269.784
858.028
446.638
329.508
109.073
862.362
697.287
296.457
522.507
267.098
784.051
424.024
103.03
255.043
774.377
162.938
39.9487
133.61
619.465
538.804
118.259
462.416
396.802
550.249
149.358
885.952
437.117
912.564
364.696
77.4865
117.496
803.522
803.613
700.735
601.764
767.357
226.569
795.038
309.336
433.027
585.04
490.982
393.841
203.436
579.089
462.172
12.7873
571.306
334.422
19.4708
669.515
218.604
729.637
254.372
408.582
555.071
404.95
137.028
145.94
852.779
984.283
976.104
915.342
632.313
540.941
145.695
311.472
457.472
839.167
486.618
912.32
794.244
381.878
287.149
960.631
90.3958
796.869
250.771
86.8862
732.444
591.357
355.876
354.35
35.0658
807.855
14.8015
407.453
920.896
610.858
437.574
5.24918
445.112
336.894
607.166
720.847
822.84
38.6975
772.301
87.7102
113.987
54.445
864.101
975.158
223.029
634.083
742.759
472.884
369.396
153.05
680.654
67.2018
684.652
945.769
987.793
389.05
92.9899
288.736
186.377
315.531
131.291
566.118
640.37
706.717
864.681
147.465
46.1135
557.695
554.094
10.0406
691.061
848.72
232.246
636.464
885.739
873.104
843.776
218.787
476.211
325.419
106.052
700.735
842.891
930.601
747.52
688.894
291.391
894.955
278.298
764.367
242.958
961.241
951.201
226.112
129.398
348.125
67.6595
797.052
399.67
355.846
286.264
324.32
543.84
918.912
88.9309
5.24918
541.002
887.661
61.8915
169.439
637.196
319.285
147.313
149.022
859.767
560.045
521.867
268.227
174.169
399.64
258.278
482.986
689.657
79.1345
426.74
702.383
820.032
433.729
791.742
322.947
805.811
951.476
760.826
7.20237
503.8
29.0231
741.844
237.342
850.703
206.58
564.196
675.771
906.583
661.733
121.372
863.491
884.884
744.926
889.798
287.606
74.8314
836.97
481.368
349.162
62.8071
310.099
885.342
262.734
158.696
873.928
555.62
418.867
433.607
86.9472
0.427259
240.547
275.185
316.05
30.0607
65.3096
866.787
923.917
318.705
83.6818
496.536
966.308
437.605
865.81
103.03
180.731
14.5878
506.973
963.408
546.983
177.343
923.673
930.174
201.27
935.606
331.278
123.264
985.29
659.352
434.584
483.627
411.023
309.122
362.499
93.6918
323.191
574.023
878.14
672.536
39.7656
574.694
895.444
150.456
252.693
286.691
833.979
730.308
469.314
340.892
842.616
341.044
276.07
357.189
423.536
890.469
206
467.421
488.327
222.755
490.768
184.271
376.232
187.475
478.622
272.011
867.458
726.127
999.878
775.292
720.908
382.458
460.768
862.667
769.402
143.04
947.081
640.584
102.206
13.9775
118.686
594.531
367.016
240.242
176.763
813.135
722.129
573.931
683.95
651.967
470.412
497.421
519.517
992.95
906.186
808.13
750.908
755.608
406.018
470.534
701.865
816.767
295.114
142.277
999.603
994.385
520.341
280.16
881.588
252.449
661
232.643
543.229
782.525
308.939
224.738
808.008
118.595
348.857
641.896
900.937
941.618
170.385
518.815
606.952
729.118
342.998
639.76
595.294
907.59
785.089
156.316
191.046
662.496
958.403
129.002
375.225
62.8376
119.144
899.014
294.809
656.697
157.048
696.127
63.4175
193.213
53.4379
389.477
134.739
628.437
489.639
786.981
29.0536
69.9789
637.349
389.691
694.693
817.866
661.58
7.81274
285.501
156.926
967.803
144.078
635.731
57.8936
724.662
550.951
212.958
442.396
693.075
867.977
831.538
169.012
893.429
745.445
906.125
396.252
141.728
360.698
528.428
478.561
986.48
733.085
146.733
52.0035
76.5709
744.133
130.619
465.468
492.965
268.99
1.43437
213.813
73.5496
325.632
610.309
529.557
264.077
647.511
44.2518
788.476
525.529
586.688
542.741
886.319
829.218
752.953
204.352
242.378
271.34
295.877
766.594
586.23
337.596
235.328
238.594
183.813
849.696
747.368
668.935
659.505
124.577
811.243
829.31
69.7348
377.941
124.088
95.4924
385.357
903.104
689.535
306.894
37.843
56.1846
986.084
885.769
686.789
580.004
122.196
997.467
863.765
296.03
883.724
33.0821
649.953
697.623
80.0806
195.471
42.8175
474.471
95.9502
470.016
168.737
499.985
53.6821
761.528
997.375
312.906
493.789
478.286
714.377
624.317
978.973
344.798
408.582
881.1
528.336
724.052
229.804
417.493
288.003
230.934
673.635
225.776
344.157
917.997
149.388
877.316
84.994
814.508
487.625
624.989
17.6702
100.497
543.26
219.031
446.852
696.768
550.676
466.567
920.347
551.897
387.005
66.6829
849.055
408.307
399.945
752.342
206.793
327.464
956.145
269.631
716.422
756.676
366.649
226.905
428.48
417.646
345.592
343.699
98.9105
799.066
658.162
131.565
271.584
533.341
114.322
537.828
472.365
439.955
564.867
583.27
420.545
515.793
54.8418
525.437
664.327
653.829
792.413
578.417
546.22
371.96
87.6186
720.695
904.813
332.652
918.638
621.876
419.141
934.69
280.77
220.069
1.9837
758.751
975.524
980.834
147.954
147.588
994.568
368.755
643.208
702.322
156.346
563.677
542.558
975.646
150.761
951.903
820.551
144.108
647.786
424.024
602.405
939.879
627.491
11.1087
381.634
623.218
586.627
889.462
129.826
277.871
778.466
286.019
705.588
209.418
142.125
315.531
468.307
728.782
77.6391
280.374
503.555
101.23
722.922
464.675
365.703
943.449
888.882
953.734
744.682
848.231
309.03
510.117
962.615
519.669
360.118
37.6598
706.839
198.889
908.994
664.663
905.576
662.343
443.312
977.294
152.318
573.26
141.606
434.767
585.437
468.429
38.728
497.574
628.834
160.405
943.48
499.405
500.565
837.397
264.504
794.916
895.016
641.377
400.494
213.843
745.17
6.16474
851.222
353.282
471.389
536.546
705.252
738.762
622.517
709.403
661.397
385.907
316.111
178.564
238.899
793.909
383.343
964.537
334.056
901.456
625.752
309.763
778.222
37.2326
88.992
481.979
54.2924
395.55
761.01
305.002
827.662
68.6972
599.75
700.4
447.676
167.211
297.617
19.1656
76.2963
59.2059
688.192
446.669
599.872
260.201
202.033
259.987
980.132
4.42518
277.352
221.137
201.209
29.3283
132.206
885.525
468.612
603.809
804.102
107.883
816.126
332.133
863.46
526.933
777.276
764.428
707.327
309.58
277.688
344.981
839.137
936.155
404.248
729.85
41.2915
307.962
207.282
4.66933
846.492
958.434
192.633
834.254
213.965
648.793
658.956
74.8314
817.469
130.039
537.37
881.008
850.215
352.092
889.065
837.275
754.326
901.12
717.338
146.825
779.962
947.295
250.679
408.246
780.725
482.955
352.336
10.651
151.799
133.366
213.355
680.197
317.118
320.933
985.107
207.373
671.01
63.9973
507.37
887.875
381.878
192.083
788.446
706.961
962.92
257.79
393.475
799.86
16.8767
927.824
397.168
218.238
61.1286
133.274
57.3138
534.989
838.435
761.437
865.2
317.881
20.9357
169.225
129.032
3.69274
712.76
300.913
747.429
204.169
657.491
689.779
327.738
974.456
557.207
126.53
307.047
76.0521
409.07
274.483
230.995
765.13
265.664
13.4892
847.285
137.059
325.449
793.603
169.561
559.496
759.575
779.626
168.615
224.006
181.158
68.1478
246.62
348.552
163.579
757.988
150.731
61.1591
713.675
155.217
482.62
496.963
106.326
894.589
459.609
138.951
986.785
257.851
84.5058
934.477
146.367
470.931
379.406
217.963
878.903
260.475
840.541
972.198
322.764
451.857
769.738
457.869
696.219
888.974
639.576
744.285
830.958
458.022
147.435
171.209
911.13
495.712
115.787
274.026
823.511
363.628
893.857
202.49
25.3609
469.863
418.073
165.502
336.039
519.089
586.627
931.944
558.55
272.5
104.648
919.858
337.748
598.682
456.862
904.416
161.016
96.7437
162.603
876.644
907.468
73.1223
971.221
83.3766
852.596
152.928
152.287
780.511
534.135
307.413
538.743
729.881
385.479
578.753
477.096
972.228
542.894
283.242
343.12
906.156
732.841
974.425
777.673
205.39
645.68
946.898
299.539
604.938
701.865
562.853
451.735
87.7102
617.023
181.707
136.845
503.006
672.14
974.792
298.471
147.435
94.882
405.835
604.45
340.403
458.907
658.956
288.125
524.735
506.455
794.885
804.468
924.07
301.431
917.234
456.404
288.064
118.778
129.551
648.671
756.92
976.165
564.837
924.192
375.774
214.759
268.319
440.565
291.635
35.0047
215.4
41.8714
162.236
393.75
245.064
582.476
809.778
168.767
191.168
659.108
649.464
997.467
991.76
407.392
925.382
695.273
58.2293
519.12
283.395
660.665
685.995
136.235
714.103
172.643
786.554
778.436
395.367
987.06
723.899
959.746
467.116
137.791
535.173
651.265
268.502
349.864
317.576
245.46
69.7958
969.42
62.4104
179.052
829.127
817.927
717.795
869.991
5.98163
876.461
760.979
125.187
963.103
206.122
61.7084
675.68
986.572
11.3224
318.094
994.232
457.289
251.473
845.546
53.0107
203.467
708.243
0.762963
176.672
566.088
913.724
22.0038
647.45
208.716
846.431
565.874
218.421
202.551
801.111
723.319
191.412
418.165
338.42
795.19
215.278
755.089
721.274
608.6
461.501
240.486
743.4
655.812
332.56
528.581
357.006
836.573
360.271
831.08
5.37126
85.1161
449.446
811.09
66.9271
663.32
123.569
470.84
316.66
400.983
928.8
564.989
811.487
664.815
652.272
570.36
105.808
336.924
511.368
743.645
203.345
584.643
969.543
298.471
151.311
702.292
335.643
232.521
683.706
806.665
802.698
836.482
819.544
667.348
82.1253
415.815
822.535
452.681
290.292
256.844
428.175
673.513
242.988
367.809
744.804
104.953
814.325
27.1615
734.581
968.474
516.587
669.24
680.99
154.149
956.908
139.195
548.814
766.32
326.975
848.659
642.933
771.691
582.598
862.514
472.182
32.8074
468.49
448.958
224.647
507.492
45.3505
123.569
760.399
895.352
875.179
718.711
528.092
512.833
520.554
509.659
311.808
678.304
515.366
928.617
213.935
387.738
461.898
897.732
780.877
563.036
411.328
312.754
677.358
653.706
183.691
708.213
816.156
873.226
783.593
635.304
348.735
851.527
567.705
784.173
423.841
984.802
320.658
381.573
119.602
263.649
895.23
894.986
455.977
861.232
573.382
574.694
893.338
262.154
804.132
865.261
223.67
213.782
474.624
216.895
260.811
281.137
370.861
328.959
235.42
286.447
983.764
355.968
301.492
414.594
317.515
108.036
60.3961
266.213
856.105
776.574
508.866
638.874
343.883
216.529
316.721
318.278
537.553
316.782
841.456
660.482
584.399
489.364
784.753
246.101
184.149
809.381
898.526
388.623
190.191
836.299
645.344
776.666
806.482
648.335
220.832
32.96
36.256
120.792
843.165
470.412
539.323
980.132
716.544
826.289
553.301
664.083
574.938
256.722
36.0424
520.31
211.829
371.99
684.805
373.76
902.799
593.89
988.372
994.72
126.713
616.962
969.176
498.032
492.386
254.219
770.623
205.939
275.979
449.049
746.666
4.36415
476.455
734.306
209.449
724.906
794.733
919.858
491.47
583.544
442.793
290.109
478.317
207.007
189.306
92.288
268.654
278.481
547.746
597.217
117.008
333.659
513.138
513.321
316.355
738.273
754.387
35.7982
176.183
378.704
667.348
311.533
752.647
96.8352
195.868
601.093
486.862
399.823
826.624
919.858
407.666
477.126
663.686
438.185
55.0249
54.8418
989.99
423.17
780.572
119.785
220.832
2.34993
581.103
43.3058
656.636
531.053
121.677
137.303
940.367
844.356
104.495
172.735
626.637
175.298
639.454
892.605
768.303
20.2643
773.156
50.0504
926.725
732.749
832.423
3.23496
512.284
126.957
738.09
398.114
861.141
872.677
946.348
970.214
954.619
962.004
172.826
996.979
187.292
29.7861
556.291
431.715
90.5484
808.985
418.073
250.343
416.761
501.602
273.476
42.2987
491.806
347.545
251.198
376.995
240.791
171.27
577.471
976.684
794.488
188.726
280.648
227.241
81.3013
855.129
773.095
58.4429
312.662
34.8827
465.712
724.143
766.564
275.369
72.5425
514.328
776.574
465.041
760.765
930.174
331.95
657.857
802.484
352.855
195.715
344.89
885.098
738.365
945.891
954.466
735.862
368.267
847.468
862.056
217.2
188.94
960.387
691.061
549.089
769.555
390.088
186.193
814.447
410.627
87.0083
439.985
404.126
434.217
101.108
754.265
557.573
186.987
697.653
917.722
655.416
787.347
240.638
180.456
420.209
147.984
250.16
707.541
681.845
305.277
539.628
791.65
863.369
586.23
839.351
607.318
843.989
644.765
813.044
787.225
355.052
898.465
872.555
601.917
565.905
396.71
698.294
24.4758
14.8015
652.028
870.51
461.104
542.436
465.163
518.448
428.785
383.129
276.101
393.2
962.004
70.925
71.1386
270.608
28.5348
316.08
378.307
90.5484
736.9
508.53
381.603
738.975
615.528
4.79141
685.965
878.262
745.842
854.06
763.39
733.329
29.9081
120.029
612.537
238.472
374.218
455.061
661.977
452.223
70.5588
81.7591
449.08
645.741
155.583
839.93
105.533
971.343
30.0607
453.505
180.639
117.588
119.144
674.886
833.857
856.655
854.976
462.111
927.641
890.591
762.597
845.912
52.0341
902.799
930.906
642.048
12.1464
220.74
649.525
665.944
809.656
996.307
492.721
605.182
649.648
309.702
632.282
206.824
4.4557
103.977
659.719
935.118
265.023
355.235
699.667
756.31
11.475
386.029
95.645
206.732
434.278
727.073
449.293
400.128
936.766
434.431
294.107
130.894
450.758
267.769
185.614
729.087
496.292
636.28
488.51
823.786
516.648
718.467
642.354
670.888
520.066
661.916
187.231
201.514
559.374
269.57
330.149
447.432
80.752
78.3105
333.903
499.68
672.933
236.671
509.354
656.667
247.841
87.3135
92.4711
917.875
184.423
861.232
787.561
479.659
466.353
389.019
257.363
389.142
345.286
236.427
342.296
12.6347
560.808
169.836
288.675
474.685
647.938
357.891
768.761
724.082
364.208
215.979
972.35
383.16
766.93
299.448
552.355
36.5612
971.923
151.738
705.13
115.482
125.492
514.054
166.387
34.0892
620.411
802.606
405.042
734.153
86.9778
259.407
794.824
293.832
191.382
683.615
46.3271
757.744
771.203
148.778
679.739
843.287
340.617
612.812
819.727
680.715
495.743
826.868
94.1496
242.317
251.747
449.202
917.447
617.634
842.616
770.47
939.665
790.185
15.3508
956.359
943.48
72.8782
349.406
214.362
968.963
857.54
632.771
790.46
948.759
835.17
825.892
202.033
633.686
343.425
644.917
613.697
91.1893
997.009
295.236
761.467
556.932
257.515
386.425
332.499
921.079
99.2462
560.595
205.847
630.97
426.801
864.376
460.891
290.841
400.739
396.466
559.587
739.952
327.921
262.093
608.722
890.622
272.591
364.94
108.737
107.364
44.0687
68.4225
94.8515
408.124
718.07
257.393
77.1203
268.99
347.026
831.324
685.659
313.944
16.7241
160.558
426.954
670.309
904.202
536.76
458.083
271.645
494.308
148.289
784.539
889.248
610.614
612.873
788.079
173.009
416.974
597.674
491.195
483.871
46.0524
558.672
463.82
798.029
11.0782
130.497
779.046
464.98
57.0391
197.913
923.978
100.192
607.562
179.876
71.6575
393.811
463.79
558.245
620.991
116.611
911.466
181.341
409.986
104.617
892.331
374.798
509.476
503.22
396.466
389.477
2.9603
52.4613
731.468
219.337
659.261
694.784
824.641
319.163
903.562
285.775
214.942
254.097
993.957
690.237
890.591
812.159
809.229
43.9161
628.315
610.645
153.966
462.691
991.302
728.294
987.945
980.102
641.072
393.75
485
994.751
120.518
262.123
328.898
8.75881
763.604
310.495
151.158
938.475
888.394
884.121
518.265
778.466
929.38
923.948
373.394
900.723
665.822
907.193
340.007
769.341
201.697
532.121
792.627
353.099
854.183
678.03
101.627
15.8696
606.128
672.018
958.129
167.364
279.763
393.597
185.003
454.543
87.0693
248.39
940.794
775.445
713.309
542.436
722.098
896.481
590.197
287.729
71.3523
954.497
514.542
971.129
395.764
624.989
269.173
317.057
803.797
237.251
401.715
575.732
365.612
618.488
818.018
367.992
703.482
947.142
346.141
618.091
318.644
397.87
927.702
605.548
560.533
858.272
591.693
667.379
645.131
499.344
868.587
582.049
628.101
480.789
799.371
166.295
739.433
572.039
197.211
116.062
985.595
970.946
316.813
622.791
425.581
100.62
588.488
796.381
26.9784
666.311
572.863
426.13
508.347
753.014
792.535
110.66
74.16
245.766
597.003
288.491
448.775
353.008
716.91
199.713
115.146
514.939
664.052
311.35
165.136
477.95
633.473
236.091
667.318
816.095
63.509
676.931
958.556
681.326
510.575
428.114
765.801
63.3564
994.293
964.415
563.952
340.556
469.955
648.854
76.632
403.088
583.972
91.5555
325.663
129.551
368.816
689.84
135.289
498.642
33.6314
881.13
498.367
116.337
506.943
140.202
709.586
440.901
887.265
251.991
672.811
485.824
458.541
890.439
288.278
283.151
426.099
35.8898
326.487
887.356
29.4809
261.269
694.205
201.483
188.574
418.683
499.649
407.361
339.213
757.714
822.596
279.763
614.46
6.65304
595.813
167.211
27.7718
447.829
504.288
919.858
814.57
518.204
307.81
545.61
587.909
966.765
494.156
876.705
465.285
99.8566
668.325
26.3375
822.016
145.482
584.307
918.668
828.089
268.075
225.837
671.072
424.238
264.901
842.28
112.491
894.04
475.387
345.408
216.742
687.49
934.599
974.456
733.634
653.371
301.92
634.327
798.456
335.459
596.789
814.325
801.202
489.975
271.737
492.965
296.945
479.598
655.263
935.667
238.319
700.949
294.321
790.674
311.502
701.315
229.255
390.912
657.186
141.148
730.918
666.341
757.317
258.766
532.365
574.48
769.219
992.737
85.8791
454.36
88.2595
419.172
876.461
210.883
420.24
659.566
323.313
735.313
144.688
915.586
300.577
468.215
250.649
786.92
808.222
511.734
625.843
529.008
824.824
196.265
980.56
405.896
873.012
509.049
187.628
795.587
329.295
289.926
319.834
203.04
8.94192
601.154
165.38
838.343
57.9546
177.313
503.586
914.792
682.516
361.309
921.354
324.473
747.703
433.241
451.949
847.011
776.788
737.907
817.377
547.288
381.909
517.411
555.406
519.578
657.857
855.251
812.647
633.076
569.75
637.654
84.9635
435.926
866.329
939.238
686.3
873.501
549.821
738.243
227.271
977.538
433.576
368.358
885.006
182.196
819.147
613.208
744.804
423.383
823.298
849.33
995.788
677.236
387.127
144.597
260.964
94.6684
497.787
717.826
843.532
387.768
654.378
665.761
170.263
624.226
109.378
364.33
213.66
86.3369
916.623
449.568
173.559
350.963
316.996
785.028
199.957
245.796
493.667
321.787
438.063
839.595
227.332
257.363
176.916
121.281
483.291
399.365
382.611
525.04
461.379
140.965
397.687
957.366
140.049
953.581
87.7407
482.04
845.851
803.461
216.559
319.987
879.391
398.45
330.973
319.529
729.514
671.072
936.766
553.606
906.308
404.004
246.803
200.354
924.68
404.645
282.876
363.048
469.436
134.495
611.988
985.748
273.507
200.171
498.825
520.768
739.952
611.744
755.608
504.746
839.595
214.85
70.2231
698.66
315.287
203.314
94.3022
948.912
724.052
117.588
72.2068
425.184
348.277
236.061
292.367
391.644
507.34
765.038
142.064
167.455
300.943
734.031
46.9985
432.997
315.287
2.10578
76.8761
538.224
323.374
282.022
498.306
968.963
510.758
588.031
56.093
627.827
257.759
13.8249
264.534
85.9706
9.888
246.925
489.395
461.379
267.098
725.425
102.359
80.7215
223.64
843.684
489.09
580.645
89.3277
113.224
191.809
604.45
624.073
684.713
968.017
751.183
916.074
137.608
46.5102
932.524
935.82
943.754
361.98
794.336
896.542
510.88
49.0127
358.959
952.513
212.592
977.63
544.267
266.579
310.77
610.614
716.056
978.118
176.946
964.843
929.991
102.451
718.65
956.816
18.8299
893.429
417.158
914.701
182.318
699.82
882.778
537.309
234.535
847.407
333.995
81.8201
166.143
577.532
906.644
61.1896
177.252
573.595
199.408
232.368
837.184
106.662
962.157
157.17
527.39
331.553
332.469
116.367
824.091
764.397
528.062
658.65
976.226
473.251
399.884
565.538
135.624
12.7873
753.166
513.779
495.407
634.449
842.036
215.918
992.584
802.973
944.487
320.902
731.559
551.164
423.475
855.556
784.692
703.665
180.731
488.449
525.712
500.992
909.146
397.107
152.898
655.446
50.5081
20.1727
557.909
369.61
864.62
475.539
196.295
349.406
515.58
925.474
116.703
342.112
582.324
670.736
804.102
231.239
899.106
254.128
993.774
219.398
132.084
355.174
112.613
130.039
999.023
756.981
503.25
359.722
537.034
166.662
87.5576
512.162
326.273
170.66
626.453
244.881
74.2515
105.838
230.811
360.271
468.123
128.025
281.35
671.804
700.674
258.98
412.488
677.145
576.373
693.167
717.093
568.865
603.809
145.543
828.12
614.582
980.712
521.592
33.4788
437.3
877.59
690.878
80.4468
227.393
926.908
645.405
825.648
417.676
323.008
823.908
386.822
852.26
440.168
883.48
953.398
981.201
374.065
699.698
910.794
111.515
313.486
876.553
435.896
246.193
148.442
547.227
219.398
542.314
220.74
747.398
471.175
919.523
623.402
141.881
865.261
850.246
955.138
386.09
580.523
862.819
936.308
903.409
93.2951
788.507
792.322
359.996
878.231
284.219
810.755
618.122
673.238
661.641
978.881
449.019
465.926
554.43
107.089
787.011
856.136
454.451
345.408
805.75
952.3
648.366
498.337
598.102
456.771
585.986
45.0148
740.623
97.3846
211.432
270.821
524.247
60.4877
288.43
416.364
132.054
582.415
250.984
250.221
545.732
355.358
610.92
972.137
461.623
904.05
452.773
852.046
997.986
589.129
48.5244
512.131
474.197
394.055
122.166
257.515
44.0687
151.189
796.228
361.858
463.149
363.811
750.877
714.56
772.637
279.794
627.613
735.466
180.364
373.882
207.984
963.256
920.316
893.979
399.03
224.158
371.654
628.468
556.719
786.828
219.398
550.432
178.32
409.65
936.644
494.98
495.529
687.368
370.708
525.925
998.779
602.191
714.072
148.564
424.726
686.636
641.011
23.957
237.983
703.909
891.934
341.685
137.852
251.808
85.757
507.004
621.998
197.18
42.6038
298.593
137.944
346.294
396.863
153.417
853.816
257.942
783.105
734.794
579.119
605.487
375.103
439.619
867.672
993.774
59.9994
1.70904
832.881
637.532
28.016
846.95
707.694
807.337
59.8773
356.243
679.495
449.202
292.428
693.777
31.9224
884.61
744.285
355.083
124.485
996.551
382.183
92.6542
241.279
808.222
9.91852
374.462
840.083
860.744
760.674
32.1055
233.253
295.633
473.891
254.585
231.391
48.9212
738.639
583.88
781.06
62.5324
883.755
69.1244
128.056
919.889
696.799
234.809
537.339
811.06
152.684
19.8981
100.558
234.809
933.378
343.944
663.228
342.936
19.715
456.282
401.654
333.262
136.967
724.631
82.1253
798.12
334.88
19.6539
532.64
433.76
484.024
351.299
358.745
17.6702
969.207
913.236
435.011
59.5721
361.522
191.839
202.887
32.3801
350.078
296.213
306.65
589.74
714.805
164.403
598.407
675.832
621.357
803.674
43.3668
934.446
19.8981
219.459
557.115
322.672
428.358
190.771
305.246
336.192
881.619
546.892
497.665
752.098
328.227
102.603
207.984
295.389
255.684
907.956
249.55
135.868
825.068
968.444
639.485
621.082
296.945
92.349
681.845
151.86
29.8471
21.363
201.056
606.891
831.629
500.351
957.244
222.144
945.982
443.007
774.041
331.706
455.061
849.605
410.932
876.339
379.07
632.679
710.898
85.4518
254.524
7.32444
54.4755
239.845
472.304
602.222
652.028
919.95
156.682
947.386
704.794
647.267
866.604
495.437
966.765
324.503
900.449
832.148
737.877
380.535
485.641
232.582
820.124
26.9784
634.327
219.611
467.94
532.273
946.135
280.007
863.948
919.401
139.47
395.52
151.158
993.988
592.914
544.511
553.484
108.585
677.053
830.287
614.734
569.506
159.154
393.017
88.7173
92.3795
460.982
760.949
510.544
213.141
51.4847
797.143
980.834
59.9384
755.608
898.434
194.281
392.987
260.14
602.496
243.477
317.82
598.346
259.316
229.316
579.211
894.131
923.49
209.357
840.663
147.343
123.142
515.488
857.326
341.38
662.679
971.557
946.959
654.134
114.2
43.0921
666.494
53.9262
155.37
449.812
99.7955
61.2812
408.704
271.889
662.862
958.098
939.238
82.2169
832.881
225.074
66.7135
134.831
707.633
489.486
648.549
141.392
800.928
763.146
489.334
667.013
980.651
253.334
34.0892
675.954
955.779
527.024
0.549333
259.621
218.36
309.641
107.425
76.8761
846.98
700.125
554.43
538.896
77.4255
83.1324
410.566
269.082
47.7004
519.974
567.003
869.93
622.7
898.74
410.382
527.573
705.435
626.209
873.409
485.58
940.733
141.392
18.2501
919.034
217.75
33.021
809.9
240.425
877.834
41.4747
234.565
368.206
33.1431
726.951
420.789
989.685
903.623
84.8109
918.149
349.223
576.861
889.492
790.674
593.066
99.0631
47.9141
680.96
202.063
301.523
744.621
501.205
543.687
269.997
658.132
907.468
74.0379
863.033
31.7087
213.324
222.053
185.095
878.628
899.35
486.068
421.308
103.03
374.279
774.865
939.451
818.812
144.81
524.033
66.1031
646.352
49.4705
618.915
442.671
269.356
713.37
655.446
367.748
32.6853
879.788
570.147
32.197
862.362
775.14
170.568
52.9496
289.01
163.274
597.369
211.768
856.441
245.521
249.062
805.597
695.761
62.5324
201.3
514.298
547.075
554.674
651.204
192.389
9.55229
936.491
418.439
490.616
301.492
542.1
34.3333
713.95
310.984
797.479
449.904
822.382
219.153
476.028
894.406
980.193
477.004
893.399
915.433
560.595
416.608
198.187
132.115
11.4139
278.817
414.563
732.231
488.784
937.803
393.109
244.636
664.022
104.404
325.907
618.854
611.316
289.163
982.788
141.789
181.127
306.284
323.893
224.281
766.655
599.933
646.138
587.542
868.587
174.047
918.546
881.558
365.612
407.025
463.637
266.305
895.596
532.151
640.584
986.938
254.707
65.4622
686.697
474.532
220.466
962.371
373.333
3.57067
704.459
783.41
632.374
437.025
641.682
651.692
809.839
90.7315
522.507
282.205
702.689
248.268
973.296
864.834
34.8827
357.311
292.093
81.8506
529.405
438.948
345.897
41.9019
231.971
741.081
735.221
410.81
243.324
167.272
632.527
521.134
515.458
512.345
200.934
741.417
869.015
35.493
999.145
886.471
887.417
403.027
278.695
949.889
844.172
531.175
580.645
940.153
319.803
360.546
536.607
101.474
664.296
93.6613
281.655
300.577
961.547
926.542
384.594
860.805
652.12
805.567
702.139
624.775
470.321
241.035
62.8986
526.78
852.168
708.945
188.269
456.16
469.893
671.224
755.211
692.984
50.2945
747.032
8.30103
697.165
131.932
65.2791
826.899
532.548
918.363
330.332
653.218
706.809
883.175
631.489
188.482
708.609
283.364
528.245
262.551
23.4687
237.22
441.939
783.807
909.299
522.477
885.342
175.176
712.638
751.946
561.51
203.192
7.84326
82.1253
862.88
605.152
339.183
111.209
801.904
422.01
847.957
122.868
905.026
442.335
565.508
332.041
100.253
663.717
653.706
288.766
130.528
178.32
373.791
96.6216
523.423
388.226
64.8824
601.856
648.946
957.244
913.907
209.326
896.481
405.194
797.113
481.826
501.968
751.305
975.921
178.716
56.917
112.247
926.878
890.469
230.11
661.916
87.8628
924.711
733.573
858.394
801.843
601.154
63.8447
345.195
238.38
610.37
50.1724
432.142
575.945
593.524
740.165
562.883
224.25
599.17
654.805
674.886
369.579
572.893
943.937
858.119
623.188
536.912
473.22
219.123
54.6587
614.826
374.187
356.12
391.369
558.794
88.1985
351.848
664.937
934.629
435.865
690.146
86.3063
621.387
743.248
2.65511
430.921
781.884
555.803
52.0341
714.286
959.777
971.557
857.265
440.352
460.097
124.454
368.236
203.07
669.393
849.818
595.447
923.032
471.084
62.1052
600.452
499.649
413.282
877.346
254.677
161.199
784.539
10.4373
171.422
292.795
254.006
479.751
718.253
24.6284
232.582
148.808
515.732
360.79
610.706
137.913
328.501
130.741
29.3588
635.67
755.577
544.023
341.014
142.064
625.202
629.841
415.479
675.008
501.572
342.662
948.393
970.397
208.747
615.131
427.503
207.831
778.558
139.348
913.755
293.13
728.538
158.086
792.596
228.401
76.2352
46.8154
152.806
601.52
996.155
968.413
948.027
725.791
525.193
380.596
598.01
461.531
223.701
679.25
185.614
250.191
197.394
756.584
905.545
392.926
387.127
757.439
921.415
104.373
532.273
813.715
287.301
373.119
714.408
38.5449
90.0296
160.07
887.204
561.724
468.184
966.033
298.868
887.112
664.48
299.417
213.507
353.71
767.724
76.0216
837.489
981.658
300.241
481.307
857.173
483.81
307.443
326.914
494.186
725.059
105.319
432.783
484.573
409.833
342.784
65.6453
888.058
279.55
534.379
965.575
133.366
601.001
720.145
991.485
206.641
226.936
408.46
917.356
388.134
10.4373
458.785
409.65
444.319
853.725
59.4501
718.162
681.265
173.04
458.083
110.416
765.496
61.2201
599.658
581.957
718.741
928.037
329.417
872.951
992.859
900.906
316.294
322.825
30.8237
766.472
353.252
594.134
220.679
734.275
191.015
796.564
647.969
804.193
561.113
42.6954
553.27
18.3111
544.542
966.887
901.425
379.254
942.656
237.861
967.925
715.384
806.024
597.034
349.254
274.728
777.734
453.383
303.476
328.562
407.666
566.118
826.899
566.179
93.3561
846.522
373.486
561.693
804.376
810.389
623.096
94.5158
245.827
711.753
204.566
604.633
618.03
889.828
780.572
563.585
627.613
359.844
399.548
43.2447
907.224
179.479
521.867
262.703
499.466
621.754
625.843
394.848
561.693
685.873
800.165
414.472
947.569
977.386
228.767
268.044
821.986
488.357
974.944
147.374
965.361
309.61
969.787
148.015
923.704
805.597
612.873
93.4782
660.634
283.303
889.737
806.848
867.397
686.941
413.587
610.95
587.664
348.918
297.098
338.298
312.815
328.837
260.353
631.886
204.169
371.685
881.527
818.384
598.59
16.2358
396.069
134.831
453.291
885.403
951.72
590.197
886.654
689.047
723.777
242.592
470.687
971.343
799.036
174.261
431.928
133.305
232.643
944.731
416.578
762.139
185.675
803.674
976.684
798.029
548.662
445.204
432.752
570.757
957.884
584.063
270.18
236.152
610.431
135.289
724.57
644.398
784.326
279
713.157
171.239
470.016
190.893
768.029
543.321
19.3182
720.084
127.384
188.787
218.574
795.495
641.774
144.81
691.214
841.975
650.227
52.6139
37.2936
987.548
484.176
272.073
615.406
342.662
754.021
646.321
373.119
133.335
75.2892
948.21
632.984
968.657
390.79
539.598
239.448
24.5674
544.023
274.911
973.754
424.97
261.696
179.785
642.109
601.001
199.927
936.674
744.591
910.52
211.585
708.151
129.856
298.135
490.463
329.417
542.772
278.054
748.558
401.288
470.504
19.837
82.9188
314.615
194.159
819.483
688.314
737.693
451.369
736.015
71.4438
598.01
616.565
675.863
923.948
88.9309
805.261
705.283
309.122
733.665
808.008
872.799
320.261
36.256
261.177
322.581
865.017
752.8
959.96
980.285
733.543
311.869
720.237
591.937
606.037
417.707
695.669
398.144
155.766
365.368
556.108
223.914
904.233
100.681
433.424
265.999
984.436
555.223
41.2305
358.531
468.642
287.942
874.874
998.596
416.883
965.056
897.336
912.717
302.347
708.426
618.213
445.692
969.97
845.119
971.16
552.995
784.57
87.8018
896.542
677.572
124.485
678.762
35.432
293.222
877.59
527.421
441.176
394.879
94.821
873.745
714.621
717.307
458.937
508.011
469.802
963.958
723.38
78.6157
535.569
826.533
778.314
518.876
799.951
76.9066
500.076
124.271
103.397
512.619
39.5825
311.502
87.0388
36.8969
707.022
590.197
402.264
655.141
107.944
778.771
187.872
668.142
688.009
995.941
221.107
844.264
341.838
458.541
648.762
851.131
242.897
617.542
704.52
728.355
550.005
662.862
318.949
682.76
147.313
928.922
28.3517
986.694
73.5801
231.605
88.7173
261.544
797.174
668.264
200.751
927.061
993.072
911.649
752.892
97.7813
978.057
529.466
987.732
708.457
460.311
360.485
998.901
148.625
759.88
478.469
963.958
188.757
155.736
775.384
520.127
478.286
516.465
694.815
688.681
397.32
870.144
147.16
254.372
543.138
69.9179
137.822
6.40889
632.649
211.829
139.164
746.818
102.023
960.326
738.243
472.701
185.095
438.673
591.021
638.569
751.274
840.022
214.454
904.965
684.53
415.113
647.755
279.763
84.8415
993.53
514.023
58.1988
72.8782
694.174
513.565
468.001
479.598
981.689
880.032
425.855
201.88
724.509
830.744
311.502
505.356
411.42
542.467
165.532
55.7268
182.409
683.615
217.444
960.082
830.226
34.669
149.846
598.773
428.938
227.454
5.2797
530.076
745.659
134.831
142.064
247.993
91.7997
942.32
144.902
75.045
769.89
432.173
97.0489
970.916
772.515
512.009
120.029
538.408
889.248
518.509
587.024
8.05689
878.323
327.982
916.501
482.284
858.699
804.651
352.184
220.71
579.302
618.244
635.426
247.719
721.427
961.791
976.653
63.509
890.469
201.239
231.605
739.921
453.413
987.884
689.23
182.196
878.567
864.834
376.782
838.252
732.871
899.075
289.132
636.097
994.354
370.037
447.829
431.471
834.803
46.0524
196.753
745.994
529.527
80.1111
640.156
77.9748
650.533
55.6658
629.597
566.607
198.706
214.454
205.908
290.841
832.301
397.015
902.799
984.405
846.614
727.348
817.316
447.981
62.6545
573.046
855.129
440.077
279.824
811.975
54.8418
327.342
449.232
936.949
399.67
276.345
224.189
29.3588
20.6915
267.098
43.9467
133.518
199.713
710.593
406.537
62.2578
76.8456
950.743
487.808
165.654
469.375
432.447
761.864
93.936
708.487
817.164
780.297
85.5739
899.472
826.472
765.282
812.281
512.253
96.0112
173.925
311.472
708.243
819.88
889.187
38.4838
309.519
467.727
193.915
568.651
817.255
355.113
185.034
981.231
384.686
348.704
782.495
456.191
152.013
487.533
990.783
115.238
848.415
801.447
568.529
638.173
67.9342
108.066
762.444
685.598
125.919
69.6738
262.093
660.146
900.998
290.872
31.4646
836.238
570.36
738.67
173.956
390.576
643.483
266.03
486.618
364.147
200.934
520.188
860.195
87.1914
744.865
17.0598
181.066
98.178
566.393
662.801
891.537
88.3816
37.5683
503.83
864.345
902.921
733.024
986.938
748.1
129.673
787.774
509.903
439.467
307.627
398.144
545.03
838.801
285.104
871.059
115.452
544.939
760.155
128.452
906.858
645.924
533.525
73.336
794.794
261.666
505.844
723.045
69.4601
994.69
950.224
516.587
139.012
945.28
91.4029
701.926
992.492
447.645
523.087
209.601
203.772
182.745
493.912
919.156
758.141
824.396
594.256
723.869
481.765
874.844
874.538
301.187
356.548
846.004
926.328
994.171
500.565
442.824
957.64
710.257
95.8892
904.538
393.78
244.484
45.1064
160.68
34.547
932.34
637.379
957.64
299.57
38.8501
5.49333
612.11
592.608
790.826
655.568
547.99
316.355
457.045
849.605
272.469
568.865
384.503
123.478
947.966
52.8581
395.215
720.603
215.918
229.163
451.033
222.785
428.999
245.521
992.035
159.856
947.417
672.048
855.159
878.933
656.27
574.633
179.083
454.451
359.661
957.488
201.849
921.171
208.075
105.899
356.944
609.79
815.271
860.988
574.877
868.038
220.588
356.822
195.776
947.356
353.74
252.358
399.823
337.138
157.17
988.098
561.205
327.28
23.4382
99.765
432.508
80.5689
702.933
119.938
565.081
996.185
338.694
98.5137
872.25
645.039
784.448
273.721
741.234
59.4501
861.873
924.924
600.085
656.819
714.011
938.047
346.232
579.455
910.184
115.329
542.131
732.139
459.395
760.43
785.302
297.586
388.043
570.025
157.842
12.2074
38.3312
363.567
162.908
982.421
743.858
681.997
53.1938
323.496
37.965
786.828
958.739
402.02
52.0951
91.0062
719.199
962.767
259.407
552.599
828.272
921.873
220.466
62.4409
394.879
107.212
487.32
357.646
528.764
727.287
321.726
491.165
55.7878
849.788
384.411
389.66
969.909
671.285
50.9049
530.412
527.238
859.188
510.971
268.532
389.599
747.063
307.199
845.882
722.495
665.029
469.405
612.842
654.836
185.766
901.09
494.369
6.1037
568.133
173.772
231.208
687.368
179.113
386.303
427.9
682.302
175.573
244.301
938.749
14.5878
227.058
16.9683
622.547
608.02
560.839
526.933
998.383
445.204
110.416
829.493
832.301
931.486
48.9822
737.815
187.414
870.144
488.601
849.696
967.986
955.199
626.85
232.887
488.784
188.147
122.074
424.757
101.23
124.454
978.149
902.463
407.483
356.822
720.359
680.349
93.3866
140.538
143.62
190.527
912.137
568.194
414.289
102.634
849.33
198.95
806.33
239.601
1.12918
549.577
854.03
245.247
196.387
352.733
201.544
160.009
894.253
989.319
931.425
561.327
388.348
0.732444
652.242
424.512
848.964
87.6492
127.903
360.637
234.23
501.053
728.904
387.799
601.856
232.429
486.984
891.568
852.351
908.963
34.9132
931.181
435.133
799.86
211.951
547.99
48.9822
840.541
616.749
231.758
867.824
80.3858
888.638
201.575
322.642
460.799
998.901
657.43
972.32
329.386
332.804
658.681
492.538
596.942
844.172
786.004
315.836
943.052
63.1123
242.317
952.879
976.775
238.929
549.974
526.719
758.965
398.633
499.344
551.469
591.723
603.107
505.997
485.855
482.101
181.433
32.2581
93.8444
185.492
225.349
229.347
143.071
235.603
124.332
456.526
472.121
867.031
423.322
833.583
958.647
236.366
783.624
482.406
418.744
848.903
328.745
614.887
969.573
595.996
156.438
122.013
885.647
310.648
297.586
821.833
481.063
246.498
903.867
21.3935
47.9141
387.036
945.189
549.73
382.946
991.15
198.096
917.57
932.951
281.198
806.482
760.247
90.9757
680.105
195.532
220.405
674.062
503.159
621.052
425.916
113.437
511.49
134.098
719.993
389.66
232.917
243.416
799.615
242.347
456.801
56.1235
418.256
687.063
808.802
178.137
809.229
369.884
812.006
155.858
486.282
791.284
340.739
739.891
577.044
930.021
873.104
752.281
346.232
299.112
448.592
838.71
64.333
964.537
737.083
886.532
878.445
557.939
125.309
390.088
840.999
814.875
227.485
544.725
753.349
669.668
725.455
350.261
979.797
438.185
945.555
505.722
888.577
119.633
78.0663
376.202
76.1742
348.918
445.479
813.44
31.0068
30.4575
725.455
110.843
392.773
185.125
535.691
874.874
463.82
41.0779
286.019
93.2646
128.758
900.082
704.398
182.44
838.435
810.511
942.9
293.802
814.539
578.265
670.309
661.916
131.474
146.764
56.9475
274.239
831.172
877.285
58.565
644.917
727.165
760.979
905.271
972.961
54.9638
93.8749
201.544
466.567
623.89
645.985
544.328
114.933
627.094
855.586
64.3941
688.223
766.533
80.4468
798.303
247.322
847.926
436.903
296.121
945.067
503.403
257.729
372.326
399.121
196.692
700.919
405.103
418.806
168.279
539.689
90.8536
366.558
475.997
665.639
60.0909
935.362
787.53
335.765
260.842
623.341
81.3318
695.334
515.854
687.338
911.924
606.769
160.039
855.586
395.642
317.026
164.037
581.957
573.84
993.744
650.441
122.135
308.786
661.855
208.869
213.507
369.304
571.947
916.227
639.698
862.148
531.449
468.001
461.104
664.998
229.865
327.403
192.877
18.067
89.4803
298.227
711.264
930.113
672.872
427.87
169.561
554.582
177.862
646.413
705.618
193.67
52.2782
48.7075
220.893
84.6583
258.339
225.043
13.5807
626.392
219.306
546.678
546.403
200.934
978.759
813.227
130.009
247.688
603.87
167.119
804.315
745.231
364.483
682.302
197.729
757.866
718.436
532.579
646.626
202.948
634.968
146.764
355.388
494.949
287.179
255.928
879.238
222.816
644.978
239.967
710.013
516.861
999.634
678.732
247.139
261.208
951.079
514.908
934.568
808.405
889.645
734.336
844.6
351.848
502.945
970.031
490.799
613.239
339.457
936.399
150.212
0.152593
960.021
99.9176
476.852
891.049
708.396
492.05
687.246
202.979
632.527
71.2607
99.765
899.411
586.901
540.147
308.542
593.005
48.2803
23.5298
773.37
900.998
675.375
514.634
106.906
708.304
143.834
494.644
840.663
995.453
288.095
632.71
950.163
386.853
80.9351
971.953
921.751
76.4489
482.223
508.255
641.255
286.142
688.04
567.888
886.349
913.938
811.518
890.011
703.513
527.635
526.505
820.795
451.369
360.729
705.405
524.857
790.765
466.231
582.293
620.716
403.79
685.049
472.823
146.153
722.465
585.009
582.049
260.14
448.164
27.1004
931.15
587.054
143.834
514.573
934.782
609.882
679.281
981.536
660.024
18.5553
811.213
177.587
298.105
419.599
679.769
304.056
880.398
313.12
501.846
58.4735
769.738
743.98
242.988
743.767
958.342
532.701
549.394
597.766
703.787
493.118
720.42
0.0305185
533.921
542.131
3.87585
711.692
152.318
108.615
994.476
804.651
275.246
747.368
417.005
436.72
931.669
364.177
75.9911
128.666
257.21
958.8
252.113
699.179
313.791
291.391
327.219
514.664
965.575
379.467
919.492
209.54
342.875
230.628
309.061
533.586
925.596
718.497
436.445
482.253
776.452
6.77511
254.036
366.894
956.267
429.182
712.577
980.102
652.028
229.926
163.762
513.535
49.0127
72.3899
459.792
383.648
478.469
721.274
531.724
621.967
871.7
804.865
727.5
986.053
52.2782
63.7837
690.909
447.31
897.397
992.34
62.8681
212.287
899.197
278.207
786.34
933.164
158.391
948.057
295.816
263.924
340.312
623.554
372.936
418.836
625.202
795.831
949.339
888.546
183.844
523.057
638.02
971.252
210.181
458.51
274.483
274.148
41.261
614.917
248.97
842.067
396.802
771.142
910.733
69.0023
268.838
928.068
826.044
49.5926
493.21
719.26
170.873
525.864
533.891
183.02
39.7351
86.0317
511.338
802.21
951.476
771.691
6.40889
217.536
333.811
749.229
670.797
521.378
267.708
202.063
175.329
537.523
272.622
99.8871
527.665
993.652
413.862
0.854518
289.926
992.706
513.932
543.626
728.538
689.322
748.161
784.661
426.344
577.471
406.598
37.843
389.355
295.785
103.122
372.204
178.777
356.7
213.111
423.933
99.3683
705.618
820.734
679.22
976.165
516.434
957.366
884.182
549.913
129.765
412.366
737.663
23.2856
539.72
897.214
523.85
788.446
336.039
844.325
840.327
867.519
507.401
622.181
78.2189
97.3846
12.2684
447.584
810.48
589.862
523.82
776.208
744.652
498.154
254.585
453.261
396.283
621.693
267.769
405.011
139.439
879.849
180.761
152.593
790.338
185.919
668.05
929.197
380.169
753.258
668.477
682.241
274.209
363.506
704.459
741.447
292.367
629.841
218.451
434.217
988.128
784.875
333.384
429.487
741.874
25.605
943.022
91.3419
825.159
946.257
538.774
623.676
91.5555
89.9075
679.159
287.118
451.094
151.128
507.767
469.527
783.746
859.523
226.844
891.079
448.866
76.693
931.578
725.547
46.7238
137.303
712.424
918.821
587.939
965.209
431.135
485.824
727.378
996.429
76.7541
67.2628
219.001
440.229
108.036
527.604
247.627
908.994
688.559
874.783
793.512
948.485
220.283
284.066
686.941
500.076
82.7052
506.241
508.072
825.709
982.971
441.939
989.074
926.695
823.542
163.305
74.0684
988.495
494.095
164.098
294.168
881.527
492.965
119.572
612.323
250.435
785.424
937.376
395.917
221.961
804.041
380.657
672.262
263.71
998.26
44.9232
323.405
224.006
838.923
969.359
376.873
85.3298
684.072
664.266
48.2192
461.135
412.397
835.902
691.946
368.664
230.476
589.648
316.538
308.115
560.106
393.017
820.704
179.785
411.939
579.76
606.037
70.1926
151.738
676.077
723.35
438.887
65.4622
330.485
208.045
736.656
629.383
128.361
761.589
986.724
891.568
72.4815
434.492
359.996
870.846
11.0477
468.062
275.918
379.833
793.909
950.011
59.6637
177.77
438.612
441.115
687.551
859.92
87.8628
228.828
651.143
389.172
38.667
363.994
472.304
677.114
625.385
136.998
899.564
119.48
237.373
149.724
317.179
493.393
252.815
639.332
398.938
121.952
169.53
210.364
536.668
712.882
714.621
631.306
75.869
776.94
213.66
851.711
889.157
32.8684
0.976592
896.39
318.522
705.069
152.226
792.718
18.4942
119.572
320.444
187.689
730.552
505.722
956.847
810.144
520.371
408.734
697.623
435.408
509.842
620.106
198.218
507.95
633.534
31.6172
195.807
78.4936
452.651
319.681
81.6675
211.921
556.383
865.719
764.672
521.958
582.446
819.391
106.876
989.257
388.287
710.44
712.821
718.711
403.668
515.854
353.343
792.84
696.127
588.061
805.628
876.675
780.816
350.871
390.393
731.132
705.466
169.317
987.732
290.811
442.244
299.478
812.433
462.447
117.161
324.442
730.735
300.211
109.104
983.337
398.938
714.53
548.692
798.639
5.85955
369.976
249.275
408.948
899.838
929.136
600.543
13.0009
881.771
298.349
456.252
831.111
445.509
31.5561
547.655
990.509
746.818
548.814
453.047
740.959
581.927
325.175
655.782
406.384
157.17
706.961
721.03
979.369
930.998
510.819
122.99
764.214
309.214
62.5935
753.96
975.311
475.448
831.599
645.955
696.585
137.15
316.904
936.857
108.89
469.222
342.112
611.469
390.881
35.8592
414.197
49.7452
200.018
972.503
303.262
912.687
140.11
208.411
499.222
396.954
121.25
11.8717
701.651
390.728
18.6163
638.722
999.054
560.503
536.393
365.581
893.979
901.028
682.943
689.322
830.042
779.412
763.634
973.571
376.873
4.54726
297.464
323.862
730.064
953.398
763.848
972.655
681.204
284.585
585.437
954.924
715.415
271.92
253.945
356.7
391.675
287.698
4.4557
916.532
662.862
467.971
945.067
261.879
291.36
90.5179
47.4868
561.876
16.6326
697.073
905.85
876.705
631.214
490.921
668.538
986.053
620.624
41.0779
50.8133
977.111
524.613
824.488
833.43
373.516
675.069
637.165
753.655
86.7641
466.964
405.957
195.593
970.977
819.025
431.745
585.284
262.276
980.041
595.63
896.97
684.805
337.016
559.282
177.404
503.128
381.726
490.646
493.545
303.903
491.379
346.294
210.639
786.95
680.441
241.615
6.34785
347.27
979.034
940.245
527.848
729.728
594.684
993.805
97.1709
536.668
513.627
563.341
372.387
870.907
697.562
453.658
369.304
894.253
532.579
391.614
751.427
583.514
686.3
80.1721
793.298
465.194
29.1452
58.7176
924.192
609.424
776.849
901.456
257.851
665.517
509.354
784.845
15.2287
219.337
223.365
955.748
245.582
254.524
74.0684
130.589
752.892
998.138
962.706
358.196
633.656
932.646
626.057
376.019
332.224
254.891
384.014
992.248
619.77
563.89
201.941
524.339
403.607
58.0462
223.273
825.709
772.729
23.7434
429.395
931.028
185.858
895.749
582.72
852.565
208.411
671.651
108.982
557.604
704.581
960.662
75.5333
659.169
890.53
448.653
921.354
850.581
155.4
60.3961
95.2483
615.619
56.1846
600.238
259.011
245.308
392.315
152.654
210.364
692.373
766.991
23.8044
183.752
295.022
540.849
505.264
683.767
901.334
584.582
241.371
508.316
424.665
736.503
481.338
117.374
362.59
371.532
997.284
3.66222
309.671
987.854
949.583
221.656
995.605
217.078
480.758
730.888
880.093
164.983
319.224
710.074
835.658
487.991
173.742
498.215
949.4
112.705
200.476
318.705
975.341
4.15052
323.344
443.159
468.337
888.913
689.352
950.774
130.863
339.64
39.613
739.525
403.943
127.567
278.054
946.043
833.522
248.207
18.1585
429.304
243.385
527.512
390.057
475.57
246.071
214.27
887.906
379.864
122.837
465.194
540.239
61.037
604.114
128.574
183.447
365.917
581.469
733.329
120.09
219.459
282.601
89.053
943.175
276.589
940.336
404.004
807.855
232.49
487.106
326.579
931.516
447.31
306.131
817.072
603.626
41.2305
570.33
255.684
486.77
117.038
200.385
693.228
489.608
265.511
973.479
650.472
993.805
10.2542
813.135
372.6
715.232
348.552
792.627
945.25
981.597
43.7941
881.893
177.709
707.175
826.472
970.244
660.421
845.973
159.154
195.532
902.036
604.755
722.8
111.393
953.276
197.18
279.366
723.319
423.048
419.965
68.0868
925.413
293.649
832.759
391.034
368.633
440.687
822.626
544.328
292.062
264.809
334.788
751.396
348.033
340.526
550.462
254.463
953.093
489.242
293.039
220.374
195.044
182.104
444.472
617.176
828.547
679.342
152.226
717.612
389.111
812.159
108.86
386.029
958.281
813.288
684.896
804.407
609.577
102.939
196.417
794.336
68.2394
435.774
88.9615
390.82
614.429
315.561
318.43
824.458
762.047
83.7733
710.501
567.766
744.346
588.153
580.004
602.527
337.168
837.489
391.186
563.89
51.5458
549.211
740.196
917.814
226.539
995.758
441.145
827.754
53.7431
55.8489
997.101
867.367
64.7908
877.285
236.579
234.748
112.918
57.1306
398.083
625.477
379.833
746.086
442.335
419.263
439.405
582.354
874.935
338.237
909.116
862.484
859.615
231.513
720.664
854.213
903.989
143.132
541.063
658.681
898.648
319.742
375.225
527.207
791.223
313.456
881.588
39.7656
676.29
837.214
431.654
50.8744
582.598
527.879
445.326
809.381
738.792
274.178
32.3801
158.116
598.987
265.053
472.243
220.374
409.314
415.052
562.639
478.408
596.576
323.038
368.847
650.929
760.674
420.24
404.34
276.04
551.714
463.942
774.682
404.95
212.989
33.3262
315.043
313.639
71.4133
183.325
253.7
638.142
756.34
913.083
431.776
840.114
428.236
604.877
610.858
408.582
798.364
90.3653
900.082
704.215
220.557
499.771
833.186
852.657
636.921
550.432
127.659
592.669
657.765
431.379
656.423
485.763
557.939
939.634
663.686
393.475
470.29
24.659
756.401
628.132
557.756
397.626
702.261
684.225
444.929
360.851
565.416
955.565
691.031
514.542
211.646
345.378
584.826
496.75
713.614
175.207
43.2447
412.641
688.04
298.563
894.742
109.5
95.4314
826.411
328.501
953.734
534.471
369.732
791.192
265.999
561.052
206.397
112.003
70.925
64.7603
277.627
137.577
317.423
232.643
421.186
657.888
225.867
132.42
746.91
904.416
918.79
445.967
561.235
401.746
990.6
384.472
746.574
454.299
173.406
316.63
2.25837
48.3718
754.662
140.538
853.053
452.284
902.707
931.608
831.141
294.351
557.237
896.512
738.731
401.013
40.2539
165.502
396.496
175.756
43.9467
453.627
784.997
800.653
151.769
122.227
984.588
40.8032
549.12
672.384
820.673
934.324
79.4092
200.995
620.106
147.496
302.591
851.283
985.26
278.085
711.356
788.171
991.913
886.319
762.017
730.918
717.154
536.18
876.308
573.29
503.8
627.705
69.6127
122.806
867.092
301.157
363.048
490.707
450.392
195.074
634.358
163.244
936.186
338.969
65.0349
285.989
317.789
962.096
839.015
192.328
439.405
499.283
249.825
707.205
209.387
575.579
872.097
257.729
393.841
250.435
953.703
321.39
396.68
303.018
684.957
243.69
931.913
839.778
501.022
955.992
995.087
5.34074
73.7327
624.958
39.5825
78.6462
149.052
765.191
764.58
734.519
886.593
845.576
419.904
752.831
857.265
921.384
35.6151
956.175
355.449
322.855
480.972
657.247
181.86
931.608
759.972
397.259
553.27
76.2963
449.446
256.539
295.48
578.784
686.209
518.815
975.921
981.567
608.753
970.061
131.565
488.388
660.848
613.514
249.306
649.129
662.313
81.9117
653.981
319.59
53.8652
528.306
961.394
928.495
221.9
276.406
251.503
581.866
309.671
12.2074
619.16
36.8969
420.942
797.876
257.393
76.2047
622.7
688.803
730.735
313.364
652.669
236
593.86
961.76
738.334
653.981
12.3295
597.4
433.485
936.094
541.643
447.035
878.658
698.538
720.389
233.1
391.339
33.9366
634.541
106.388
793.146
155.95
108.432
698.019
378.826
116.245
679.006
821.528
934.66
374.95
9.33866
856.96
711.6
505.692
898.465
347.606
759.941
817.103
542.161
840.999
531.541
170.965
203.04
505.081
155.644
779.565
944.243
551.378
295.145
262.123
584.155
995.758
988.983
742.821
528.214
788.354
386.853
270.638
633.747
844.264
783.471
343.089
764.183
5.12711
857.082
814.539
189.123
464.583
519.883
970.305
486.465
686.85
285.775
48.5549
102.329
351.451
561.907
990.417
225.929
354.259
770.531
699.515
134.709
396.558
706.9
593.31
666.829
192.969
39.9487
726.035
976.44
830.195
361.736
265.419
228.828
307.016
691.946
604.144
391.003
787.53
843.623
887.295
774.255
598.041
556.81
237.098
484.909
500.015
805.719
456.282
439.772
268.96
185.858
490.829
101.962
111.85
788.079
434.248
593.799
953.124
464.4
353.801
342.998
121.403
893.429
720.237
918.241
467.91
350.139
722.434
210.334
447.493
587.786
247.963
615.65
193.976
736.503
811.029
377.3
120.945
626.484
208.686
741.295
78.9209
440.809
187.109
82.7662
600.879
104.74
898.74
660.024
266.274
317.637
431.532
150.7
716.178
633.534
192.175
628.529
349.376
497.055
423.536
134.678
231.91
640.37
638.539
502.182
250.313
747.948
251.015
587.451
40.6507
795.068
185.369
567.186
723.869
966.308
745.689
455.367
979.064
560.503
526.017
497.513
486.251
788.385
643.086
598.071
269.021
868.526
72.1152
437.056
969.268
329.142
367.901
432.875
584.338
920.53
551.439
206.488
698.935
45.4726
444.105
704.428
741.874
113.376
230.354
635.517
299.661
724.448
530.015
379.131
18.1585
90.1517
761.681
19.6539
123.02
596.576
78.4631
664.754
90.762
916.013
657.186
702.506
501.572
574.206
622.15
154.881
604.633
378.704
385.327
782.617
627.949
614.673
683.462
98.5443
363.414
414.716
93.8444
945.585
58.5955
208.686
309.885
794.733
146.153
659.81
957.549
421.033
842.86
993.5
234.138
111.759
148.442
124.821
150.731
64.7603
276.681
491.287
659.2
132.054
48.8601
996.612
445.143
565.691
281.716
972.442
668.538
921.537
700.522
563.585
432.356
777.825
409.07
443.678
261.361
424.116
447.279
266.701
371.624
177.404
468.245
761.589
12.5736
481.368
65.3096
875.179
662.404
444.96
781.182
870.693
358.135
976.959
329.478
787.164
942.106
172.185
60.9149
166.784
505.081
106.143
204.566
455.733
808.649
694.082
915.769
985.351
966.674
770.47
662.008
939.482
168.249
45.9304
977.996
214.545
722.709
97.0489
120.975
578.356
208.014
45.5031
657.857
33.8755
4.42518
83.346
515
794.58
993.561
499.802
522.446
777.123
705.039
366.558
983.276
18.128
691.671
537.309
299.661
920.804
414.38
118.168
187.048
737.877
418.012
64.9129
507.065
197.394
79.5312
63.509
251.167
677.053
709.769
350.047
705.771
833.735
289.743
626.301
330.302
94.2412
623.28
727.531
379.406
914.029
186.59
198.096
800.501
209.082
456.679
431.837
437.971
868.496
999.237
532.945
75.4112
753.014
97.6287
553.941
346.751
86.3063
204.443
266.793
47.9446
645.131
995.972
123.417
880.306
654.195
311.899
562.12
156.499
792.932
761.132
315.531
501.205
219.337
274.239
877.407
76.3878
18.0364
385.205
783.166
364.086
978.088
522.263
861.69
36.2865
107.181
90.2738
113.804
944.548
788.812
625.05
374.065
759.636
987.701
801.233
411.847
292.947
410.596
575.121
628.315
30.9458
28.4738
243.324
5.2797
913.45
866.176
698.721
462.294
887.448
465.804
664.968
277.993
267.739
930.448
190.741
732.566
435.194
953.978
185.156
626.637
904.233
743.583
275.124
833.888
290.689
241.127
766.472
542.68
211.585
549.455
989.807
343.73
647.237
970.183
812.311
819.514
798.029
558.855
596.942
791.925
966.277
604.328
389.935
884.457
494.888
937.773
618.244
555.01
293.832
478.133
77.8832
255.715
985.778
920.591
494.797
875.912
202.002
973.083
438.734
124.546
60.2741
48.5549
872.524
8.39259
355.235
818.384
116.733
62.1357
493.088
532.975
512.162
486.618
701.804
516.892
560.381
851.741
547.716
743.431
824.458
519.7
290.201
895.81
370.251
445.662
105.441
821.07
30.3659
511.185
710.562
782.403
271.493
47.3647
419.355
416.974
946.257
703.604
161.016
804.834
711.539
318.369
493.027
555.406
393.78
948.057
139.195
318.003
82.7967
710.379
84.6278
622.12
235.45
598.59
758.507
454.268
570.299
922.33
335.795
477.462
34.4859
531.938
689.657
299.203
624.287
482.284
25.3304
694.937
340.098
291.91
726.981
192.419
57.8936
454.665
448.469
924.253
597.583
358.989
979.888
153.386
769.951
272.134
920.438
379.711
683.554
544.786
689.261
432.081
92.349
692.709
905.545
453.536
65.981
511.643
668.844
184.912
763.024
881.68
771.111
453.963
589.526
417.127
371.685
275.399
523.301
618.732
166.265
468.795
885.525
683.645
581.5
200.079
340.8
630.055
25.9407
353.404
407.178
892.788
729.148
139.073
256.966
45.1674
199.713
844.234
89.877
805.048
833.918
132.115
859.798
979.186
705.71
796.93
636.128
504.288
69.9789
379.192
381.329
239.54
609.638
549.699
425.733
667.287
958.037
666.311
420.606
158.361
528.459
411.573
51.1795
958.19
181.158
916.318
290.963
549.364
759.575
275.765
477.584
548.112
26.8563
864.742
992.981
789.697
34.4554
357.738
827.815
759.697
453.047
860.469
812.006
27.253
897.885
58.7481
792.779
836.604
779.534
791.589
540.849
512.65
711.386
953.917
666.616
837.977
4.54726
136.082
327.342
56.0015
282.601
905.637
6.62252
658.101
746.055
137.852
147.191
609.363
118.961
301.798
918.729
170.873
808.161
107.15
901.486
973.418
306.65
419.08
967.345
499.374
372.509
846.644
139.256
629.597
14.3742
911.313
710.654
410.26
814.814
202.002
405.469
697.287
622.608
422.529
860.897
833.491
146.001
737.877
213.324
15.595
477.035
325.571
69.277
506.668
78.9209
538.469
642.14
350.597
267.83
585.07
336.314
744.804
719.626
133.488
559.893
727.256
33.4788
745.903
46.8764
334.544
883.602
548.845
470.901
886.441
789.544
46.4492
630.451
554.003
37.4767
482.406
988.525
867.031
782.708
656.85
846.156
317.118
865.261
604.846
932.737
712.882
369.61
42.2376
693.014
443.159
459.731
985.412
52.9191
304.91
520.829
451.125
945.128
51.4542
138.92
642.689
375.378
318.094
949.736
528.611
311.625
80.6604
887.539
220.313
176.031
303.507
866.329
54.6587
222.205
933.5
423.2
787.988
578.173
895.413
356.304
807.489
236.824
246.132
888.058
766.9
774.895
143.04
384.869
551.622
81.2708
782.922
165.044
980.834
877.041
968.108
425.611
151.463
307.047
455.672
819.483
831.782
385.601
746.269
714.469
809.351
576.586
468.337
665.12
600.757
289.59
14.5878
128.574
428.877
573.534
586.566
955.992
873.653
788.537
303.476
690.329
103.305
537.736
532.121
202.429
91.8302
640.126
93.4782
696.005
728.751
425.489
502.518
612.812
228.095
133.061
897.641
469.955
742.363
694.723
815.516
159.642
587.451
684.5
468.245
743.339
985.809
715.049
678.549
271.187
732.719
62.8071
129.154
658.132
693.381
802.973
83.4681
147.801
535.539
235.237
232.582
395.886
605.426
882.107
825.983
703.36
351.97
840.51
741.234
431.837
206.519
768.273
649.983
131.596
323.435
286.508
935.27
413.678
88.7783
79.5618
517.441
97.5982
802.362
473.006
244.423
665.456
440.168
771.783
2.65511
554.155
903.012
139.164
205.023
316.538
657.704
298.196
811.975
183.142
177.252
836.329
542.009
55.4827
85.8486
395.062
428.114
462.111
415.448
525.62
375.835
509.018
879.727
491.623
879.879
355.358
572.039
800.623
554.765
245.796
993.377
745.17
636.616
630.665
816.523
734.977
111.606
405.438
293.069
701.346
627.796
800.501
709.067
355.113
846.095
952.452
795.679
579.333
387.402
688.528
501.389
737.968
31.4341
554.949
31.7087
181.829
323.679
620.899
562.548
733.36
246.925
88.8089
533.891
430.403
113.468
242.836
929.685
311.93
334.422
766.411
450.27
525.407
221.87
959.929
983.795
537.797
480.819
890.53
282.449
731.468
546.709
4.39467
250.465
165.96
424.787
233.375
749.077
787.255
187.994
126.865
325.877
865.23
788.934
40.4675
773.919
941.038
342.723
912.442
927.305
65.6453
536.821
659.383
599.231
610.492
324.015
722.19
69.0023
431.44
554.918
793.817
24.0181
668.05
706.015
259.651
363.109
958.342
359.813
382.458
767.449
351.054
593.219
762.23
445.265
696.463
930.082
102.939
956.816
796.838
14.9541
817.408
525.407
97.9034
663.32
500.656
741.173
202.857
445.173
804.376
63.6311
989.441
458.235
742.637
29.4198
612.049
446.669
960.417
571.032
169.988
921.781
996.582
353.618
322.703
440.87
72.0847
535.203
633.595
700.858
434.736
857.265
923.826
602.161
791.986
471.358
416.791
939.787
862.728
408.612
955.199
877.59
579.791
97.8423
71.3828
861.934
973.54
838.923
192.572
131.199
268.929
637.165
762.139
477.035
226.325
305.704
557.909
413.862
257.881
241.462
989.349
413.038
350.475
781.152
654.256
357.463
326.609
543.687
936.552
873.287
474.38
665.212
926.267
694.693
77.8832
332.957
443.159
718.375
879.36
524.003
445.082
903.439
3.84533
355.663
602.161
673.36
378.613
953.093
318.613
976.348
177.282
241.066
982.727
659.658
321.146
565.661
726.707
315.348
568.072
552.232
477.767
252.174
220.588
105.991
581.194
751.305
984.588
961.608
776.94
261.238
9.15555
687.551
811.182
688.375
640.095
551.988
463.79
439.711
916.623
156.316
273.08
373.577
344.218
242.225
738.945
314.982
973.968
579.211
285.897
291.421
319.315
338.023
767.296
146.001
142.674
857.173
791.314
683.37
641.835
207.648
650.99
5.37126
68.3004
463.485
138.737
192.328
308.695
82.8272
26.9173
986.267
459.639
307.26
495.743
632.282
928.861
984.497
289.499
534.501
92.3185
721.427
882.9
882.687
39.5825
773.431
438.093
905.667
438.093
576.159
834.193
908.139
47.9141
326.273
550.005
746.971
918.363
517.197
681.967
902.89
797.021
836.177
877.804
804.498
783.38
329.02
467.299
560.228
757.591
238.533
572.161
754.997
615.986
423.231
474.96
467.208
844.386
761.986
29.5419
163.121
460.585
451.735
393.658
624.104
857.448
603.809
864.834
563.372
577.105
45.1369
101.23
88.7783
548.662
731.132
508.744
667.074
819.697
675.924
74.7398
746.605
313.089
806.452
430.921
694.51
640.828
646.779
425.611
204.505
505.356
238.472
987.243
831.843
720.237
203.864
559.862
810.968
381.146
357.891
892.575
813.288
218.604
775.14
463.21
800.134
663.503
718.192
318.522
628.01
656.697
333.567
611.286
561.724
734.275
521.439
616.016
352.245
419.111
885.464
504.624
35.2184
450.575
168.981
662.862
106.265
883.267
83.7428
829.096
229.713
586.108
937.407
836.634
136.509
173.223
966.216
240.791
868.221
897.61
779.046
612.049
22.4616
538.804
818.812
776.36
157.17
816.309
247.993
783.929
8.75881
359.233
163.976
888.058
681.295
764.214
550.859
314.554
462.355
772.149
873.867
103.946
422.62
95.5535
722.465
806.604
454.299
927.549
408.643
313.089
905.545
663.381
926.603
600.513
466.903
866.695
179.724
675.68
465.896
10.5899
881.924
497.421
225.867
25.9102
38.2092
158.116
645.863
186.743
412.641
106.601
657.125
365.673
887.967
693.258
713.187
189.123
124.424
818.354
968.963
124.332
423.963
965.575
305.918
29.3588
205.023
401.318
859.066
197.15
995.727
821.253
201.941
424.848
350.139
225.471
846.553
140.08
595.325
303.385
213.324
114.902
814.142
109.592
728.904
798.883
970.946
312.113
206.061
802.545
585.986
794.031
164.159
562.7
864.986
889.859
244.453
720.481
689.84
38.1481
377.85
243.355
377.3
131.23
860.714
822.932
610.95
343.333
995.025
578.997
453.719
718.619
449.446
601.733
846.431
300.302
997.284
362.957
499.1
81.8812
787.347
527.848
580.981
561.968
804.834
197.974
115.665
183.782
677.389
117.771
487.686
440.992
483.505
874.752
966.399
930.174
718.772
625.05
653.89
132.511
76.8456
376.019
763.085
204.84
201.117
356.365
631.825
561.785
63.0512
505.509
379.864
530.107
124.149
613.361
614.521
856.807
937.04
141.697
91.3724
351.604
342.296
258.644
736.503
445.936
917.478
116.855
936.033
948.698
834.01
907.59
499.649
780.755
778.832
720.908
204.26
969.359
96.469
744.346
323.862
683.37
808.374
830.226
51.9425
590.655
665.09
963.591
222.968
319.376
888.241
661.733
238.594
303.69
757.988
836.695
605.487
795.495
702.445
151.677
990.6
323.771
45.5031
403.211
200.232
382
68.9108
959.593
989.471
625.66
544.969
787.378
107.364
360.546
396.496
97.1099
485.366
603.595
639.821
139.348
974.059
496.872
267.037
182.104
535.142
356.639
224.433
201.697
295.053
138.31
142.369
317.27
365.642
598.651
973.724
500.87
838.954
936.552
196.417
594.256
862.117
193.487
737.266
163.427
198.462
195.196
272.042
222.48
181.31
315.287
59.2975
357.677
466.506
842.647
963.378
283.181
490.036
233.406
823.054
359.844
36.9274
29.3283
822.535
108.036
828.089
722.8
20.1117
245.705
530.259
350.871
691.824
283.334
96.8047
98.9715
645.283
206.763
844.386
695.395
160.833
278.817
172.246
878.323
715.873
491.867
330.576
716.239
148.32
701.498
143.529
63.1123
416.303
973.479
94.058
929.746
609.272
174.596
675.954
51.8815
367.656
339.122
419.904
437.727
366.955
841.609
499.496
174.291
22.2175
907.834
323.71
275.369
69.9789
494.888
21.9123
851.497
182.928
71.4438
227.577
383.587
274.331
329.875
67.1712
381.207
648.03
361.156
760.613
206.915
650.349
323.893
738.639
347.911
980.468
138.798
684.896
916.135
314.768
239.906
407.331
658.04
402.478
913.358
946.318
255.715
287.759
255.654
825.282
199.927
815.271
282.205
850.154
16.7852
75.0145
217.414
363.811
129.276
943.266
497.787
361.98
134.617
374.737
518.998
376.72
779.107
603.809
658.681
533.525
411.267
909.574
605.518
688.711
194.922
101.749
526.322
53.1938
863.247
383.801
102.42
208.533
294.961
748.833
966.247
922.178
694.235
565.294
569.445
667.379
655.263
508.286
14.4047
254.921
892.758
492.599
879.33
482.04
919.889
764.397
568.896
205.206
454.665
806.848
221.839
743.309
836.024
216.926
705.985
16.6936
230.995
208.869
732.719
329.203
914.182
900.876
621.754
198.767
400.525
41.2915
747.52
143.223
713.279
330.668
198.431
827.387
567.461
995.453
680.502
477.706
750.969
770.013
195.868
970.824
484.054
943.388
528.581
502.029
38.5754
626.24
67.7816
240.364
398.297
895.138
0.244148
875.973
241.371
969.878
403.333
466.323
26.5206
80.3858
269.448
487.869
463.759
179.205
993.5
498.489
151.219
155.889
354.411
318.033
659.352
709.83
522.263
132.237
843.471
537.217
121.708
427.015
666.128
989.044
883.48
159.032
310.678
855.831
915.098
68.7582
866.726
435.56
121.769
542.467
369.396
541.246
809.32
929.075
473.342
603.961
999.329
718.741
542.711
528.001
489.181
488.662
438.215
454.176
187.017
22.7668
783.105
87.5576
753.41
511.704
988.495
746.055
81.0266
238.777
820.002
785.607
643.422
658.895
786.493
558.977
244.118
276.04
132.42
563.768
197.424
225.867
714.957
936.216
472.121
969.817
546.831
946.928
829.249
6.37837
287.027
654.653
485.275
6.9277
459.456
375.011
332.102
280.709
681.6
119.175
244.667
976.897
684.225
660.268
507.828
928.8
403.272
382.275
893.674
547.227
925.321
569.048
420.392
668.6
567.675
288.522
324.229
764.611
874.813
529.069
275.155
419.355
811.548
744.163
368.45
480.483
935.331
461.257
922.544
790.002
827.815
111.606
614.887
901.944
567.766
736.869
987.03
692.16
525.956
728.996
849.91
267.342
263.894
259.529
621.021
78.7072
816.98
554.674
124.21
647.328
144.017
672.231
883.877
806.909
23.6518
936.796
444.227
870.388
179.632
689.383
745.628
626.698
915.616
507.767
88.3511
573.717
41.0779
553.789
716.025
293.985
369.579
203.864
548.662
379.07
570.269
618.854
98.3306
809.076
654.5
409.742
96.9573
193.426
878.201
55.2995
868.496
779.595
341.624
227.882
976.501
634.907
67.6595
683.584
178.533
909.207
839.808
873.318
218.146
583.331
581.072
930.601
486.068
610.523
555.498
192.846
81.9727
856.258
172.826
911.863
307.749
743.645
678.091
309.977
123.569
9.61333
507.218
638.539
598.376
479.293
589.892
394.086
885.464
263.527
380.932
349.437
754.814
287.149
901.395
555.162
213.416
553.056
570.727
968.108
244.728
49.1653
111.301
863.247
198.157
704.062
306.192
684.744
860.775
297.739
891.964
492.996
741.417
733.818
367.321
663.35
599.231
579.089
999.207
993.255
747.49
277.047
807.123
873.714
164.037
941.527
807.642
681.509
939.695
136.479
299.387
48.3718
95.706
548.692
470.84
163.427
301.737
958.8
111.24
764.885
525.224
417.89
706.503
977.538
144.017
35.1878
700.919
652.455
552.873
283.334
206.458
364.452
795.282
227.424
940.306
724.387
252.235
584.429
672.079
161.748
918.668
18.4332
962.615
834.803
299.051
579.058
474.166
823.267
453.475
688.131
635.09
260.903
225.196
581.896
938.322
563.677
181.341
614.216
656.697
409.803
297.464
327.616
254.952
628.132
917.753
697.958
280.618
650.746
21.5461
459.273
14.4963
686.605
328.318
914.975
662.16
271.92
271.004
141.484
367.656
353.648
370.434
990.967
831.08
562.731
41.0169
798.791
810.358
832.728
359.416
202.551
289.529
20.6
827.418
978.82
594.073
685.812
660.024
303.11
234.657
683.309
630.512
340.739
760.949
727.989
2.89926
573.382
406.11
585.559
584.094
768.456
803.888
46.8459
425.916
997.406
558.824
341.472
209.235
608.814
951.75
147.191
840.632
563.189
560.686
851.375
293.313
34.9742
79.5618
220.374
223.579
688.65
115.116
133.824
393.719
534.715
243.629
539.018
432.875
772.24
108.798
282.785
967.071
523.667
841.67
976.379
649.464
868.77
584.246
549.547
122.684
83.4986
397.9
650.929
443.556
490.249
337.565
549.699
2.04474
825.495
973.449
696.005
466.048
531.571
141.026
595.355
782.189
878.384
201.147
154.149
764.977
321.36
590.777
151.982
304.88
2.07526
946.135
996.887
726.859
797.784
579.424
420.576
330.454
825.739
590.472
268.929
643.056
809.198
393.841
44.5875
416.791
210.883
943.815
357.952
901.364
540.117
437.574
942.137
423.078
740.135
778.253
389.111
802.21
61.8
578.814
262.673
638.874
329.966
988.556
744.438
0.0915555
8.24
122.745
469.466
537.858
969.42
377.331
707.541
570.269
376.751
409.436
546.312
156.896
583.087
65.1875
232.917
699.667
453.81
36.317
329.661
99.8566
19.5929
525.925
840.754
3.69274
865.932
706.015
965.728
166.509
164.739
246.559
636.28
467.574
755.333
698.843
492.355
606.464
179.907
12.6652
454.268
12.4821
80.7825
970.55
546.22
998.047
865.169
818.354
128.697
687.399
43.3668
874.966
194.739
752.251
147.74
401.502
887.295
485.061
637.257
511.643
893.216
241.585
695.181
404.035
870.846
783.746
325.419
698.538
566.668
554.094
653.737
156.835
777.947
413.373
840.602
569.597
817.103
872.066
511.429
90.1212
634.48
347.179
110.843
797.51
255.409
476.119
86.6726
768.487
688.131
17.9144
310.587
441.267
958.464
374.096
641.224
551.012
427.87
259.407
36.0729
418.958
50.9659
554.796
118.625
876.553
728.599
872.768
606.494
605.243
412.854
867.122
507.523
173.833
120.548
818.018
489.486
554.186
510.88
523.759
329.814
396.619
183.905
30.3354
852.016
846.736
355.998
230.262
254.067
183.813
68.3615
861.629
236.274
63.509
585.223
938.932
833.705
644.673
137.516
146.733
360.271
382.488
668.691
227.546
370.281
768.914
738.548
894.986
43.733
801.508
241.707
303.537
901.883
461.989
96.6216
606.494
258.858
986.053
561.754
632.649
316.233
205.054
334.574
213.691
306.04
741.813
90.5484
193.03
589.19
340.342
617.328
647.664
114.811
112.43
201.086
354.045
147.771
981.079
421.339
29.5114
669.393
102.206
9.61333
380.2
358.684
546.831
929.441
486.862
559.648
23.4993
332.743
559.984
141.392
923.612
550.005
595.141
656.85
469.68
769.372
959.99
706.626
248.97
561.724
444.166
914.335
912.595
907.773
803.491
419.355
322.245
883.053
329.325
293.435
925.321
657.704
474.654
787.439
639.668
966.735
68.1784
814.264
29.6945
707.327
147.282
574.572
54.4755
819.33
941.801
731.254
169.286
105.228
38.7585
38.7585
62.1967
145.787
261.055
834.254
806.574
967.65
288.98
295.633
710.685
619.007
558.275
874.172
646.016
310.16
464.156
806.543
135.258
274.178
403.424
113.681
981.475
5.03555
685.842
991.943
719.077
28.5653
845.637
3.11289
668.996
863.155
384.808
969.756
877.987
325.877
479.476
981.292
724.357
840.938
679.952
418.47
470.84
905.85
136.57
401.013
545.854
372.509
382.092
565.661
834.712
698.752
201.819
580.279
761.803
826.777
623.127
300.974
444.96
844.966
554.949
977.66
703.391
89.1751
109.592
414.747
200.385
839.503
136.723
493.332
502.091
269.082
1.95318
960.936
333.384
801.416
140.599
894.803
812.525
531.571
418.195
745.689
945.219
868.587
828.913
367.595
160.039
54.5366
562.883
940.458
165.96
717.002
974.364
191.168
913.358
110.721
481.002
820.338
939.879
205.39
926.511
539.628
882.229
274.819
436.964
627.369
435.347
144.81
303.049
407.483
540.086
755.333
918.424
558.763
80.3247
193.091
306.314
660.482
871.761
851.741
265.145
880.276
222.175
874.416
664.571
211.31
846.034
536.485
923.093
164.281
413.038
723.716
198.553
320.566
513.413
162.084
323.069
653.371
319.926
556.475
12.8178
22.309
728.721
293.039
384.93
748.375
259.835
863.033
312.052
674.947
498.703
662.893
646.199
621.693
359.966
328.135
842.708
636.982
954.772
256.294
16.1443
955.687
342.845
475.692
959.105
67.8732
950.652
516.099
154.668
805.811
936.583
437.91
315.073
853.816
284.951
675.253
476.18
589.068
909.757
850.215
180.395
658.315
548.967
213.843
778.527
197.15
731.895
870.51
381.97
98.2391
599.2
441.328
496.78
234.718
858.455
323.862
870.388
44.496
655.049
203.314
582.415
382.763
640.98
972.045
911.283
47.7004
21.5155
713.706
6.89718
886.868
862.331
907.865
901.791
889.218
436.872
511.734
890.866
170.385
896.786
74.9229
811.975
256.539
45.1674
543.962
257.79
572.985
495.163
912.107
251.015
544.603
994.11
371.41
413.129
213.569
195.105
122.959
159.001
781.06
657.46
501.419
948.027
978.851
356.12
570.421
122.959
677.358
482.955
844.813
368.267
636.433
819.727
296.182
318.43
804.498
464.827
297.861
348.277
73.2444
194.708
665.395
75.9301
893.612
241.401
449.355
610.034
658.834
767.235
636.036
72.2373
262.032
817.927
412.671
426.71
733.421
35.8898
153.508
146.886
363.903
914.029
782.678
751.976
221.412
872.097
670.248
743.492
465.926
936.522
717.887
973.571
369.579
304.971
790.063
976.196
448.256
576.983
147.374
292.428
610.431
931.761
37.8735
321.146
730.216
34.4554
102.969
726.463
550.279
952.696
754.143
932.798
321.116
863.155
176.183
739.494
82.8272
831.446
114.322
585.345
996.002
444.868
100.162
495.193
627.247
580.126
273.629
239.143
596.423
86.9778
456.893
736.015
491.379
669.393
636.341
232.124
456.282
744.865
509.14
286.905
360.332
563.768
250.374
96.1638
952.574
369.61
157.384
184.576
909.452
881.649
326.945
998.596
181.066
880.764
22.1259
431.013
542.741
180.486
884.976
808.405
757.378
763.817
650.655
372.6
256.111
367.138
520.554
787.835
742.302
293.039
849.116
704.093
625.721
732.658
301.737
908.78
693.075
378.979
139.653
97.232
921.201
612.751
787.835
794
838.832
41.261
342.448
455.061
343.852
672.811
174.017
283.792
381.481
506.18
282.571
790.429
390.149
818.201
560.869
627.216
921.506
929.289
622.181
730.125
339.854
729.118
348.857
298.502
8.69778
743.095
817.56
643.788
869.289
21.0883
757.988
438.612
818.079
629.841
200.934
397.687
789.666
29.9387
472.152
921.445
950.468
118.992
187.841
733.787
910.428
221.992
408.856
45.381
358.348
810.053
608.905
273.476
27.3751
229.163
613.666
849.666
396.771
219.947
166.845
146.641
36.195
509.293
279.58
55.6963
998.993
256.02
18.7994
245.46
170.415
631.062
891.903
633.717
977.264
313.486
482.986
103.336
364.94
184.271
497.452
993.835
448.653
998.138
870.998
398.877
744.255
315.134
99.2767
802.698
385.846
473.891
444.716
84.6278
235.664
886.196
176.153
424.879
292.917
435.713
498.398
141.209
307.657
261.513
327.067
989.196
6.01215
707.053
565.661
956.023
833.094
717.032
40.7117
80.1111
619.373
462.477
751.518
327.25
77.5781
475.539
590.228
54.3229
535.722
75.4723
189.428
92.7458
812.677
366.832
52.4613
981.872
642.506
591.052
623.402
383.984
554.155
112.98
452.681
212.714
612.293
823.359
114.811
504.898
925.504
238.411
34.0281
568.285
328.745
78.341
874.722
435.774
145.787
605.09
652.12
157.537
437.483
501.48
220.588
962.279
643.391
572.588
294.443
818.72
21.5766
50.3555
658.681
429.151
794
783.41
725.089
185.43
402.631
92.349
90.6705
119.388
783.929
572.954
254.006
378.399
66.3472
627.247
146.062
257.942
598.529
4.85244
631.886
321.604
713.462
135.014
639.027
640.645
135.319
531.053
69.3686
683.737
435.347
48.2803
150.334
888.241
442.396
276.864
381.756
444.685
15.0456
850.215
734.703
325.114
81.5149
951.323
258.492
86.9472
352.886
796.93
752.434
483.413
616.718
382.122
657.704
411.939
17.1514
265.328
826.807
231.697
227.21
676.046
325.694
981.445
920.164
725.73
925.871
529.069
445.906
3.7843
441.572
184.057
118.748
339.396
569.567
803.98
22.6447
10.4373
386.608
926.572
740.349
181.372
161.748
958.159
912.534
850.398
639.027
950.316
33.4178
88.0154
447.249
995.422
388.989
847.652
793.207
772.668
543.596
129.734
93.8139
275.735
282.327
780.847
704.55
253.395
414.167
708.548
399.243
394.086
342.906
793.603
758.751
786.157
812.006
280.801
123.325
684.317
729.331
929.472
266.457
114.628
478.347
704.886
444.96
348.033
621.876
292.215
982.849
774.407
404.584
213.721
44.1298
208.563
960.692
830.927
751.946
158.818
632.923
12.6041
308.939
89.8465
309.091
750.237
276.437
210.852
182.348
501.755
667.684
820.429
841.823
545.335
11.9633
739.25
99.2157
123.936
45.7778
862.087
458.357
662.313
186.834
359.966
633.229
837.306
447.951
564.104
21.2714
783.197
946.379
62.685
538.041
212.775
665.151
41.9019
719.321
736.045
622.608
402.173
497.147
156.926
106.54
681.112
555.864
30.3049
128.758
314.554
674.612
259.56
756.767
266.335
962.188
16.8157
478.713
558.916
390.912
766.35
257.637
735.191
535.6
672.994
431.593
783.624
923.673
176.458
115.482
557.146
902.951
12.9704
261.361
217.689
433.363
465.377
32.96
737.358
708.67
122.868
651.204
987.304
14.3132
932.279
366.222
445.784
728.294
820.795
713.187
57.0086
870.296
672.964
706.87
270.913
106.449
942.045
132.664
796.442
615.253
677.389
588.977
98.6358
720.573
249.306
438.032
171.361
699.332
552.263
321.207
616.352
668.63
967.864
394.971
560.442
959.441
868.892
943.815
441.725
882.87
945.585
526.231
196.295
295.175
135.533
310.495
876.553
867.916
438.185
755.913
232.215
469.466
395.428
295.816
285.836
564.013
519.456
179.266
433.363
34.4249
449.141
126.804
101.535
335.368
116.245
957.06
493.24
382.244
702.414
840.266
451.613
83.4376
668.752
335.093
975.097
920.743
638.661
864.742
413.709
485.214
415.632
788.842
878.384
374.248
916.807
727.439
894.375
356.395
304.117
292.886
830.103
209.54
93.7529
886.502
132.633
139.805
525.315
715.567
901.151
186.346
972.228
687.735
829.218
518.723
674.184
338.267
47.9141
33.3262
573.26
446.883
900.235
154.851
534.715
500.259
178.472
248.848
733.94
656.575
856.105
552.049
490.31
368.053
844.203
26.5816
330.088
318.278
805.567
44.1603
558.611
829.92
555.925
306.528
123.814
399.487
84.5668
908.658
51.8815
515.488
725.547
950.652
236.366
415.632
510.117
604.724
862.178
940.275
232.398
43.6415
245.491
137.15
259.133
136.57
371.197
775.109
614.612
318.827
908.383
421.491
372.539
541.765
985.9
240.822
885.525
708.884
509.079
170.171
883.969
504.501
298.288
627.735
975.066
21.4545
831.446
410.901
573.748
93.7529
870.815
940.092
796.258
740.349
756.432
504.379
347.911
626.82
646.26
665.609
936.552
950.804
485.092
476.577
241.981
657.338
983.215
670.217
974.181
390.667
385.998
475.6
49.8062
88.6563
315.958
217.261
419.721
625.996
468.032
353.771
577.685
412.305
439.833
112.278
282.357
351.878
477.92
374.737
523.087
70.864
421.216
972.503
261.33
818.232
623.035
45.3505
978.637
946.745
132.786
621.235
562.365
380.505
918.912
72.8172
560.961
974.975
413.709
607.532
339.061
175.573
162.023
446.699
164.739
881.863
854.64
850.734
759.331
922.483
527.39
645.924
341.472
48.0972
208.014
409.833
696.677
848.109
791.162
970.824
303.354
497.116
423.2
378.307
46.8154
738.182
178.35
0.183111
552.385
8.24
306.619
903.287
668.905
112.827
835.597
173.284
134.007
355.174
806.848
330.363
952.025
527.512
928.526
496.872
516.221
669.088
924.894
473.006
6.50044
998.718
364.696
377.239
93.4477
926.939
249.214
7.11081
480.514
554.765
141.148
577.258
315.348
564.867
116.031
990.539
1.25126
911.649
316.996
298.41
440.779
216.376
394.391
507.584
241.523
273.69
611.225
387.799
916.776
575.64
896.268
438.612
610.981
259.499
625.172
670.156
382.305
385.815
411.817
354.595
572.71
952.574
690.359
404.889
297.342
552.202
369.579
536.454
584.46
77.1203
340.983
868.282
196.631
380.688
121.403
119.846
665.242
299.02
411.725
60.152
568.682
940.947
852.901
364.513
586.535
651.296
760.338
536.271
359.63
554.674
118.351
48.8907
688.833
85.1466
615.253
365.184
102.145
408.979
1.00711
989.624
323.008
145.695
548.326
210.211
669.424
294.626
898.312
686.056
916.715
772.607
72.4204
536.668
653.92
469.222
931.73
89.816
665.792
226.02
864.193
943.693
371.38
645.65
982.299
499.466
850.642
137.364
611.438
621.418
489.822
105.197
350.536
579.699
777.703
684.957
486.19
932.92
283.181
936.033
41.7188
506.149
345.836
894.955
242.042
121.25
510.544
396.191
675.985
234.931
237.648
66.9881
936.918
141.606
919.767
402.203
23.4077
896.97
736.106
325.236
280.679
618.183
376.507
142.094
164.373
317.667
165.563
293.771
607.929
926.237
618.274
813.868
274.545
661.519
958.708
897.702
475.448
399.152
632.984
488.632
35.0658
201.392
347.362
288.705
885.067
660.604
663.167
98.9105
667.776
213.294
679.434
896.115
131.077
81.3013
834.834
552.11
595.202
995.849
359.935
602.283
273.171
361.309
411.206
968.505
726.005
14.6489
417.646
43.7635
233.894
236.793
671.834
44.6181
364.788
172.094
696.31
36.8664
521.348
312.387
416.364
541.795
747.612
201.697
671.163
128.483
576.891
17.8838
93.4782
898.984
201.788
187.628
890.347
271.859
747.795
690.573
554.857
971.374
931.394
209.387
41.2915
627.43
884.762
781.945
434.034
893.582
427.076
111.179
642.109
488.54
564.806
190.008
150.243
67.9037
501.48
396.527
357.952
332.255
938.719
716.3
537.492
277.627
949.309
247.81
942.564
995.148
203.864
647.633
98.3001
925.321
832.423
670.766
804.498
974.09
701.743
463.454
882.687
396.039
390.088
763.97
198.706
851.924
640.614
667.745
992.065
545.701
574.145
113.498
42.8175
848.445
443.342
746.025
708.121
314.341
208.991
312.357
358.592
495.987
719.81
247.383
246.803
464.37
776.971
605.06
338.359
440.382
864.772
991.638
137.15
443.861
828.364
657.094
36.2865
366.527
280.313
401.105
225.196
374.828
16.6021
449.507
685.018
49.3484
223.792
957.976
302.866
166.57
758.507
298.502
636.83
529.557
280.221
786.004
362.011
753.838
519.211
999.847
930.235
414.319
460.005
357.83
473.128
460.158
722.587
98.3612
481.246
303.11
921.69
326.823
289.377
486.221
286.203
282.754
899.96
338.603
319.437
484.146
175.512
523.026
781.64
904.752
931.73
882.199
775.994
840.876
961.73
490.158
219.52
623.89
523.698
315.043
479.934
834.864
322.459
399.243
459.67
176.977
516.282
963.713
908.628
662.954
780.602
341.99
246.406
272.652
959.441
150.945
675.832
737.968
336.07
603.656
868.526
610.797
54.0788
371.532
4.18104
270.577
719.962
901.242
444.563
27.253
718.65
593.036
823.206
976.592
273.263
746.757
832.911
763.268
780.267
681.539
491.47
908.78
450.972
935.606
166.997
859.859
791.375
952.483
144.688
413.953
950.774
159.703
15.4424
677.694
470.992
846.461
668.264
215.064
467.086
746.025
167.211
541.307
771.172
729.942
294.717
618.274
69.9789
519.486
41.6883
508.805
568.377
821.1
826.655
844.752
208.991
791.65
724.052
266.305
980.041
240.486
484.176
487.93
342.143
473.678
625.08
147.588
305.673
187.078
377.758
95.4924
189.673
314.829
766.686
278.481
593.585
238.716
605.701
876.37
613.208
265.572
691.824
846.461
832.057
778.13
976.959
532.701
119.358
966.094
999.756
495.193
765.893
543.596
358.531
217.017
988.952
359.233
506.149
844.05
337.718
304.788
648.579
614.246
30.549
429.182
28.2907
132.633
754.54
663.594
373.577
148.534
959.838
64.3635
795.19
990.387
178.93
979.675
911.313
315.592
403.027
46.0219
482.711
330.912
45.6557
421.552
338.359
139.531
526.17
161.382
873.836
371.776
2.92978
142.216
902.86
754.906
288.797
441.847
143.742
778.863
478.896
579.943
122.044
113.773
322.977
526.444
770.013
935.911
872.982
883.969
505.051
817.774
437.147
149.937
67.629
339.152
372.326
465.468
900.449
75.045
745.079
756.371
349.437
116.733
393.323
673.269
468.917
782.434
419.691
236.915
710.959
673.36
647.725
594.47
280.984
732.292
72.0237
793.664
440.748
459.639
834.284
980.499
539.598
944.7
755.242
927.488
55.6047
866.848
955.168
297.647
427.808
124.393
593.219
551.561
960.54
246.223
257.149
903.012
581.408
242.927
34.8216
229.621
734.031
53.7431
798.364
345.164
186.621
245.491
732.688
539.079
38.1481
119.449
639.302
790.033
702.75
883.145
46.9069
559.496
153.874
42.1155
659.566
571.642
209.784
669.668
174.291
485.794
140.965
708.701
999.054
867.855
381.207
963.805
902.066
366.497
623.371
938.841
124.454
501.144
81.3623
176.122
986.755
967.101
199.164
254.494
520.707
864.589
588.458
101.077
158.177
758.202
475.997
774.468
7.29392
972.259
441.969
374.157
748.375
28.9621
730.888
233.833
679.739
635.395
915.433
53.6821
945.433
125.34
195.654
128.574
475.845
762.932
113.895
328.135
672.384
813.257
967.04
985.076
367.412
787.378
697.012
347.88
91.1893
766.961
541.673
754.509
176.366
215.583
226.112
182.47
731.681
182.348
976.531
332.713
16.2358
304.544
137.394
902.524
245.247
515.183
673.788
204.382
358.623
862.148
339.183
786.737
783.99
344.432
791.162
212.775
724.601
172.887
434.858
654.012
4.4557
360.454
276.986
454.207
0.946074
48.8907
570.33
320.475
696.738
478.378
530.534
297.525
381.909
5.40178
906.796
181.372
38.0871
76.3268
686.88
528.764
935.179
561.724
718.375
918.363
472.182
358.715
527.268
620.533
793.634
666.952
114.75
331.217
212.622
844.6
14.2216
126.682
971.618
250.801
388.867
295.175
372.295
980.804
451.735
201.758
806.269
899.411
989.471
842.708
716.819
880.276
270.333
245.491
24.0486
655.904
118.9
370.739
43.8246
185.492
437.33
672.445
432.234
946.532
955.718
972.564
186.651
56.5203
491.867
806.452
234.962
631.123
502.304
894.955
643.361
284.524
205.237
900.174
975.066
179.083
57.4969
120.121
830.5
529.801
865.871
279.641
100.162
970.122
314.432
72.7866
962.127
685.293
189.581
613.819
154.271
719.84
82.9493
452.284
553.758
364.696
854.732
309.061
594.073
30.8847
637.44
189.367
551.195
515.854
662.374
28.6874
230.384
68.392
689.352
528.52
84.3532
158.971
321.299
337.504
294.565
361.003
984.954
234.779
846.4
249.977
858.486
471.328
129.948
726.432
528.001
925.901
97.354
668.722
653.829
231.544
508.133
322.428
427.351
529.252
293.313
332.194
100.681
4.60829
570.513
822.474
369.518
864.04
340.098
433.088
890.866
906.644
394.665
716.575
716.605
348.094
472.304
802.698
924.711
52.7665
185.644
737.053
228.584
830.164
757.195
399.487
846.4
952.025
92.6237
409.284
411.328
546.709
223.487
922.33
204.047
26.3985
649.983
727.622
488.968
204.047
615.497
548.601
234.87
255.806
844.02
955.962
1.77007
185.492
771.752
797.723
275.246
947.356
804.102
553.636
28.6569
883.114
629.139
519.242
796.014
629.933
119.266
226.295
34.9132
155.004
851.741
6.16474
62.5629
73.7938
779.595
101.505
344.798
907.285
84.5668
233.375
420.026
435.102
742.485
29.603
239.235
800.897
832.85
220.679
203.284
525.346
124.119
9.52177
678.549
84.0175
965.484
521.287
272.439
205.939
16.0527
739.555
649.953
548.814
844.264
834.986
172.552
907.804
926.389
293.008
140.324
613.514
77.7001
746.422
919.218
275.796
846.156
919.248
733.909
529.527
899.96
588.458
408.368
938.414
940.977
969.207
834.712
713.401
174.566
430.372
451.674
401.959
867.244
946.318
514.481
203.894
23.5908
191.198
436.598
70.6198
713.645
682.272
985.26
243.965
81.4539
878.018
611.591
390.484
567.431
637.776
696.89
987.854
373.73
949.095
996.124
119.327
706.015
328.379
59.8163
333.018
821.192
802.362
916.044
721.213
413.251
875.179
792.84
877.377
368.542
388.562
163.549
885.769
420.881
680.624
895.413
0.976592
738.67
949.675
782.556
172.887
974.883
229.408
245.674
73.5191
811.09
881.924
478.53
782.342
526.933
14.069
822.993
785.913
626.209
724.387
654.012
448.073
50.8438
585.925
555.498
607.501
14.069
272.042
68.4835
457.93
983.947
730.735
792.871
368.267
848.384
814.173
123.722
798.151
793.359
769.585
403.943
965.575
925.138
497.574
773.827
422.712
167.638
984.588
499.405
196.265
466.903
814.905
60.3961
648.244
833.033
169.652
779.351
713.95
251.473
217.841
272.774
673.177
994.842
306.467
506.058
110.66
365.886
855.617
733.085
222.449
403.974
364.94
101.627
124.119
585.253
437.91
206.458
317.087
48.2803
229.316
370.525
969.726
376.659
223.548
936.247
168.615
468.947
748.68
347.392
797.51
528.245
133.457
303.934
198.645
701.865
912.961
769.616
274.3
402.814
989.227
114.689
183.447
844.111
153.508
174.902
290.689
817.072
876.003
507.157
523.331
245.308
769.127
624.165
792.962
545.213
631.245
488.754
637.41
324.137
476.547
48.9822
740.257
448.103
457.625
95.8586
482.925
9.52177
86.52
224.311
186.621
226.966
661.519
178.991
199.866
807.337
304.422
366.192
487.96
802.484
516.19
812.86
880.581
491.379
655.934
354.259
634.022
318.491
250.099
331.492
464.034
420.331
538.102
579.638
705.527
771.111
160.253
988.647
755.699
478.713
394.91
417.371
456.252
262.429
850.337
242.653
571.825
643.483
18.0975
324.168
19.8675
879.635
594.073
666.768
9.09452
175.39
973.052
561.113
742.149
198.706
823.634
484.268
839.137
435.499
149.358
541.215
137.913
413.495
742.607
728.599
27.9244
326.365
436.872
802.118
973.083
89.5108
64.6382
28.5348
380.566
358.684
526.292
603.809
471.664
542.894
876.522
18.3721
310.587
342.54
834.956
151.158
647.908
844.295
626.362
373.058
734.642
703.848
557.695
441.694
763.237
447.798
237.159
468.307
91.8607
425.825
842.647
738.182
908.231
444.777
344.829
665.822
488.662
615.314
91.8607
666.25
709.769
442.915
661.611
223.395
967.895
694.205
387.371
937.193
163.06
69.9484
464.309
830.164
903.745
215.888
41.5967
695.456
588.549
102.725
207.587
766.625
521.043
306.619
273.507
491.379
714.103
221.046
262.307
689.871
539.903
731.956
9.064
878.933
881.924
386.547
778.68
43.7635
945.128
588.092
807.337
638.142
380.596
846.644
674.581
94.0886
880.886
618.336
910.978
623.005
902.249
763.39
748.955
588.641
670.156
154.546
422.132
233.924
124.332
467.452
919.95
42.3597
959.319
683.462
603.351
515.549
417.005
336.985
588.305
647.755
987.609
38.0566
303.11
879.33
674.795
301.523
125.553
809.656
981.689
214.148
506.79
451.155
273.812
970.946
487.381
305.643
675.192
811.64
12.3905
44.0992
153.844
389.203
951.75
71.1997
953.246
100.894
231.33
756.035
25.2998
413.556
982.421
609.76
621.998
714.347
114.17
192.175
701.163
718.101
216.956
27.8024
303.11
962.615
201.422
312.998
554.186
422.926
580.37
695.334
453.383
776.208
799.463
906.613
98.7884
347.972
522.996
530.564
509.232
271.676
281.014
686.544
698.233
891.934
383.984
910.52
156.102
943.297
511.277
14.4963
396.466
535.997
879.696
205.908
723.319
479.141
398.45
247.81
875.362
973.144
716.666
941.435
703.238
202.734
569.628
712.241
536.515
861.568
330.18
580.798
396.039
139.378
171.545
299.539
708.518
203.925
747.49
937.01
679.128
707.633
796.442
690.237
978.79
351.238
575.854
207.434
901.761
35.4625
532.64
201.147
650.716
631.52
116.214
634.083
904.508
902.097
140.568
258.126
325.663
603.992
601.184
788.568
163.732
303.873
353.404
493.698
610.065
937.803
558.397
482.406
61.3422
646.229
302.866
469.649
947.295
915.983
298.898
302.164
279.061
559.618
70.04
24.8421
574.786
564.409
530.259
769.616
318.094
341.227
361.156
247.688
606.189
405.622
94.9431
126.743
143.62
21.2409
308.237
73.9158
238.136
837.825
833.674
746.208
954.436
54.2619
395.123
509.262
82.5526
138.646
573.473
166.143
77.1813
635.823
508.072
476.943
623.463
94.2412
241.218
750.603
986.328
643.544
111.515
290.506
799.158
253.029
101.81
974.578
448.286
203.833
549.028
751.457
709.189
804.682
121.311
334.117
791.162
883.206
468.947
871.761
446.333
83.9869
455.489
881.649
299.295
504.471
375.164
221.717
53.7736
699.85
62.8986
385.907
732.658
588.488
303.018
902.463
607.013
289.041
443.281
117.344
971.465
420.301
619.953
143.651
420.881
895.26
500.717
258.065
785.73
740.654
951.323
526.17
381.664
972.961
532.09
937.162
729.789
62.3798
231.239
829.768
404.096
16.1748
340.22
890.622
161.779
611.896
878.323
505.661
13.3671
812.738
472.121
746.788
388.195
895.444
96.408
774.255
52.1867
322.672
582.476
936.369
933.47
890.561
300.485
347.758
512.772
182.653
921.72
227.454
934.385
862.545
667.318
777.886
493.973
834.559
949.4
886.044
659.749
805.811
811.274
428.48
283.12
279.366
72.4204
460.768
154.851
510.361
585.162
73.1223
563.311
456.343
508.438
193.335
10.9561
253.029
5.95111
117.954
745.231
246.651
273.995
53.621
259.987
114.078
305.673
449.11
424.238
102.39
297.891
399.792
393.78
918.516
106.967
905.545
962.462
300.577
659.413
263.436
508.927
802.454
724.082
376.537
195.715
821.863
951.689
259.804
576.128
404.553
588.519
524.583
265.755
854.579
769.86
122.898
834.773
682.577
799.951
132.786
576.983
923.582
324.442
865.719
312.357
354.534
801.843
77.7001
878.719
644.185
179.662
565.203
469.253
965.27
182.379
926.878
472.152
101.108
116.55
772.698
968.078
577.776
600.116
161.565
542.405
852.382
121.433
548.845
568.133
89.6939
834.925
24.4453
615.528
558
499.069
123.844
145.177
174.657
963.53
992.096
140.538
234.23
110.935
182.714
835.871
848.72
660.512
872.829
196.478
132.298
738.701
775.201
307.077
661.611
624.042
529.221
324.412
242.225
572.161
851.161
150.761
513.474
126.621
225.898
484.451
421.979
822.901
420.606
403.302
95.9807
690.817
602.1
137.852
151.067
462.264
338.878
190.039
958.861
890.164
269.295
453.963
909.726
84.8415
716.819
494.827
201.209
274.789
33.9671
642.323
182.653
896.695
955.962
54.5976
788.11
422.407
745.201
409.589
87.9849
828.455
408.521
378.918
491.745
113.926
767.296
541.795
631.245
773.949
662.832
894.345
458.052
634.236
77.4865
611.042
584.063
953.246
453.23
214.148
397.992
198.096
988.617
807.886
988.311
400.891
195.41
532.853
404.035
500.87
496.658
898.068
284.86
579.455
146.428
145.512
391.461
394.208
253.578
304.727
67.568
117.496
189.947
92.5626
164.922
686.972
164.83
315.439
462.203
673.116
246.437
929.228
109.622
70.9861
612.079
414.106
130.131
921.995
308.145
619.861
508.042
171.728
300.821
738.121
897.549
670.858
99.4293
557.848
481.002
724.265
733.085
660.329
9.18607
95.706
361.95
709.799
554.308
873.806
305.033
496.078
7.23289
105.106
764.611
885.311
850.093
601.703
29.664
335.276
235.328
828.364
438.887
131.352
903.104
276.162
884.518
999.39
967.345
228.889
138.89
251.869
102.359
327.982
784.173
123.447
161.321
842.647
26.6732
452.284
757.347
51.3627
177.984
363.17
838.618
641.072
82.2169
109.073
789.422
529.74
272.866
726.92
87.3135
19.6234
138.646
664.235
48.4024
686.422
880.795
32.6853
691.702
911.069
542.375
644.856
253.822
460.524
891.415
490.28
385.632
23.4993
438.337
807.611
561.327
107.669
369.884
408.216
731.925
204.047
680.044
408.368
754.143
625.843
279.427
25.7576
625.874
926.756
364.757
596.698
59.4806
306.04
828.944
470.107
424.421
906.034
993.744
935.27
589.953
408.216
445.723
838.221
699.911
834.925
257.271
44.5265
409.894
961.882
373.18
403.882
619.068
248.482
444.929
372.326
226.875
692.038
893.307
949.919
946.867
511.887
480.667
88.1069
708.029
69.8874
174.505
224.982
675.497
933.775
583.026
102.817
421.522
488.693
744.255
525.834
278.176
4.60829
550.157
213.172
402.905
564.409
586.535
404.096
588.153
759.911
670.186
371.288
346.538
561.571
864.772
498.52
302.53
268.38
256.233
79.2261
422.04
944.06
269.356
491.897
111.209
245.552
806.604
908.567
715.598
50.8744
990.295
193.06
450.819
791.65
789.88
144.749
296.457
896.97
314.859
744.133
883.633
255.135
55.208
556.871
908.322
98.9105
850.337
952.208
101.291
220.985
867.428
291.94
285.714
925.779
371.502
746.666
554.064
623.798
567.034
894.711
95.4009
474.868
293.497
761.101
704.398
986.267
855.617
451.857
502.884
972.503
769.402
40.376
906.064
782.342
705.802
861.904
363.598
199.835
412.671
872.646
907.895
925.535
896.542
229.408
39.552
43.6415
645.253
746.33
982.818
382.244
173.193
384.686
840.602
172.002
669.79
432.264
681.722
910.062
32.7158
528.306
90.7926
835.2
67.4764
190.588
212.348
920.835
133.824
0.518815
820.093
791.406
20.8441
102.908
443.19
469.222
332.072
176.061
80.2637
357.494
161.168
529.283
532.456
365.886
340.159
483.291
886.868
584.979
41.1695
690.207
181.86
415.723
12.8788
549.089
785.089
560.472
232.917
373.669
515.641
781.182
257.546
468.123
41.6272
831.751
50.1114
767.296
584.49
470.443
568.865
197.577
460.891
958.403
896.054
415.082
494.278
950.957
189.245
76.5099
826.289
187.597
236.122
299.844
160.131
887.417
894.04
470.565
966.826
255.043
195.532
49.8672
685.354
5.21867
401.41
541.276
448.5
310.465
781.915
271.218
365.154
78.8293
407.88
140.873
890.591
968.657
732.994
4.54726
315.744
44.8317
248.085
831.599
907.163
485.092
989.227
307.321
728.141
240.272
180.242
30.2133
673.36
56.8255
791.589
960.662
747.093
766.167
296.152
277.841
117.008
248.238
404.004
301.553
974.944
975.402
56.3982
634.144
734.855
541.795
461.226
179.785
600.665
86.3063
450.484
196.936
33.9671
13.7028
941.343
39.9792
153.661
920.988
781.976
746.941
598.315
135.044
763.451
128.666
882.717
768.212
78.7072
516.984
779.901
697.165
10.3763
826.289
759.758
372.143
127.964
86.7641
15.4118
862.667
776.391
104.099
109.043
45.3505
136.509
402.387
767.632
341.166
639.576
106.54
860.836
907.224
15.8391
920.713
91.4945
690.115
759.85
857.967
430.372
247.047
292.337
878.994
826.044
740.41
601.337
94.6379
221.809
12.6041
642.384
689.474
410.291
147.313
280.221
222.083
757.103
423.2
52.5529
458.876
325.053
66.3167
537.309
396.863
429.914
708.029
604.785
632.801
159.062
953.734
335.643
733.634
884.487
969.512
886.471
765.496
300.607
492.477
83.285
637.196
19.5318
171.361
25.605
414.167
253.67
643.117
480.819
259.59
617.389
252.266
351.176
158.605
579.608
819.3
994.201
82.0643
597.491
363.72
677.908
745.842
463.363
188.787
952.116
622.181
895.627
233.619
216.773
359.355
905.026
99.1852
269.021
265.664
967.711
654.408
109.958
13.9775
536.027
628.559
792.505
223.64
918.668
96.3164
591.205
75.1366
60.7929
261.452
276.009
614.582
256.386
445.845
770.653
903.592
322.977
689.566
976.653
671.316
270.73
868.831
45.2589
624.744
996.948
737.48
877.529
73.0918
37.141
798.822
133.976
23.3772
904.111
413.495
535.783
402.6
45.8693
50.2945
737.724
563.189
954.466
85.4518
555.01
728.05
455.733
57.1306
824.61
531.083
712.79
781.457
682.882
310.007
972.93
235.664
540.178
306.925
590.289
615.619
534.043
433.76
355.144
473.006
742.424
758.08
660.878
338.969
937.529
366.07
540.361
740.471
162.084
758.721
102.542
15.1372
909.452
437.3
400.739
831.69
187.75
834.651
263.833
821.131
250.801
248.421
121.555
225.99
275.918
932.615
355.235
973.144
770.074
3.14341
205.115
76.6625
986.297
314.89
765.587
777.337
130.68
964.843
99.5819
324.259
641.896
578.967
3.41807
805.658
323.984
38.5144
453.078
934.721
614.185
801.813
263.558
196.539
766.625
478.072
992.34
262.917
233.222
809.595
618.213
80.752
23.3467
718.101
26.7342
540.727
322.886
572.1
833.705
132.115
154.668
331.004
577.349
490.402
360.973
722.434
811.64
243.385
689.505
109.104
130.528
62.7766
264.321
201.361
655.507
326.884
222.663
271.584
17.0598
300.76
799.097
26.9478
361.858
240.486
637.867
796.533
416.028
327.28
615.741
189.062
136.906
838.16
955.016
877.926
983.642
458.846
909.391
668.874
337.931
145.909
803.095
507.736
107.15
443.709
704.825
583.392
39.491
662.618
517.716
182.989
783.929
825.159
766.655
455.153
225.074
785.577
863.887
737.754
125.095
429.792
134.587
606.464
603.29
361.492
383.496
300.089
484.664
980.865
283.517
679.22
49.3789
362.194
368.145
374.218
213.294
836.482
908.567
279.183
671.743
685.415
456.679
47.4563
37.2936
852.901
335.459
745.75
503.067
80.5078
857.906
322.306
62.4409
372.875
555.528
46.2355
816.98
199.438
198.187
573.443
403.027
338.878
885.922
795.74
69.277
772.271
994.293
129.765
435.53
531.358
254.707
401.257
464.522
908.2
750.694
981.475
677.816
932.127
111.148
331.584
147.221
521.104
682.608
611.927
292.764
212.47
960.784
511.582
18.4637
880.612
63.3869
955.016
217.414
346.629
525.437
841.945
177.129
287.576
197.333
476.73
916.684
349.956
528.672
843.44
986.45
875.149
17.2124
382.641
762.352
142.155
105.747
426.771
765.252
534.288
307.047
949.675
36.9884
535.722
838.862
786.889
104.495
964.751
549.699
983.123
562.883
349.101
417.158
422.498
808.771
850.734
399.487
398.785
955.809
644.978
922.086
280.77
462.355
161.718
779.962
930.052
504.044
93.6003
737.449
26.7037
620.991
578.356
606.494
959.777
672.323
461.043
84.5363
437.819
628.101
42.9395
133.854
477.34
230.628
222.48
182.409
923.49
56.1846
435.56
929.075
160.802
8.17896
300.516
32.8379
169.53
773.4
374.645
468.825
583.819
272.256
928.343
830.714
908.017
634.693
142.766
362.346
547.716
732.231
638.112
998.932
811.335
798.425
737.541
198.95
538.53
168.249
374.279
848.842
512.04
667.745
47.2427
20.661
308.908
685.476
731.803
865.139
747.337
456.893
151.799
419.996
585.437
592.7
319.376
616.23
628.529
382.702
748.344
262.429
900.357
906.369
247.78
289.193
35.5541
481.002
702.078
34.2723
548.753
479.446
743.217
850.215
136.723
47.9141
722.19
815.21
670.553
755.455
885.434
829.31
32.899
706.442
162.42
875.912
457.595
147.16
471.145
730.979
527.329
97.7203
947.02
900.723
485.641
40.6812
2.25837
68.9413
19.9591
197.485
621.387
835.444
171.331
424.238
799.219
26.6121
527.238
257.515
527.94
359.783
354.32
142.186
239.113
742.058
826.319
371.929
106.906
985.229
4.27259
773.858
119.175
218.146
724.815
668.691
322.062
777.459
52.8581
137.394
144.932
857.936
455.245
125.95
211.493
704.184
350.871
418.897
543.535
624.439
194.586
13.5807
563.433
607.807
750.145
926.054
801.935
826.258
708.884
959.441
717.002
802.911
310.648
467.116
530.381
527.268
122.562
640.706
488.021
299.112
632.557
354.991
450.484
582.141
813.257
100.589
219.764
648.61
313.181
35.9203
508.621
296.243
431.013
689.444
958.769
418.806
529.13
343.516
114.139
711.051
43.1227
631.306
755.608
290.109
743.187
377.606
502.792
513.993
403.516
215.247
90.5789
778.466
536.454
8.08741
224.769
573.87
347.179
611.866
424.726
582.965
565.355
4.08948
758.232
100.894
309.977
314.585
875.332
558.733
643.696
787.5
247.322
431.867
972.9
206.153
16.8767
314.28
949.583
812.189
365.795
440.291
31.6782
249.947
806.818
434.462
357.585
567.736
305.002
571.673
91.4945
806.543
636.219
327.86
895.749
208.38
887.295
503.433
686.239
574.847
505.753
699.667
327.464
807.062
804.224
430.311
423.17
158.818
326.304
649.129
858.821
233.985
980.01
974.425
252.48
258.736
344.89
392.407
970.244
661.031
59.5721
720.298
861.843
487.533
695.273
610.126
373.852
690.085
22.0344
375.225
195.746
812.22
73.8853
419.965
95.3398
107.425
918.882
554.369
100.284
620.472
540.574
974.548
681.051
262.429
737.205
190.771
92.5321
411.786
444.38
683.767
529.923
71.4133
388.134
570.757
255.135
114.078
474.227
62.7155
350.597
646.687
819.971
993.866
255.776
25.0252
834.895
204.291
743.522
550.31
256.539
58.0767
491.806
378.368
547.624
876.705
907.804
673.147
560.533
570.116
359.691
535.508
876.003
246.284
473.373
738.701
721.58
80.3552
649.556
801.752
876.675
225.043
457.991
431.959
469.771
43.1532
64.7908
867.824
75.1061
443.495
349.284
153.447
13.7944
601.947
866.512
876.186
266.61
848.079
311.686
397.992
904.324
999.42
643.025
112.522
441.755
923.948
518.632
758.721
22.0954
612.629
204.535
322.184
837.367
542.65
609.424
555.925
691.458
613.208
602.557
651.357
112.217
434.706
271.34
90.9146
918.455
252.541
274.422
213.721
648.03
287.301
946.776
525.132
754.173
771.844
312.937
281.838
974.914
466.994
664.998
383.74
783.074
937.315
860.775
103.366
322.367
367.26
999.451
684.805
736.198
200.354
630.024
342.662
295.053
381.237
149.602
693.075
229.438
482.803
546.922
147.13
673.544
499.344
148.167
298.898
626.911
586.871
521.043
838.557
339.946
531.968
192.907
22.1564
29.1757
230.415
340.129
229.56
329.051
957.03
103.824
641.133
386.486
707.236
689.474
565.111
3.75378
392.773
905.179
446.455
737.114
171.88
296.457
88.7173
356.059
695.395
532.395
119.968
570.666
550.249
200.171
234.077
432.661
681.539
664.235
238.716
316.294
74.2821
145.787
441.237
885.983
476.18
679.769
403.668
956.053
442.579
104.312
598.163
649.739
485.183
740.471
993.927
763.024
605.182
916.898
107.15
739.799
992.859
997.101
545.244
164.769
173.864
64.4246
576.128
179.998
384.747
921.903
754.326
731.651
457.442
562.243
135.105
52.8886
995.361
765.526
107.425
289.834
121.555
979.4
377.667
675.558
580.523
139.103
134.495
159.856
474.319
583.27
927.244
900.204
415.387
721.274
287.82
519.822
376.049
609.241
628.559
540.269
16.8157
90.2127
446.211
893.582
774.59
655.11
364.147
920.957
491.287
680.685
43.672
764.092
865.535
200.568
495.621
555.101
507.218
865.993
823.542
311.777
877.255
251.839
930.082
943.968
892.972
165.105
217.109
277.657
481.155
111.148
811.609
502.915
859.31
574.725
347.789
951.75
826.807
271.31
837.611
612.415
847.072
26.0628
659.932
286.264
201.971
435.194
200.293
793.542
999.878
967.284
172.582
133.946
318.064
660.237
152.989
8.97244
261.757
70.0705
358.715
611.377
219.947
628.101
201.605
88.7173
99.8566
62.1052
648.793
587.115
821.345
39.0637
920.988
280.831
851.985
683.798
559.893
295.114
64.8213
131.657
396.313
927.244
699.362
770.348
449.507
73.0003
707.205
327.158
289.682
264.504
264.199
458.876
894.559
225.318
729.392
999.115
531.297
349.712
832.545
520.493
695.151
11.7496
371.715
367.748
635.945
111.026
201.605
817.164
503.616
760.582
794.183
519.791
644.398
523.789
152.776
883.847
78.341
106.662
361.309
552.751
689.932
910.947
548.997
635.456
162.725
355.083
552.66
844.569
189.55
369.091
57.5579
199.072
989.074
969.176
497.757
448.042
660.482
319.132
497.757
870.754
407.361
183.844
136.265
610.523
161.626
182.104
813.532
197.638
639.454
743.98
3.26548
418.256
359.874
179.968
671.041
185.034
657.674
767.541
639.271
566.088
221.534
261.361
681.448
628.407
188.94
733.97
625.446
251.869
328.867
152.348
248.482
570.421
343.638
597.491
243.782
196.081
821.284
532.304
41.1695
882.931
869.35
25.2083
762.261
786.248
961.852
334.574
91.4945
974.059
29.9692
760.765
344.89
346.568
328.715
172.308
516.892
620.228
109.561
112.064
587.085
532.456
631.55
889.34
868.099
923.215
541.185
565.111
675.527
849.971
152.867
235.755
101.657
392.041
660.878
521.958
173.65
300.485
814.417
668.905
177.831
150.182
86.52
164.068
431.532
150.06
868.709
278.939
282.907
267.556
721.824
440.626
621.143
824.152
215.278
839.869
677.114
217.444
385.052
181.768
396.588
926.939
342.204
985.137
167.058
458.663
63.1428
336.924
179.113
386.059
892.514
508.377
203.742
142.46
790.521
338.084
67.3238
721.976
855.434
789.483
604.785
944.7
152.898
588.031
372.448
442.64
383.007
345.012
902.371
22.7668
416.456
73.6412
778.314
562.944
231.361
504.227
315.775
97.6592
281.411
104.19
126.53
249.245
827.204
209.723
349.132
661.031
261.238
174.657
826.838
588.916
959.075
943.449
13.947
307.138
686.3
953.978
892.056
484.909
93.9665
777.093
676.931
189.947
332.926
398.206
598.254
675.253
318.583
548.204
532.395
605.213
677.328
989.044
770.074
877.621
905.82
160.894
700.186
697.378
774.407
96.8963
690.725
58.7176
506.027
11.536
948.21
291.635
761.65
469.344
637.135
829.096
963.652
539.628
40.0708
851.131
988.25
844.203
40.2539
962.371
758.446
903.47
707.785
558.702
768.67
687.979
270.119
39.9182
71.9626
781.06
249.336
524.155
761.834
59.1144
45.8998
220.496
478.957
295.846
751.518
116.214
974.975
596.301
471.297
134.556
263.771
67.4764
937.407
419.538
392.346
631.581
694.479
903.958
361.705
387.616
639.058
816.736
229.469
428.816
193.335
286.264
925.565
520.646
895.291
695.395
811.731
546.953
685.69
944.67
516.831
129.582
674.123
280.19
78.3715
328.257
664.296
842.097
922.33
826.746
220.649
589.862
711.6
511.551
557.176
761.04
595.447
849.544
29.603
519.211
890.133
970.58
512.619
947.935
722.617
861.385
442.915
46.2355
668.416
577.227
809.473
882.778
914.762
877.255
872.555
564.013
980.407
189.856
892.178
173.528
523.515
314.646
647.969
337.87
268.41
766.594
30.9763
575.854
582.904
169.347
489.059
87.3135
737.175
603.504
607.135
137.455
375.561
316.141
603.473
693.167
232.551
698.019
22.9804
467.696
624.165
934.568
409.467
29.4809
745.689
237.037
237.159
132.084
307.84
59.8163
883.633
920.682
541.612
210.456
924.711
171.911
103.671
258.461
533.25
223.426
913.45
149.205
262.246
748.65
452.956
429.151
994.324
33.8755
561.052
988.678
338.206
913.572
252.724
728.599
253.945
19.5929
595.202
56.917
187.811
502.182
172.033
622.059
498.123
876.553
166.173
188.055
453.444
153.905
593.524
59.4195
584.338
911.161
718.009
960.417
669.668
456.557
179.662
775.872
139.195
747.368
867.031
59.7858
173.315
215.674
64.333
717.521
281.198
158.666
906.125
767.968
638.936
849.483
669.057
592.425
968.352
25.1167
933.409
575.701
238.563
907.895
144.475
546.22
970.672
415.418
606.159
921.201
427.198
717.46
436.811
962.981
468.001
793.786
519.852
53.2548
352.794
150.761
979.247
390.912
272.744
352.184
211.921
19.776
891.476
520.89
8.14844
593.219
677.297
467.238
790.735
780.786
307.596
601.001
504.868
723.899
926.847
282.357
189.489
446.76
539.079
768.944
761.742
628.376
316.935
414.594
45.1369
642.14
107.364
276.589
573.748
269.448
916.318
786.92
202.277
993.316
652.791
644.612
54.7807
278.024
914.335
584.948
842.006
742.027
94.4243
181.799
79.165
628.864
593.738
339.335
235.847
483.749
415.662
629.749
348.033
441.298
928.434
132.511
124.851
30.7627
73.9769
932.31
80.5689
905.24
805.872
930.845
723.167
400.678
36.317
130.039
330.699
331.675
874.935
41.5967
347.148
929.441
439.161
379.986
928.282
328.715
18.4942
695.059
669.301
509.873
873.653
99.9786
45.5336
102.145
451.155
751.518
597.064
954.772
295.877
238.227
388.653
881.436
441.694
533.28
776.727
485.305
561.937
667.898
13.8554
470.199
661
781.762
722.495
344.218
588.061
706.595
769.127
922.391
154.485
739.372
570.147
534.165
135.868
760.949
360.393
342.662
940.031
356.792
456.13
680.96
222.449
96.0112
43.0921
812.555
230.262
624.744
521.47
21.8513
155.583
730.094
938.505
440.931
280.496
31.2204
540.513
518.845
193.762
453.81
975.066
539.933
861.354
143.406
174.932
96.9268
831.538
975.158
454.939
925.779
356.243
314.768
852.779
7.44652
709.525
188.543
245.399
344.401
484.329
516.984
272.042
316.233
149.571
569.75
595.111
22.4006
647.816
297.128
529.954
517.045
315.104
695.151
575.61
342.784
904.904
859.615
876.553
269.723
996.033
886.38
147.771
645.619
567.278
273.171
93.8139
263.588
18.9215
979.888
853.175
153.905
422.864
803.034
499.466
205.603
282.449
221.32
130.375
24.4758
583.453
367.809
575.854
933.775
417.188
285.318
256.569
523.545
957.274
121.586
224.036
655.293
70.9555
419.721
913.785
327.647
346.751
160.985
642.415
309.946
818.995
715.384
380.322
949.4
171.148
357.158
830.866
58.3819
698.965
500.534
347.331
288.186
814.234
312.784
719.504
895.26
371.319
860.347
359.966
306.101
596.82
444.227
922.697
387.677
904.294
281.472
883.999
828.639
374.615
188.36
117.924
538.438
184.088
421.705
997.07
470.321
760.674
334.849
49.6536
774.224
950.133
4.21155
705.191
685.873
973.235
482.955
158.33
58.9618
455.092
837.428
884.121
945.616
308.206
623.676
834.132
132.145
750.114
959.227
845.82
36.3781
237.037
846.828
296.03
872.066
594.989
906.705
529.771
487.472
129.124
172.887
95.645
783.99
993.255
110.63
319.376
121.067
599.719
510.331
246.162
613.636
352.336
415.052
483.566
728.385
482.284
737.327
976.165
85.2687
268.868
721.671
242.836
870.235
426.466
908.994
108.585
765.252
938.627
759.423
461.104
802.82
120.579
589.312
64.6992
49.8672
191.809
979.186
961.73
528.611
139.256
308.298
492.965
279.183
153.172
572.985
469.069
972.106
416.15
143.834
522.813
974.853
527.207
618.915
174.932
280.465
341.594
428.877
643.727
203.528
508.225
350.291
930.052
249.58
485.244
583.392
209.082
65.3096
315.622
550.462
60.0909
874.538
943.724
71.3828
565.05
306.894
353.923
72.2068
807.672
25.5745
313.211
483.077
804.468
59.8163
998.047
482.253
398.206
248.909
287.362
741.691
145.848
703.787
3.26548
830.927
731.681
692.343
879.604
435.591
937.193
854.976
540.727
546.495
698.813
156.194
271.065
275.491
284.86
479.232
857.173
454.939
122.684
269.021
283.059
676.229
307.657
130.528
560.442
924.253
324.992
788.446
474.899
463.82
15.5644
314.096
529.435
134.129
317.454
26.7953
866.42
707.755
813.715
974.67
449.324
470.412
618.305
402.112
285.653
677.664
631.214
109.867
971.77
44.6486
693.655
113.742
341.563
925.626
675.253
508.56
499.893
338.694
23.8655
943.236
21.6681
493.057
809.809
613.819
598.712
974.09
795.038
179.968
914.67
242.836
559.587
511.643
30.0302
606.647
215.308
672.17
58.0157
316.202
739.097
43.8246
412.763
946.165
456.343
2.41096
410.871
714.957
706.29
46.5712
508.042
900.632
219.733
788.751
951.384
8.30103
241.615
713.584
129.276
846.095
928.373
110.111
399.579
165.105
52.0646
84.2616
677.572
20.8441
542.802
57.3443
565.02
510.727
899.777
657.338
301.523
45.32
2.8077
408.918
319.315
809.107
356.059
128.727
682.73
566.362
293.68
431.684
193.915
469.802
180.486
255.135
445.662
26.7647
137.547
806.726
602.71
880.154
324.564
842.219
192.969
559.984
310.038
680.013
689.657
862.056
560.717
857.814
165.654
9.49126
581.378
838.343
801.538
254.158
736.198
670.217
528.153
73.397
283.059
9.94903
585.498
618.976
652.028
411.664
278.512
574.023
499.1
290.536
711.753
74.6483
566.79
466.414
783.532
852.199
882.473
693.716
221.259
252.235
325.724
83.9564
938.993
287.088
96.53
827.082
498.398
377.606
114.475
117.618
954.741
940.641
881.466
692.801
868.526
478.53
838.069
887.509
764.824
326.914
745.598
613.575
820.704
716.697
124.668
168.95
62.7461
306.894
281.808
283.273
855.403
844.661
954.863
305.826
961.577
107.883
109.073
942.747
957.03
788.049
915.036
448.714
279.031
468.032
438.765
680.593
691.671
352.428
76.7541
918.241
447.768
905.85
265.938
859.096
929.838
55.4521
500.443
693.319
50.3861
114.78
186.071
664.754
193.823
83.8343
364.269
24.5979
979.797
482.864
836.085
784.234
630.757
375.347
718.131
172.491
224.036
736.93
961.058
205.054
609.912
825.922
862.545
270.669
276.864
712.394
105.38
141.575
945.585
621.57
352.489
314.127
172.521
247.81
929.472
85.4213
744.652
695.669
626.514
272.744
146.184
204.23
150.792
981.658
879.238
310.678
260.323
329.295
918.882
609.821
110.66
529.16
84.3837
765.374
845.973
242.927
607.807
929.472
965.331
606.8
680.776
226.722
495.59
837.336
261.422
459.09
502.487
823.969
922.178
687.216
970.397
614.002
19.6234
845.485
582.812
196.387
968.352
46.4187
434.492
490.646
898.953
730.583
206.244
947.05
482.589
318.522
834.01
664.388
202.521
521.104
203.345
431.745
854.335
964.019
900.632
600.024
555.559
283.09
551.836
190.039
46.9069
346.751
780.847
143.284
565.233
761.376
317.881
121.067
70.1621
316.233
289.712
759.301
105.869
524.216
222.602
784.143
78.0969
914.396
789.727
895.627
229.286
232.734
833.46
824.671
91.525
207.587
694.815
470.626
699.759
35.432
380.505
524.857
345.714
243.934
599.17
486.892
154.241
87.8628
198.065
479.598
263.131
134.983
31.2204
769.311
887.6
197.027
790.918
397.198
50.9354
263.07
832.545
828.455
262.52
590.93
525.773
25.0557
923.887
613.056
161.596
848.842
745.048
813.135
947.752
200.629
951.659
229.53
122.868
802.24
564.379
742.241
721.641
27.0699
531.785
798.883
20.6915
685.934
998.23
736.595
198.431
174.078
487.289
356.12
238.075
886.013
282.937
903.592
606.738
303.69
789.087
117.13
740.684
665.548
148.625
494.247
868.984
620.96
903.989
435.682
205.725
778.069
979.369
422.956
43.1227
549.883
767.083
885.22
775.933
205.725
598.193
911.679
388.836
534.074
379.498
466.17
438.246
22.5837
677.541
259.743
58.9618
962.584
31.1594
937.925
28.016
382.885
774.133
738.304
415.998
220.649
148.259
275.643
857.753
634.358
989.349
609.729
973.388
865.658
766.045
252.663
970.946
556.505
254.128
272.347
961.974
927.549
626.331
147.221
21.1188
723.869
239.479
529.862
521.439
334.91
900.388
574.572
775.811
994.324
891.293
985.931
516.739
465.804
536.363
444.075
245.125
122.288
590.625
563.555
979.4
823.237
232.093
41.1695
436.079
497.238
938.993
149.876
173.894
836.177
32.6548
234.443
731.193
6.592
168.249
365.49
289.315
785.272
553.179
807.703
892.483
24.4148
176.061
458.998
755.455
853.694
826.289
916.776
690.481
524.4
185.797
326.67
184.423
302.774
774.865
671.834
157.933
318.216
31.8003
656.85
937.01
772.942
309.732
844.356
468.978
418.958
69.5822
199.499
313.974
709.372
52.3392
698.996
442.732
529.191
710.837
160.772
372.6
912.9
682.333
950.774
672.475
654.347
583.758
722.617
368.114
215.644
910.184
847.072
279.336
841.06
318.094
687.063
819.91
281.991
74.9229
374.584
291.421
40.2539
955.412
246.01
203.07
534.196
366.863
591.54
647.542
95.706
984.069
875.668
264.931
203.192
675.1
84.4447
826.167
857.143
999.542
356.029
966.185
504.501
60.1825
550.493
99.3377
418.409
989.502
915.525
47.3952
938.871
851.955
504.135
411.664
481.094
243.965
500.381
220.588
718.039
371.96
109.531
884.06
842.463
890.561
169.286
985.443
315.714
281.32
137.394
942.778
8.94192
54.445
612.995
70.6503
143.193
553.24
46.968
73.2444
934.446
643.818
798.578
500.656
350.108
70.7114
193.182
199.042
883.297
759.697
739.219
286.63
750.359
849.178
158.574
685.781
419.05
731.315
388.623
743.278
872.768
884.182
210.425
969.878
517.319
776.177
660.665
429.884
136.845
624.012
882.748
812.677
804.315
285.287
573.717
716.971
153.752
67.3849
683.218
179.266
920.011
733.329
520.371
977.66
151.921
486.19
925.413
742.363
6.37837
213.599
661.824
403.974
527.848
772.851
685.629
11.1393
320.933
598.468
447.584
448.347
521.836
413.282
885.128
85.3908
974.67
324.32
259.804
890.011
18.9825
84.4752
496.902
34.1502
795.526
801.813
182.958
526.322
474.776
877.041
878.018
899.777
316.66
450.972
898.343
489.273
965.819
142.949
226.295
326.67
889.767
361.431
703.482
186.895
365.825
968.261
162.755
815.546
923.215
577.502
656.88
869.564
646.26
270.577
438.215
601.886
245.43
8.33155
847.377
821.497
302.103
521.958
765.679
160.161
593.249
963.225
788.781
177.129
902.738
96.2859
777.093
332.682
225.013
311.441
939.299
362.529
767.632
242.225
105.564
83.3766
658.986
267.769
346.171
161.779
767.174
680.685
592.364
876.827
536.637
802.454
415.174
408.399
248.421
827.418
618.915
682.089
610.828
676.321
805.109
301.767
85.9096
640.919
563.738
601.703
859.188
101.047
447.31
348.552
857.448
94.882
384.686
125.492
722.312
24.2622
690.329
929.014
144.749
275.918
325.816
9.58281
467.177
39.7656
569.292
488.418
959.532
106.204
749.504
780.145
675.283
922.575
200.476
353.71
293.924
691.153
93.3561
862.484
855.953
789.117
301.004
174.505
796.594
292.062
952.513
334.727
184.698
882.443
833.094
989.807
573.168
923.765
286.233
307.077
366.436
982.36
773.766
919.279
112.369
577.288
750.45
925.352
623.798
440.504
9.36918
479.629
336.589
67.5069
154.302
1000
810.358
840.693
355.113
526.17
777.703
505.875
42.6344
260.17
648.946
283.853
699.515
819.086
877.865
397.87
402.6
232.429
95.0041
298.288
273.995
214.789
415.235
365.917
496.017
744.835
824.793
374.889
47.3952
482.528
54.9333
496.872
816.187
55.5132
848.567
127.14
245.613
745.628
24.659
314.676
170.019
607.074
249.062
76.4489
995.911
547.899
915.494
378.185
885.159
405.042
44.7096
62.1357
96.5606
545.213
607.624
503.586
141.728
22.0344
177.862
276.742
911.557
821.65
321.329
612.201
429.731
226.6
628.04
926.084
389.752
831.111
792.657
203.131
130.772
237.068
650.349
514.389
209.784
963.683
573.992
450.88
225.257
600.543
138.676
754.631
49.3789
736.9
460.25
928.037
124.363
696.768
113.956
103.366
979.949
612.445
39.3078
952.879
627.125
867
337.535
921.323
986.023
437.178
367.962
562.09
2.31941
167.974
49.3179
258.065
610.004
509.934
772.637
108.402
195.715
750.816
831.233
262.612
721.519
272.561
775.17
483.261
161.962
864.864
595.264
218.268
411.969
626.637
143.681
964.415
321.635
486.679
697.043
202.918
14.0996
874.66
68.2699
688.65
143.254
573.84
173.803
374.126
246.559
286.569
461.776
749.443
850.459
943.999
107.944
879.421
483.352
291.086
385.601
919.523
253.731
778.588
115.146
391.217
148.381
292.215
600.543
998.657
707.846
751.915
957.732
267.251
235.084
110.538
242.439
786.218
193.487
784.997
282.785
335.49
950.835
49.6536
623.127
678.884
524.613
424.421
485.702
304.422
486.496
587.664
156.041
893.277
680.258
846.339
698.294
798.273
911.1
693.442
407.147
313.608
261.605
485.214
902.097
16.8767
191.107
768.181
270.608
964.385
74.1905
288.003
166.54
21.2409
335.246
211.615
269.631
107.944
834.742
592.792
12.5736
643.422
663.808
613.697
982.269
967.315
3.20444
632.832
900.601
21.6376
203.223
570.757
592.12
73.6106
740.013
665.365
843.837
760.704
205.695
127.018
564.135
238.99
987.762
725.73
146.641
716.88
793.695
840.999
445.509
154.057
678.488
5.95111
267.953
408.307
729.392
476.852
791.284
610.584
65.7064
859.004
809.229
49.8978
309.244
320.902
215.217
349.254
181.341
427.351
627.949
213.721
383.618
122.929
565.661
532.243
417.737
897.214
75.869
113.987
501.205
662.648
226.142
840.907
234.809
377.087
362.377
517.319
178.594
941.069
541.276
198.34
992.004
402.081
42.5428
277.81
294.809
996.887
367.565
117.283
905.24
62.4409
630.634
497.33
610.797
347.942
749.077
672.445
129.124
757.744
338.237
310.465
414.045
57.68
718.253
98.3612
963.958
575.549
937.742
294.9
288.064
426.435
221.839
12.1158
187.506
295.48
750.267
506.424
6.83615
307.84
171.422
260.781
512.467
18.1585
759.392
139.103
554.521
50.325
619.465
394.208
168.035
418.928
849.055
810.511
269.814
63.4785
59.7858
762.719
607.318
626.942
167.058
471.816
115.635
9.43022
853.694
239.631
339.122
728.935
613.269
942.991
73.5191
619.343
780.419
569.048
885.159
898.251
452.925
72.8782
663.228
134.648
713.218
338.45
861.843
148.595
54.8112
524.491
587.298
373.638
419.904
576.312
187.628
713.187
754.784
184.973
500.443
422.742
488.784
974.883
414.808
48.3413
843.745
201.025
904.294
953.093
379.315
737.663
186.59
462.691
681.204
638.752
166.692
161.657
598.01
52.2477
819.208
370.83
933.348
769.036
666.494
337.962
999.115
187.872
8.85037
172.399
936.43
977.66
62.8071
55.2385
210.425
218.085
663.839
755.974
185.034
300.302
689.779
987.06
184.179
368.389
861.415
627.796
945.433
583.056
75.8995
348.43
872.646
989.013
930.021
665.944
993.622
267.067
588.763
962.615
28.9926
152.287
656.209
499.008
478.866
799.219
204.382
952.147
133.091
875.759
616.718
510.208
911.893
666.89
401.929
55.4521
442.366
969.359
635.395
466.048
278.085
58.3209
183.081
568.255
167.302
508.286
365.398
770.47
275.948
147.74
216.62
909.909
772.576
930.845
996.155
343.608
680.227
5.46281
108.036
814.783
402.6
760.643
85.2077
125.736
830.164
133.03
793.97
148.778
432.386
954.772
515.671
206.183
242.927
623.524
61.7084
350.658
143.345
876.034
577.776
577.258
351.909
946.501
193.884
498.459
524.003
890.835
176.305
513.077
369.793
358.318
737.846
0.885037
195.837
591.754
162.358
573.565
276.986
937.284
400.22
913.785
464.095
645.253
790.521
233.283
934.935
243.599
66.4998
881.466
493.393
264.29
300.79
135.411
324.229
604.907
945.616
703.146
608.753
306.009
625.721
970.611
908.2
26.0018
839.198
524.369
721.183
994.324
222.419
980.865
120.792
724.357
536.454
653.401
878.536
267.617
29.5114
88.5342
980.224
289.987
333.506
2.62459
941.343
751.518
549.303
650.197
826.991
470.901
678.06
155.004
383.465
356.304
54.5671
835.505
187.262
582.995
938.658
55.3606
217.994
499.802
920.927
631.062
761.284
545.305
299.509
326.884
48.0056
954.894
83.5597
469.497
536.363
540.239
779.962
212.561
242.286
322.214
619.465
483.23
25.3914
298.624
378.796
141.453
236.122
127.873
454.299
383.435
630.146
9.94903
344.127
920.316
957.183
545.976
194.617
963.897
129.307
857.448
567.644
549.73
376.141
746.391
84.6583
229.896
292.032
178.198
104.251
665.731
182.623
867.367
88.6563
152.318
616.077
248.512
816.645
606.098
585.894
613.208
97.6287
46.2661
191.107
693.899
144.688
101.871
240.608
476.852
261.513
575.243
687.063
524.216
0.183111
593.616
297.678
587.695
446.211
379.742
467.208
793.939
786.218
172.918
579.974
184.027
815.607
331.523
826.777
887.204
541.612
148.747
883.236
710.929
538.53
412.214
355.815
428.022
210.761
238.96
401.593
542.65
620.899
217.353
427.931
815.516
37.904
386.578
278.695
330.546
862.758
85.3298
813.166
383.801
86.7641
201.178
283.242
975.585
940.092
851.192
416.486
187.567
885.037
25.544
609.79
225.959
612.14
225.562
141.087
411.817
193.915
626.759
804.651
899.869
53.2853
798.7
876.583
407.239
902.707
512.803
816.553
733.085
310.068
669.149
612.262
350.414
48.1887
873.867
172.521
851.65
883.328
697.867
675.527
528.764
959.471
148.808
278.542
869.533
434.98
387.005
95.0041
250.923
527.024
216.651
845.515
611.255
620.441
383.923
88.9004
381.756
597.705
212.775
439.772
459.548
45.32
609.943
678.335
502.579
494.003
970.428
159.185
328.104
347.636
14.3742
425.428
696.219
658.65
87.1914
433.699
259.041
404.736
953.429
296.915
957.396
424.177
616.352
951.17
645.802
665.395
194.006
652.089
227.546
907.376
383.221
708.213
80.5383
606.83
542.741
356.243
55.3606
28.84
926.725
185.888
827.052
316.752
99.826
18.9825
881.588
657.704
65.4927
650.655
918.21
200.354
137.913
357.433
949.37
880.764
89.7244
579.882
878.75
812.403
606.128
684.53
839.442
397.351
577.166
212.836
72.8477
814.142
258.797
522.324
630.146
38.789
834.712
226.478
676.87
55.5132
409.497
340.22
682.699
412.854
964.873
536.088
276.925
782.067
309.915
418.409
51.3321
673.36
556.963
221.137
91.586
966.948
153.752
835.902
518.387
414.594
3.75378
576.098
819.544
768.09
705.618
583.972
254.494
691.031
442.763
286.111
112.186
110.05
554.979
804.437
103.763
161.718
322.611
728.019
671.407
391.278
995.025
152.898
494.003
359.844
594.47
395.734
972.106
315.836
526.566
287.057
971.709
87.2524
528.55
451.46
609.882
850.764
986.999
479.904
362.255
934.08
155.4
401.166
273.843
307.81
304.086
358.135
555.223
923.063
332.347
895.535
344.035
550.737
875.149
765.313
914.396
279.336
434.919
655.629
114.2
327.097
570.513
750.237
312.876
324.778
673.238
523.759
639.485
725.486
362.865
680.136
793.512
497.635
33.3872
639.241
208.991
757.408
580.92
479.11
853.633
496.933
843.989
739.158
443.525
64.3635
788.385
991.18
355.602
552.202
967.254
584.094
18.189
749.992
287.759
468.764
61.7389
817.835
615.802
509.11
10.1016
336.833
249.55
185.858
794.58
892.697
793.847
99.2157
870.998
848.72
465.773
176.366
221.931
464.644
363.536
990.539
24.8115
17.3956
729.118
97.354
267.19
80.0195
736.595
795.648
90.5789
615.009
836.848
217.353
144.292
38.3312
190.466
154.729
729.881
910.703
219.55
529.557
18.067
411.512
809.961
911.252
119.449
252.876
195.196
990.265
289.285
188.726
53.4074
412.58
49.0738
776.33
848.048
882.015
504.837
545.732
944.365
936.003
644.093
233.924
532.365
301.889
892.819
239.448
887.722
239.265
713.004
954.07
1.58696
774.957
522.843
127.567
111.301
236.671
720.267
922.33
162.084
992.279
91.0978
813.013
732.231
799.554
383.77
988.769
452.01
674.398
330.485
413.343
448.256
682.18
897.732
199.774
845.363
559.557
45.8083
455.611
854.274
572.527
780.145
255.287
480.758
516.984
773.98
895.627
383.679
268.166
345.5
90.64
915.464
785.18
69.0023
262.49
874.783
976.867
802.515
583.697
4.12
335.124
412.397
928.312
762.169
742.424
976.714
386.822
402.936
358.715
748.1
502.518
893.124
995.575
658.01
884.03
698.233
881.924
642.781
351.604
969.176
229.56
573.565
272.774
160.619
503.037
70.8945
243.507
612.232
801.172
985.29
771.386
123.814
256.111
825.007
117.13
56.2151
856.258
912.534
950.591
988.586
599.109
550.645
977.05
463.485
380.657
979.736
190.985
851.558
527.207
406.842
912.809
865.993
375.988
889.096
264.87
759.178
811.121
350.932
243.599
731.895
160.436
518.265
43.1837
586.718
360.363
48.9822
787.805
156.926
794.397
642.933
327.83
542.009
711.539
410.779
257.393
680.868
631.397
284.555
808.374
294.473
641.56
750.023
777.673
728.721
993.896
682.913
144.261
728.965
905.972
569.536
531.571
677.389
973.876
893.857
171.911
324.686
102.298
971.404
529.313
546.922
358.867
11.9327
236.549
159.124
658.223
692.007
503.006
316.935
682.608
18.067
649.403
537.004
944.945
762.413
925.962
868.16
400.769
252.144
269.631
243.995
515.366
793.329
157.445
548.57
191.87
510.758
211.463
425.855
467.452
885.372
712.119
365.062
382.916
769.799
676.077
92.1964
932.585
164.068
654.53
799.768
500.351
532.09
908.75
245.43
688.589
940.336
118.656
251.32
945.647
800.226
280.892
634.663
898.343
495.224
952.574
101.535
796.167
673.91
497.024
134.648
972.747
490.371
487.777
406.568
731.101
572.954
926.847
749.626
559.221
3.05185
433.851
213.477
81.9117
84.6583
62.1662
242.225
654.988
186.377
898.007
501.511
8.48415
436.689
99.1241
387.494
845.149
554.369
529.466
748.65
799.677
594.501
645.1
851.68
666.189
892.148
789.178
122.837
299.051
984.222
550.676
696.097
94.0886
791.223
344.218
298.624
455.916
840.144
866.817
506.18
157.811
809.381
587.451
898.312
0.824
177.435
926.817
145.329
677.358
256.142
281.899
558.489
246.59
389.935
553.362
133.793
127.14
602.649
330.393
621.57
13.8554
472.518
390.545
652.547
624.378
517.045
670.034
451.888
682.119
868.984
360.942
172.277
42.085
524.43
291.787
377.422
365.215
944.639
247.505
707.266
247.749
292.215
384.96
255.959
212.348
83.8954
400.769
694.205
466.262
540.117
606.83
666.646
833.796
413.129
570.788
496.231
768.426
575.335
476.943
726.31
851.619
148.045
864.162
531.816
684.042
452.895
896.97
530.961
575.518
566.576
826.136
28.5348
940.367
760.521
794.977
222.114
803.674
606.372
647.542
402.203
325.358
28.9315
895.077
678.213
748.283
87.5576
496.872
260.537
675.893
767.144
611.896
831.05
86.6726
560.411
977.325
32.2275
991.058
122.288
70.2231
607.196
136.876
777.917
708.853
220.801
670.461
165.136
249.428
494.308
158.422
793.451
35.0963
283.517
877.529
799.921
252.968
732.719
778.13
683.554
855.556
135.197
27.7108
299.692
703.055
131.596
540.941
895.383
582.507
277.352
401.929
466.536
260.048
510.636
585.711
219.52
223.029
551.866
884.61
416.517
267.129
766.198
445.875
387.646
586.2
519.974
827.113
989.959
519.669
562.822
975.341
295.053
614.887
466.17
36.0729
786.584
159.825
649.739
399.182
848.445
843.013
27.192
886.624
825.709
696.219
802.149
489.578
438.49
977.355
445.784
560.533
831.294
148.167
387.555
866.42
37.5683
604.755
449.721
409.711
142.247
315.5
557.451
423.109
922.361
24.1096
755.638
444.349
247.505
172.948
63.3869
877.468
21.485
203.406
197.974
946.348
946.074
389.66
698.691
447.401
888.272
861.66
482.894
207.282
132.359
973.846
364.544
651.753
298.227
675.985
567.156
392.132
206.336
42.085
761.773
235.969
471.938
613.788
662.038
527.207
108.524
714.286
706.839
223.09
922.544
389.569
862.209
613.544
980.285
132.633
73.5801
89.2666
928.373
47.0901
399.731
865.2
448.927
606.616
359.508
64.7908
630.757
666.341
522.874
72.5425
537.889
882.351
877.163
559.709
756.554
195.624
0.0305185
90.5484
201.91
537.004
570.482
714.652
965.911
408.551
248.665
451.979
487.136
498.642
456.404
76.6015
824.732
986.114
89.1751
105.747
316.294
690.39
691.061
399.792
402.57
723.563
123.814
280.251
898.892
800.287
261.299
571.306
495.193
862.697
740.654
471.511
766.228
175.573
301.096
661.946
472.121
548.723
742.363
556.597
431.776
842.402
32.899
102.023
749.443
412.275
600.269
31.7392
676.199
650.166
334.025
982.177
887.417
276.528
333.079
375.866
457.472
541.337
928.159
478.988
313.089
989.227
11.0172
538.56
446.181
945.647
201.666
406.018
668.02
379.589
884.548
553.636
185.492
299.875
645.131
889.401
780.908
340.526
138.31
277.23
876.492
692.251
919.523
168.554
265.145
35.5235
270.058
251.198
788.202
632.069
547.838
522.294
741.752
230.75
94.6379
691.305
292.825
944.151
231.422
319.224
686.666
752.068
372.753
600.543
525.895
788.354
791.375
193.793
903.684
66.9881
64.8824
7.44652
671.346
804.193
734.916
346.965
621.998
991.974
210.395
329.386
871.731
380.383
446.791
971.953
218.879
524.033
431.196
860.683
763.482
49.1958
5.82904
805.139
567.339
798.151
60.6708
386.059
636.799
6.25629
626.179
801.691
8.66726
169.103
897.885
919.004
221.107
754.814
723.777
936.552
950.407
418.561
585.986
564.745
95.0346
875.362
607.685
129.948
88.5342
87.0693
616.596
508.805
721.61
920.347
796.625
298.502
255.593
931.242
958.434
130.161
108.31
433.393
960.356
530.656
893.063
505.448
311.258
239.601
92.5016
94.0886
485.977
387.738
148.991
869.259
984.924
442.885
251.35
987.396
669.393
329.6
600.94
419.202
403.058
629.139
436.995
998.169
531.785
265.419
603.29
845.882
232.154
584.063
936.796
330.699
260.903
229.56
260.079
215.918
135.411
728.324
258.431
153.386
277.596
182.226
22.7363
179.266
151.616
980.651
540.117
368.053
927.122
935.362
912.564
300.851
699.057
746.3
585.681
504.593
795.526
203.253
368.419
517.869
204.474
30.2133
524.766
740.471
651.173
778.588
719.474
721.732
356.914
675.405
97.9949
45.2284
11.0477
833.003
282.846
465.072
986.724
726.127
567.064
450.24
332.255
342.936
86.1538
793.878
569.262
916.227
249.947
442.793
828.333
640.492
215.308
204.352
354.076
282.357
681.143
486.099
910.642
89.053
787.072
725.211
118.564
902.432
396.619
663.472
254.891
884.213
546.709
124.332
547.075
758.69
344.127
448.042
492.508
979.461
90.7315
241.188
234.626
726.035
918.332
597.247
526.933
136.998
714.53
443.648
315.989
685.476
620.96
172.369
475.112
103.61
884.945
209.967
719.474
762.169
345.927
683.065
233.985
911.283
337.992
836.055
45.8388
688.894
289.529
356.822
671.743
303.018
801.538
267.159
72.3289
294.168
485.58
533.586
444.288
283.822
342.875
55.2995
881.466
115.726
965.606
185.308
436.659
796.136
341.502
440.992
614.887
138.615
543.87
560.381
829.463
520.92
86.642
560.381
852.412
658.589
227.729
953.215
790.185
803.278
0.0305185
777.276
615.894
270.302
252.724
598.743
789.666
703.269
483.413
140.172
998.047
980.682
742.576
692.099
543.565
171.728
391.369
964.385
416.425
447.127
994.568
532.914
578.631
351.054
128.88
538.804
492.416
340.922
389.477
795.038
424.177
0.854518
374.004
958.281
554.918
835.322
927.061
920.927
428.541
48.8907
425.459
80.3247
769.433
218.97
385.784
641.255
200.354
266.823
175.42
607.471
891.934
634.205
108.371
619.526
675.1
70.8945
707.114
294.015
647.725
940.184
411.695
221.412
806.452
447.829
517.411
278.146
735.405
701.376
622.059
409.467
882.626
5.55437
364.544
539.109
455.672
300.607
735.313
762.505
467.818
148.991
740.776
478.988
965.453
177.587
702.017
620.228
968.78
380.871
970.031
629.994
156.468
191.992
337.626
352.733
825.892
727.439
930.509
486.251
159.49
111.85
857.57
755.119
329.844
289.285
402.478
461.074
473.037
226.783
37.4767
566.79
62.9902
917.173
40.7422
968.81
717.307
86.3369
998.383
116.276
965.697
12.6652
972.533
631.916
13.0619
363.201
616.688
90.6095
27.6498
454.176
19.776
613.056
985.748
841.487
559.557
429.762
604.541
647.389
547.319
72.0542
394.024
530.045
944.914
346.416
359.203
701.407
935.057
748.039
384.045
900.784
626.606
470.321
828.242
729.24
675.802
666.25
368.145
251.869
104.617
117.862
613.178
273.782
97.9949
970.336
528.733
196.081
60.3351
686.636
197.089
858.486
713.401
879.208
947.417
273.995
516.373
174.841
385.968
663.137
189.428
769.097
358.562
692.404
622.059
826.106
375.011
324.747
947.295
380.718
528.55
187.384
63.4175
898.648
440.107
863.277
384.167
151.067
259.499
12.8788
98.3917
560.076
254.311
732.322
721.244
670.736
18.128
53.7126
217.017
906.827
829.096
994.995
476.15
265.603
189.856
63.9668
426.435
108.646
80.8741
624.683
560.686
704.245
957.457
30.3354
161.26
678.304
22.3701
930.937
3.47911
29.603
805.2
660.268
818.567
865.841
579.119
109.958
297.647
516.312
647.542
995.392
918.149
178.289
30.549
920.804
373.455
752.525
583.3
149.571
887.631
24.2927
76.9066
485.672
195.898
847.072
274.239
172.552
472.579
483.413
530.168
216.163
987.487
761.406
949.248
37.904
771.844
200.751
630.726
863.796
75.7164
766.717
33.0821
756.432
897.397
406.537
988.769
695.7
366.039
25.8797
400.403
614.46
259.774
60.5792
150.487
795.709
439.131
300.577
254.494
537.156
478.164
121.891
789.88
489.853
273.843
783.227
631.397
576.678
915.464
943.113
524.674
897.305
594.745
54.0483
528.581
525.62
838.527
790.033
358.135
606.098
844.752
163.152
659.078
655.171
203.253
486.312
745.231
473.922
782.83
837.58
830.195
578.448
64.8824
182.836
284.127
553.911
706.656
813.105
947.569
238.746
612.995
252.205
32.6548
145.329
300.241
291.635
644.002
22.9194
831.69
308.481
449.538
969.634
106.662
522.996
533.311
999.512
784.814
351.543
960.967
470.809
625.629
511.917
89.3887
282.052
526.048
36.5612
151.921
241.585
36.0729
850.337
149.968
517.563
634.205
68.8192
582.659
573.992
544.084
674.093
45.5641
499.557
373.18
722.953
229.987
135.105
355.235
745.231
353.465
906.461
477.218
487.533
553.789
768.029
272.469
658.895
276.498
164.8
561.083
834.773
188.36
417.432
918.668
175.359
647.053
437.727
155.126
114.841
258.889
180.517
584.277
677.206
555.864
737.968
365.612
575.579
322.764
482.742
700.034
751.061
606.128
166.295
159.703
506.851
936.064
378.521
934.568
894.925
792.169
274.819
275.643
510.239
844.905
977.203
917.142
350.047
3.47911
555.193
758.049
893.46
801.874
993.561
585.131
58.0157
153.63
51.912
117.832
189.886
7.416
423.841
156.896
742.821
934.111
100.62
117.649
803.339
176.397
346.507
729.331
117.679
193.243
191.443
181.768
777.123
229.163
847.835
500.473
217.353
940.245
957.121
431.44
689.047
608.295
72.8172
617.237
854.976
973.846
286.355
344.92
670.675
219.794
401.074
648.03
204.199
136.448
562.212
42.6954
551.958
999.664
747.398
680.471
506.18
192.907
25.2388
197.638
130.741
105.075
987.64
43.9161
901.547
334.513
261.849
570.147
567.309
731.132
509.476
657.338
387.555
307.779
817.499
168.188
903.836
551.866
888.333
1.70904
900.113
168.493
935.057
32.7769
709.098
786.92
687.887
717.856
520.585
660.543
418.104
647.755
847.774
892.88
386.059
829.035
808.161
219.733
619.098
975.127
375.164
879.666
425.794
588.58
256.63
602.985
552.812
115.268
556.658
251.9
390.667
952.635
876.614
141.82
134.434
592.029
12.2074
575.549
305.887
677.725
902.371
621.723
543.077
262.734
986.023
668.874
63.9058
43.4584
623.951
785.638
709.769
853.725
740.806
419.294
975.341
200.171
344.279
463.149
931.028
119.968
77.6086
224.525
444.533
141.575
461.165
324.259
606.952
630.818
980.224
59.1144
770.653
302.469
674.215
258.37
104.526
179.662
384.594
165.777
73.1529
781.274
316.935
378.124
746.025
819.391
73.6106
371.807
342.875
187.75
813.837
648.335
922.147
522.385
696.432
30.4575
617.512
115.757
262.398
139.866
330.302
465.835
913.053
587.542
282.54
240.791
140.08
908.658
338.054
941.679
663.9
772.546
497.085
42.6344
136.357
499.435
471.236
891.964
564.318
415.143
744.56
153.081
109.867
74.7703
27.2835
68.8498
424.116
886.837
508.499
328.532
170.202
168.981
813.562
819.941
892.087
166.906
73.3055
47.6394
885.22
66.8966
10.4984
498.245
225.532
534.257
450.179
734.153
612.812
808.008
160.1
497.421
184.82
883.602
427.656
604.236
958.22
815.027
279.031
911.985
52.8886
666.829
747.612
139.439
355.724
148.137
96.9878
822.352
779.839
459.548
405.866
184.179
776.025
383.801
419.965
205.084
252.327
152.409
78.1579
668.477
558
118.473
618.519
468.062
688.284
767.571
670.736
955.535
365.917
97.7508
241.066
610.553
156.255
900.052
996.246
814.447
271.34
970.244
752.19
8.36207
220.099
784.082
574.45
17.8533
960.265
666.189
395.795
824.183
708.426
984.649
558.092
564.653
64.9739
401.868
183.63
42.4207
609.119
713.858
783.624
527.482
621.387
308.084
8.33155
129.673
88.9309
772.24
946.989
525.59
650.716
684.256
881.863
319.742
637.959
115.299
904.416
822.321
866.817
877.255
298.593
523.728
339.183
44.8317
98.1475
47.8835
507.981
785.363
723.899
865.291
263.039
25.3609
107.334
546.922
294.107
987.213
207.099
840.754
986.938
125.492
323.74
351.268
508.713
495.56
120.06
104.312
239.662
84.4142
752.495
777.52
205.908
136.296
20.1727
878.201
671.194
3.20444
937.925
649.709
542.528
552.385
638.905
987.64
746.941
661.397
14.2521
146.916
234.962
832.636
994.842
521.287
767.449
458.083
881.68
276.131
141.514
765.709
632.099
116.276
12.7873
978.729
506.638
969.665
969.085
719.047
983.703
868.282
12.3295
186.163
348.064
807.825
105.38
142.644
859.615
866.787
939.024
237.342
907.956
366.771
576.067
698.141
60.1825
355.174
128.971
924.558
407.086
191.015
126.469
12.5431
114.475
515.976
726.157
741.813
586.016
391.095
428.938
57.2832
143.406
880.978
451.735
576.342
630.665
866.268
414.624
152.074
848.14
366.222
498.672
25.0252
223.151
152.013
730.705
593.707
623.188
932.493
551.286
335.673
717.673
893.094
322.245
910.154
795.038
870.144
929.777
973.571
441.084
940.611
139.439
739.28
985.015
709.464
859.706
812.708
118.931
75.2281
969.451
332.896
597.919
755.76
866.573
952.391
426.008
354.503
393.414
685.659
435.072
249.519
295.328
158.513
662.252
85.6044
868.77
288.797
432.722
151.555
954.985
930.052
553.545
423.078
935.881
509.293
525.285
553.209
887.906
190.344
177.374
591.266
550.401
593.554
633.595
711.417
264.657
603.626
13.7638
732.261
540.117
296.426
778.253
708.914
403.394
516.343
120.975
378.307
187.078
135.105
317.85
739.494
914.274
523.667
436.293
549.669
934.629
268.044
312.326
17.9144
969.176
660.756
201.727
477.096
219.214
998.749
11.0782
315.409
696.127
219.245
515.061
949.583
427.839
904.843
466.475
119.48
698.904
188.726
5.21867
287.027
979.705
591.906
271.981
419.263
701.468
322.977
633.534
937.864
533.403
72.3594
425.489
115.604
317.606
831.568
619.037
701.712
318.979
769.402
317.545
56.3677
945.372
696.005
489.639
577.044
594.928
145.848
844.752
696.341
786.615
611.438
257.637
233.833
230.14
958.251
647.908
382.55
991.668
552.873
720.725
111.27
411.145
135.38
475.387
264.443
928.617
966.674
887.539
140.324
473.891
282.693
671.407
829.005
578.051
586.81
528.611
91.4335
860.958
810.785
789.27
60.7624
52.5224
876.522
852.107
547.166
203.406
689.413
329.6
227.271
241.066
94.4243
304.544
499.924
528.123
826.563
603.87
288.919
578.753
986.297
496.689
574.511
589.526
72.1458
722.312
934.355
941.13
100.955
254.25
875.851
326.731
847.072
707.48
240.425
663.869
732.261
793.695
461.592
445.601
397.015
732.414
957.579
687.338
485.031
22.9194
439.924
125.736
671.438
483.993
419.721
825.922
466.781
967.315
691.916
852.626
827.418
651.143
79.6533
162.725
103.885
320.17
219.52
374.371
358.531
538.102
669.118
569.14
583.178
118.809
118.015
784.112
848.903
802.85
983.825
349.193
918.271
545.091
173.711
726.768
351.97
320.139
293.802
9.18607
640.858
851.375
86.6115
731.193
394.421
170.08
378.521
152.318
117.344
411.176
318.094
667.196
605.152
751.152
186.895
498.062
490.127
895.108
563.555
327.555
969.115
18.6468
122.684
26.6732
243.934
571.429
850.002
135.044
706.259
847.896
954.405
248.97
397.412
732.109
258.797
974.517
775.384
522.538
350.627
600.604
319.315
243.294
273.324
149.754
3.17392
347.819
40.1624
961.638
170.08
221.412
751.549
465.865
837.977
388.897
597.095
301.157
968.23
833.674
523.698
435.865
728.66
334.086
850.978
446.883
281.594
224.006
615.009
613.086
128.758
483.169
922.086
979.431
543.992
563.89
93.2951
47.9141
125.156
860.591
881.497
252.022
996.399
227.882
541.612
870.174
692.038
453.871
36.1339
535.142
253.426
94.7295
155.98
995.666
569.872
576.861
839.228
285.714
494.888
972.9
467.94
958.708
769.25
357.86
425.123
541.978
281.899
151.463
692.282
868.801
699.82
353.16
769.677
442.824
998.566
75.8995
699.667
492.843
924.192
285.104
475.265
872.433
918.21
148.808
614.307
462.142
536.76
905.515
181.097
229.621
894.894
655.721
36.6222
604.358
167.791
983.825
598.254
322.733
679.739
815.912
890.866
400.616
612.201
420.515
169.805
388.714
862.392
958.098
897.794
567.553
83.4071
485.366
356.12
238.044
437.361
821.345
672.353
764.245
92.41
180.609
544.877
524.003
995.544
980.743
446.272
424.329
951.598
729.392
586.291
137.303
540.483
398.206
415.845
713.034
903.531
188.879
953.307
725.7
929.899
98.3001
714.377
609.18
875.118
188.696
526.597
338.328
942.015
969.024
10.0101
112.156
856.288
794.092
4.944
195.379
967.009
687.46
728.446
574.145
904.05
494.278
940.275
582.69
323.374
770.745
900.266
156.865
771.325
315.744
397.656
870.998
199.408
751.732
634.022
413.862
160.772
60.3656
240.852
660.817
219.489
479.781
213.507
997.436
603.961
668.996
42.0545
51.6984
635.701
546.617
820.795
490.555
964.934
709.403
617.389
36.9579
143.864
837.062
883.45
364.177
569.353
989.807
186.773
23.072
325.449
204.657
47.5784
59.0228
958.342
296.945
159.276
474.288
713.492
272.805
775.292
192.663
267.342
259.651
543.199
682.058
484.268
360.24
567.37
891.629
230.11
336.863
981.262
659.658
773.766
531.938
810.968
248.329
807.611
930.998
410.688
161.748
618.824
774.804
252.205
903.287
441.755
626.209
348.521
828.822
523.728
298.563
93.9665
751.854
934.568
551.714
801.538
456.74
651.692
961.608
718.406
776.543
951.903
870.144
801.63
391.369
640.95
821.467
34.547
3.87585
152.379
390.576
565.813
47.9141
46.5102
810.968
451.277
586.505
941.435
307.138
281.472
555.681
406.415
538.743
474.532
10.1932
850.032
61.9831
516.526
527.451
933.073
215.125
930.387
425.886
538.621
333.811
254.463
954.039
829.707
702.963
812.372
106.662
426.16
151.036
554.643
223.853
231.91
693.319
754.387
29.8776
943.907
130.039
837.336
267.464
773.888
6.22578
128.147
584.185
414.319
838.588
793.939
827.021
779.839
16.6326
766.076
401.379
555.04
283.853
922.147
850.856
80.4773
204.993
308.634
313.73
607.715
526.078
686.087
13.0619
454.482
833.216
177.374
435.804
91.9828
416.486
301.431
357.921
694.693
745.262
172.246
371.441
184.362
460.799
145.665
69.5212
299.631
293.1
694.449
546.098
722.068
807.428
793.115
366.222
790.063
387.402
593.982
663.472
832.057
360.668
675.192
520.249
650.044
673.299
642.445
287.851
184.79
19.2267
365.459
2.1363
893.735
831.263
630.512
551.012
873.318
39.2773
489.975
750.389
256.447
2.74667
90.7315
984.252
916.959
522.874
262.185
565.844
11.3224
341.166
645.161
475.417
390.423
31.0068
643.3
631.397
410.627
687.46
977.905
350.993
177.587
322.306
127.323
156.377
752.098
370.922
432.844
583.056
350.475
215.888
151.28
146.153
70.3757
135.166
236.488
121.372
173.07
579.882
130.375
296.609
453.627
188.696
345.225
350.414
730.338
444.624
118.015
13.7638
984.558
380.779
918.363
671.346
181.982
241.005
91.1588
558.245
307.138
502.182
415.479
209.021
641.591
163.671
860.378
314.737
817.927
711.051
319.376
644.276
680.197
659.383
604.968
186.712
482.345
83.4986
483.505
170.537
455.55
40.1929
33.1736
115.848
276.315
289.651
104.678
576.25
465.804
221.87
167.364
726.463
252.449
394.238
320.811
451.643
928.465
587.024
754.143
95.2177
231.635
782.373
433.485
520.92
784.234
973.54
299.448
645.619
119.236
210.395
755.577
99.1241
326.121
787.713
728.874
167.333
846.736
981.78
84.048
674.429
453.108
242.653
672.628
961.15
937.956
247.505
797.571
614.887
549.242
721.488
375.835
107.974
700.522
432.417
578.967
0.579852
987.396
265.694
233.65
863.918
42.2987
785.516
763.207
580.767
258.248
188.36
951.415
179.266
912.87
55.8794
309.793
855.739
724.235
812.403
329.783
343.547
369.64
293.71
400.616
283.883
998.352
333.934
674.886
754.662
269.662
775.719
662.374
613.819
948.119
810.602
833.583
813.562
585.742
56.032
14.4658
341.288
324.442
274.636
853.42
943.876
347.942
142.247
141.545
291.299
15.6865
971.404
268.014
736.259
209.937
795.801
591.174
325.144
926.359
722.495
7.01926
218.024
640.584
957.976
496.414
172.338
481.063
414.075
931.486
247.719
740.074
300.638
923.673
387.738
753.533
610.279
993.744
34.5775
681.539
902.188
845.18
433.546
220.405
291.177
22.7058
783.044
777.459
47.8835
736.656
886.38
140.202
716.453
134.251
462.264
170.843
156.163
800.134
769.219
557.237
413.343
765.923
700.888
151.952
829.127
811.396
8.45363
930.448
290.201
337.382
806.207
99.4598
28.2601
592.761
16.0833
387.371
874.538
535.569
908.963
46.968
375.469
110.752
396.527
603.015
676.443
224.708
232.734
874.447
578.661
198.675
778.68
303.812
676.809
981.658
488.632
124.424
982.543
904.386
773.095
396.496
940.703
255.776
394.665
443.77
244.453
462.691
53.8652
721.946
355.48
154.424
320.292
649.709
135.228
893.429
565.783
434.156
494.278
852.931
56.0015
421.491
464.827
223.64
856.258
4.24207
604.083
629.688
707.968
616.718
133.152
335.734
532.365
849.178
719.169
526.475
717.246
212.683
305.857
439.619
842.982
585.65
899.319
633.503
4.60829
872.921
715.14
170.782
385.632
909.299
593.066
999.603
239.998
138.432
85.5129
312.754
938.749
98.2391
126.102
167.333
237.007
244.27
684.591
144.749
418.439
142.186
314.371
333.323
472.396
560.808
998.84
414.38
960.814
496.384
202.551
133.122
730.735
660.237
534.318
935.362
128.727
460.28
927.213
51.6068
873.806
7.90429
742.698
809.992
244.087
181.707
705.039
458.113
735.191
278.817
71.6269
276.986
844.6
285.653
946.318
266.366
139.866
298.898
140.996
184.088
266.03
128.147
493.027
219.977
48.6465
611.53
43.2447
85.7265
349.101
675.283
982.238
802.301
827.723
668.874
769.585
965.575
271.615
6.86666
334.239
771.783
643.208
648.366
760.399
584.246
505.448
445.753
366.131
322.001
980.682
894.04
581.256
452.162
898.526
311.319
529.71
866.97
289.712
982.91
723.655
426.893
881.924
298.624
774.987
451.064
753.441
416.486
530.717
936.003
801.874
482.192
538.469
784.387
182.958
937.132
248.115
824.61
376.812
945.067
856.38
902.829
37.019
469.436
199.713
828.181
279.427
32.4412
602.893
453.23
566.485
686.666
88.3816
670.034
843.623
230.995
853.603
603.595
83.7733
202.124
421.857
784.051
896.542
672.353
373.547
578.173
357.646
385.571
63.4175
662.374
715.781
262.246
230.689
817.591
132.389
804.743
907.773
827.998
111.118
434.37
534.135
764.183
772.698
291.482
681.692
432.508
631.886
529.283
297.403
271.889
32.8684
633.473
869.991
478.683
898.709
798.303
426.649
641.682
951.689
890.469
766.106
668.05
60.6403
32.3801
834.132
281.442
871.548
335.643
648.03
873.775
377.3
816.156
676.229
991.455
583.422
22.1564
78.9819
238.105
925.748
406.598
717.002
874.172
596.088
974.487
333.354
895.169
432.6
237.19
816.218
869.686
530.717
4.73037
947.233
318.491
231.025
46.6933
542.833
915.769
640.461
154.241
394.391
293.832
342.814
633.076
913.175
732.963
455
759.85
887.02
516.678
685.354
232.307
254.189
234.87
550.005
145.238
301.462
814.966
403.729
522.568
191.87
563.219
441.694
937.651
229.072
996.765
327.738
252.754
764.336
748.039
606.372
8.81985
151.952
322.825
553.789
496.75
660.268
992.859
624.928
41.8104
743.645
604.45
152.165
532.121
582.171
584.704
452.498
722.282
295.083
925.871
998.932
344.035
734.55
429.548
812.799
554.643
265.267
992.157
732.871
754.265
437.33
212.165
717.734
303.903
957.121
101.627
837.672
174.993
864.071
181.494
112.033
61.7695
318.094
743.828
848.933
987.854
905.179
560.686
642.689
938.169
866.207
821.863
686.148
547.594
156.346
582.232
553.423
377.483
740.623
500.168
109.714
811.243
31.7698
148.259
704.337
100.314
877.499
677.358
303.049
591.906
2.28889
115.604
716.391
669.515
310.801
83.4986
579.577
437.635
958.892
205.939
240.913
681.814
598.071
3.11289
214.667
135.38
700.797
540.971
354.259
584.155
371.136
622.73
402.905
839.961
548.906
802.606
77.1203
115.055
11.9633
3.32652
339.854
827.784
84.0175
18.0364
19.2267
371.166
453.475
678.396
429.273
875.912
10.0711
970.031
148.839
498.459
105.197
876.247
615.04
265.938
142.43
231.849
687.246
8.81985
904.202
367.779
838.252
412.915
521.226
827.815
128.33
721.458
490.707
939.238
619.221
119.144
649.556
517.96
383.129
329.051
509.049
489.7
764.519
453.261
856.899
708.579
49.2569
589.496
33.3262
753.899
198.981
253.883
787.225
987.182
805.567
142.064
118.29
649.709
922.819
258.889
12.36
282.693
931.516
949.034
474.99
250.893
93.5087
858.943
770.409
650.746
951.933
361.766
271.676
384.869
232.978
476.577
828.669
683.584
406.323
812.555
59.4806
855.129
559.557
570.238
472.304
545.396
743.583
130.528
823.328
289.01
444.96
262.856
617.42
632.405
341.319
483.535
157.537
610.462
996.429
596.118
49.3179
858.089
650.624
944.243
566.82
137.516
763.695
409.009
786.004
563.28
465.407
681.57
891.903
305.094
571.001
842.128
566.088
51.3016
317.026
777.245
860.286
12.5126
474.227
466.109
462.508
748.222
993.805
667.104
762.2
596.301
842.799
36.0424
620.411
987.854
185.522
207.465
251.198
427.656
566.759
869.991
120.701
422.102
253.059
366.71
270.058
135.38
388.836
852.992
968.261
55.9404
122.776
541.398
101.505
453.322
361.492
66.1336
205.115
907.743
306.131
497.94
544.084
692.984
428.816
40.2844
148.869
294.198
44.1908
938.932
212.683
841.456
133.702
635.029
755.943
740.776
577.227
694.388
964.751
283.731
449.873
542.589
109.684
516.617
539.079
538.499
450.606
150.67
738.792
416.73
33.9976
794.794
476.852
630.634
789.575
291.452
831.843
626.728
831.324
437.544
495.468
582.11
370.556
871.273
237.19
636.128
145.97
406.262
26.9478
147.282
777.947
594.104
472.06
6.80563
952.574
796.777
725.303
540.239
842.341
550.157
519.486
27.8634
669.149
499.496
485.702
375.958
816.279
688.772
410.504
969.359
395.489
484.512
589.312
236.915
675.161
915.86
931.242
961.394
276.467
711.783
972.625
864.315
542.924
816.736
454.726
497.94
990.295
666.28
622.089
974.639
242.744
3.57067
898.16
565.813
361.705
518.174
93.6003
700.98
973.144
88.3206
804.773
398.511
100.406
908.017
157.048
659.444
108.249
280.129
550.981
855.159
664.235
356.761
565.844
640.645
124.149
608.112
678.335
424.329
247.475
301.065
951.445
925.932
649.251
769.005
350.566
853.084
894.192
753.441
842.86
228.95
640.187
599.75
935.698
400.8
736.381
587.207
811.274
262.062
682.76
175.237
712.882
718.101
357.372
446.944
739.494
927.641
417.402
531.022
704.703
350.719
280.099
283.486
216.468
134.495
90.2738
10.6815
633.9
868.465
580.34
514.054
56.917
239.418
228.889
238.868
5.70696
619.037
624.928
807.489
945.769
113.346
442.824
718.68
314.676
107.089
935.27
494.308
207.648
833.033
349.681
54.4145
376.782
998.047
175.298
602.039
701.651
997.223
625.782
799.249
786.431
746.879
265.053
515.183
840.541
668.203
181.829
927.885
498.459
852.29
618.854
260.475
735.527
938.2
463.942
934.08
535.325
735.313
508.438
417.035
465.712
120.701
879.269
553.575
818.934
243.507
551.469
651.509
472.61
566.973
346.721
111.454
127.72
779.687
324.656
878.17
79.6838
107.303
972.9
495.041
178.838
55.8184
102.145
44.1298
136.906
117.649
852.809
751.396
835.017
472.091
718.802
539.628
790.277
210.822
995.605
309.946
436.598
120.548
558.245
232.887
376.293
552.995
375.439
830.409
258.644
414.35
666.555
130.497
441.603
805.078
107.181
675.1
92.9899
341.288
990.173
662.587
887.448
689.138
747.307
6.77511
955.199
343.059
739.402
592.761
239.174
179.815
719.474
511.338
916.562
818.903
876.583
553.484
40.8643
320.78
865.535
745.384
61.2506
254.616
729.453
206.122
374.798
666.005
121.128
108.798
568.316
976.501
729.392
26.1849
505.936
346.202
316.66
442.701
918.577
530.137
274.606
713.401
651.57
760.369
102.878
251.717
226.844
684.469
718.619
226.783
875.79
892.087
1.77007
551.927
698.904
60.5182
483.352
445.112
108.951
250.862
582.324
343.364
213.416
385.479
297.586
451.674
292.428
438.704
761.315
707.816
29.0841
371.441
560.015
444.746
647.786
341.35
229.072
531.297
616.749
219.459
827.754
272.622
71.6575
944.853
0.244148
851.863
616.138
748.344
429.487
593.738
655.141
776.757
89.6329
832.118
918.241
148.595
203.803
661.885
328.196
972.777
312.937
357.067
872.036
361.37
362.468
736.32
629.475
967.986
212.531
256.6
616.749
82.3389
478.652
116.977
600.513
813.318
108.249
153.203
538.835
390.545
600.299
804.651
805.536
116.916
273.202
934.69
853.877
2.38044
488.357
785.974
475.845
610.736
234.504
851.65
313.73
150.548
980.071
943.785
779.443
341.594
199.042
240.364
38.6059
87.7712
477.218
592.151
215.4
487.93
604.419
870.357
474.013
215.888
559.526
636.647
133.61
800.958
794.427
916.929
472.732
839.747
722.77
359.325
379.131
671.224
820.185
558.947
501.968
545.854
242.134
829.096
61.8
819.971
365.612
201.605
975.402
206.732
160.619
936.674
450.819
615.467
798.486
323.771
710.044
609.455
402.112
54.8418
994.171
14.5878
345.897
950.957
508.469
709.647
9.76592
323.649
463.118
129.063
395.398
752.709
865.719
510.453
509.323
560.503
221.992
416.913
920.469
765.526
801.325
566.424
397.29
795.282
622.456
498.886
31.4951
740.318
816.523
112.4
754.326
430.586
523.118
599.902
651.509
115.116
975.982
817.469
983.489
26.8258
934.111
615.375
316.843
612.812
115.085
163.671
673.421
712.455
786.554
802.667
103.092
463.637
171.941
450.27
586.84
219.001
827.204
97.4151
675.863
253.029
644.215
422.315
773.614
541.429
637.745
55.1775
466.353
394.116
171.361
524.735
809.107
222.968
779.626
417.493
972.472
225.471
241.646
781.213
157.537
265.633
63.3564
303.568
184.301
733.726
23.9875
297.983
660.207
665.181
943.205
26.5511
135.044
901.242
325.266
392.926
148.656
571.215
36.5001
534.959
576.891
678.762
672.109
349.345
183.203
72.512
768.487
479.049
781.487
583.087
518.021
794.885
916.044
607.074
141.545
902.402
466.018
919.736
575.518
705.496
79.5007
997.284
629.933
558
843.959
630.451
272.958
34.2418
99.4598
110.05
199.164
850.032
800.653
766.167
336.741
965.331
333.598
142.094
450.758
399.884
194.281
584.368
498.215
792.901
434.492
529.923
891.446
237.953
281.564
271.889
325.785
425.001
838.191
485.061
328.043
619.77
268.593
292.52
181.921
512.528
377.27
154.271
386.7
467.391
986.602
359.722
305.216
202.979
19.2572
404.614
157.689
436.11
692.587
34.2112
17.3956
519.578
729.759
233.65
964.69
605.487
995.422
946.745
55.269
364.971
460.921
804.621
259.438
796.045
906.308
645.497
27.955
150.273
264.534
106.449
641.377
510.422
14.7404
69.0329
998.718
48.9212
530.503
239.235
1.86163
500.076
789.331
643.88
192.022
875.637
349.925
324.015
794.122
956.389
3.296
6.98874
825.831
590.106
3.57067
38.1481
427.351
327.311
285.623
353.648
68.1478
426.283
574.969
775.475
786.615
758.599
796.625
409.986
119.541
645.985
688.864
431.349
877.132
160.344
28.6569
30.7016
419.843
917.875
374.371
812.952
593.86
898.312
732.261
421.644
980.377
321.329
53.3158
674.245
616.169
110.294
966.399
987.609
840.815
975.555
653.554
376.354
427.198
647.755
274.728
804.712
651.387
293.191
847.133
172.582
458.419
641.835
986.145
718.436
379.772
859.432
413.648
118.625
359.264
695.181
640.522
65.981
143.223
935.85
728.599
607.624
391.552
698.05
539.659
24.0486
165.532
589.312
376.507
530.473
949.095
269.875
422.987
581.53
859.157
445.875
889.309
60.8844
202.094
825.617
268.288
136.967
32.0139
69.7348
609.638
65.5538
866.97
267.129
217.566
721.458
219.916
967.132
679.037
139.348
100.436
299.692
627.766
846.217
143.162
215.064
151.28
265.419
519.547
373.272
246.529
975.097
288.949
715.629
230.689
100.375
345.744
249.031
513.169
622.486
618.061
74.4041
635.395
884.487
674.795
190.619
984.222
75.808
397.198
104.801
85.5129
976.714
871.029
780.786
884.243
743.248
155.766
956.664
916.623
15.0151
87.0083
362.529
781.762
126.255
768.181
870.266
817.866
701.468
908.139
105.686
389.935
417.432
660.573
555.376
695.303
212.287
121.86
698.325
492.386
723.075
143.04
194.891
660.237
233.192
612.69
663.015
993.896
910.794
866.726
73.9769
142.46
619.373
381.298
298.379
96.2249
82.1558
405.499
833.857
128.483
680.807
689.261
245.491
599.048
670.522
963.53
350.688
524.918
92.2575
328.562
679.128
325.388
163.457
206.793
239.57
646.626
428.602
16.1443
124.363
672.811
450.606
220.496
983.398
830.103
324.808
913.358
897.946
288.888
796.167
590.808
686.728
171.728
261.269
270.486
174.474
872.127
436.628
612.14
454.787
391.125
973.815
196.509
678.213
97.7203
803.491
618.946
397.259
819.3
488.937
553.301
999.115
668.325
370.769
443.007
257.332
511.917
783.929
975.402
534.41
489.822
127.842
995.239
665.426
487.808
72.0237
14.3437
55.0249
972.198
676.962
972.839
18.2501
92.0133
712.668
408.521
896.97
455.123
955.87
691.244
982.696
484.146
746.483
477.309
777.642
758.965
585.62
41.2915
624.592
251.686
55.5132
640.889
237.373
860.439
843.165
571.154
162.816
148.259
148.503
64.6382
705.771
693.381
258.919
693.319
348.064
956.938
570.818
428.724
193.091
74.5567
839.595
16.6936
466.811
478.378
939.787
822.657
606.738
754.57
915.677
803.766
970.214
644.368
604.755
764.641
692.618
593.341
614.154
552.232
727.958
755.882
932.31
346.416
601.489
861.171
956.267
702.597
907.285
846.431
216.407
502.518
80.4773
664.388
579.943
469.649
476.791
170.354
213.569
404.92
289.377
496.17
87.7102
799.89
335.368
816.187
302.866
982.604
242.195
912.412
19.2267
453.383
66.1336
444.685
271.371
565.966
873.379
332.194
448.836
210.791
315.287
152.379
723.991
656.453
729.331
963.988
208.38
205.512
796.075
459.792
118.9
821.131
284.799
856.136
734.886
380.566
917.661
424.574
427.564
711.997
884.396
72.7256
542.985
70.6809
38.9416
879.971
419.813
210.822
308.695
994.446
322.855
709.464
347.758
797.937
574.236
698.447
966.002
744.194
662.709
661.122
364.391
777.581
613.086
449.355
708.487
737.999
396.405
177.831
70.7724
658.315
662.587
151.341
273.721
360.759
576.312
481.582
664.266
258.248
38.0566
549.821
351.115
767.113
70.7724
971.221
936.583
237.342
654.073
217.566
273.202
806.97
786.828
554.46
277.688
85.818
59.5721
449.11
332.102
76.5404
517.869
105.075
304.758
237.342
98.056
280.343
721.03
94.0886
416.334
44.7096
116.062
307.321
192.755
632.984
100.467
600.604
91.2503
50.0504
169.805
456.282
256.752
584.185
789.85
985.565
331.034
884.854
788.141
878.018
228.187
761.04
583.728
837.916
451.094
356.822
285.897
412.885
230.323
860.012
193.304
621.601
266.366
399.945
724.754
286.264
356.792
291.635
312.876
476.608
689.23
281.198
291.94
971.587
81.7286
949.95
311.075
144.475
951.872
932.737
304.178
178.716
294.931
107.028
547.502
19.3182
454.115
408.948
836.665
967.437
961.974
432.539
313.852
323.405
236.091
468.459
976.867
985.29
409.345
138.279
400.647
408.094
75.869
281.045
703.543
831.294
234.748
247.658
288.339
179.51
211.951
259.926
390.545
543.931
842.128
990.295
963.958
649.434
691.244
18.4942
935.82
214.637
601.825
321.482
362.255
610.92
341.38
452.589
515.213
725.944
635.792
566.759
432.417
439.253
368.633
947.386
961.516
614.765
227.729
191.473
829.31
17.6092
580.401
709.433
768.151
60.7624
858.242
695.242
229.743
787.988
233.039
223.823
718.375
999.573
864.986
631.52
274.239
926.725
504.288
836.055
138.89
361.034
727.775
752.129
133.061
645.497
591.174
459.09
778.985
432.63
978.912
276.742
697.867
617.084
432.417
405.53
314.219
347.636
738.09
287.545
397.961
526.078
56.3066
344.493
475.6
698.355
872.768
248.665
641.896
744.682
553.24
383.679
803.217
274.575
783.227
650.624
883.663
133.488
673.421
276.406
25.2998
926.756
812.738
780.084
314.158
967.376
49.44
753.746
62.1662
554.186
282.662
614.154
177.74
986.023
44.0992
981.353
654.988
218.513
152.776
840.144
713.492
569.964
222.846
141.606
619.739
381.878
306.253
999.878
721.519
41.261
451.582
140.782
726.218
270.15
459.883
759.331
754.662
89.2361
619.312
440.809
201.727
361.339
699.271
303.232
934.66
321.36
985.748
16.419
860.347
998.81
638.874
854.457
393.536
938.963
153.935
437.3
856.319
129.46
207.282
318.613
340.312
537.919
668.081
74.9229
63.4785
167.241
57.3748
53.5905
752.007
34.6995
235.939
434.767
78.8293
981.292
601.398
764.183
690.298
716.971
576.769
613.117
851.619
9.09452
671.102
521.287
242.897
419.233
893.704
879.36
937.01
495.071
803.003
906.919
89.8465
823.969
971.618
382.794
375.317
853.603
148.442
283.273
695.12
887.051
899.655
984.863
195.685
157.353
8.85037
187.658
122.745
388.836
418.989
215.949
545.091
750.725
995.849
851.711
478.561
609.729
895.444
357.646
442.122
987.823
816.248
846.095
976.287
131.016
917.051
649.586
156.072
96.0417
682.516
850.002
629.17
760.735
516.861
621.632
210.73
164.281
347.667
545.64
566.24
584.338
20.4779
550.798
13.245
256.05
765.648
637.898
973.846
140.507
518.815
43.3363
108.219
647.908
376.171
998.688
661.916
722.068
965.636
741.783
56.3677
192.724
15.2593
936.552
255.531
801.508
900.357
156.835
938.658
807.947
450.117
591.296
11.1698
581.988
795.526
624.744
484.939
88.8394
539.354
453.352
258.248
673.025
29.664
388.836
828.211
46.9069
18.2196
8.45363
465.377
891.293
484.787
807.031
883.175
972.961
908.719
507.096
931.944
186.377
769.097
683.554
350.383
425.489
554.674
859.004
104.373
691.641
64.6687
726.066
345.073
344.127
282.052
652.821
517.624
899.838
600.146
127.75
651.051
287.606
684.011
300.516
361.522
964.141
748.192
274.331
599.506
797.296
531.053
306.955
672.292
123.6
748.375
575.945
573.168
885.372
306.162
664.48
148.747
254.311
54.7807
424.36
134.983
648.061
365.123
372.265
593.951
544.877
308.573
275.002
782.128
4.02844
721.488
81.1182
981.445
297.25
935.759
853.877
324.808
557.665
456.74
862.819
146.672
852.718
369.64
489.578
890.439
587.176
755.638
104.587
103.519
642.384
898.862
570.513
552.141
158.086
566.118
528.947
985.565
363.201
139.622
126.743
582.965
361.461
884.732
337.84
612.506
278.634
133.641
537.095
334.727
677.084
666.494
482.437
681.631
644.398
70.6809
361.217
741.874
461.837
360.271
57.5884
584.246
259.377
636.219
296.548
450.27
563.005
68.8803
821.345
847.011
141.24
984.161
260.323
571.459
56.4287
334.178
839.473
198.279
327.433
334.361
596.759
61.1286
109.958
547.288
255.013
259.743
800.714
195.441
408.918
723.411
971.587
983.703
182.836
862.606
540.117
212.439
15.7781
839.473
82.7357
463.515
729.179
989.013
696.646
639.241
534.41
421.613
316.721
636.494
136.021
338.664
894.131
436.506
586.779
92.1659
341.838
892.331
50.8744
519.944
654.897
994.232
131.87
587.268
109.684
895.627
921.079
866.543
950.652
479.293
422.864
885.922
468.52
746.33
513.474
878.689
878.231
808.313
88.9004
963.805
901.395
764.55
558.855
289.712
460.341
245.094
342.326
172.185
389.63
901.059
521.622
757.408
571.429
623.493
310.678
241.89
400.952
772.118
494.156
180.303
988.311
194.861
493.576
912.198
2.8077
319.895
216.407
639.302
566.149
100.925
344.92
184.545
100.681
97.5066
220.496
963.866
539.079
471.236
979.949
201.849
801.386
179.174
100.131
923.551
946.074
145.94
7.01926
752.007
901.212
695.425
905.301
44.4044
181.646
23.4382
484.97
396.985
499.344
993.133
661.519
50.3555
671.773
32.9905
4.88296
226.722
736.167
420.789
14.7099
929.624
674.52
732.414
897.275
238.044
656.423
738.731
0.518815
626.026
205.817
530.656
564.013
338.511
197.577
154.057
938.902
355.571
90.5179
535.63
935.453
975.372
303.079
981.048
453.536
547.716
137.73
26.6427
52.4003
389.386
160.588
926.054
616.626
411.878
442.061
552.263
773.278
493.912
565.416
997.864
218.146
128.727
808.985
652.852
605.823
378.613
408.551
42.848
160.619
666.738
305.918
208.167
664.541
438.52
290.231
904.996
978.423
223.365
937.956
410.23
752.434
127.812
258.003
211.097
482.437
291.757
448.408
360.759
568.163
338.786
670.125
781.06
529.618
351.909
245.003
293.954
38.0261
405.805
183.752
662.77
917.447
187.14
450.24
424.146
773.095
734.062
868.313
792.596
403.424
825.648
77.456
418.348
651.051
53.621
443.709
280.19
849.788
106.601
331.553
494.064
523.392
298.379
643.696
319.01
492.782
871.914
34.608
141.789
47.3952
109.714
704.093
721.152
337.474
782.342
176.977
472.854
643.178
965.667
976.012
77.6391
677.023
759.056
592.73
191.9
575.671
934.66
664.205
543.687
737.388
50.0198
760.613
194.586
161.657
54.5061
690.481
248.695
446.76
921.415
729.911
790.338
101.932
336.344
681.692
331.431
330.18
973.968
170.965
549.883
938.139
393.353
83.2545
600.269
528.977
84.3532
551.317
777.978
634.938
694.937
397.29
818.262
945.372
971.862
436.079
611.042
286.935
445.357
546.068
613.33
511.948
389.325
914.06
739.83
950.926
87.8628
360.027
13.4587
586.23
940.001
148.32
757.012
602.557
433.424
191.321
606.8
470.26
518.662
52.1256
129.978
218.726
414.808
652.028
326.762
54.9638
378.185
89.6023
798.364
984.436
465.285
477.279
862.392
589.892
820.856
201.544
396.741
624.836
522.721
513.688
693.258
577.563
514.725
856.288
102.298
862.239
658.376
832.698
749.779
793.115
435.224
225.288
107.486
998.23
330.821
968.657
698.386
428.785
431.41
484.146
717.704
620.594
264.931
282.205
851.558
363.475
417.341
238.197
73.8243
435.469
955.626
448.653
703.055
557.299
188.574
73.4581
500.046
224.25
796.96
71.0471
88.1069
570.971
863.613
232.185
476.424
925.779
835.871
418.714
968.535
210.547
950.133
413.892
236.518
843.104
151.158
290.231
842.799
296.854
36.5001
701.01
990.112
975.86
857.54
2.01422
781.426
559.893
108.341
609.638
770.837
476.974
734.153
501.419
86.8252
658.65
489.578
265.419
908.872
235.023
478.927
604.999
578.814
325.388
409.162
704.306
128.452
580.92
587.146
361.95
504.349
635.334
192.267
298.166
270.791
120.212
855.617
542.222
73.0918
401.044
76.9372
305.918
641.469
689.993
511.246
249.916
617.328
692.099
655.202
548.906
983.215
440.901
965.392
661.55
377.148
479.568
939.634
212.012
73.4886
44.2824
192.267
889.187
910.672
405.56
54.7807
769.25
947.417
24.1096
733.299
968.932
129.124
677.633
553.636
34.5775
744.987
214.057
325.755
974.151
957.152
88.5342
358.715
337.748
183.996
339.518
156.743
253.609
617.695
160.649
328.867
825.037
657.826
724.631
742.149
795.038
542.436
415.357
450.484
884.976
957.701
124.302
430.342
713.034
906.827
767.876
653.859
699.21
620.655
681.356
531.449
862.728
790.155
46.5102
254.707
918.332
902.219
8.30103
70.925
577.776
960.875
637.41
20.5084
462.477
373.791
394.665
168.615
533.83
286.66
253.883
862.026
447.279
145.573
138.829
42.6649
736.686
769.646
831.172
149.388
234.596
714.133
5.12711
638.325
635.64
206.366
545.701
653.981
608.264
434.919
805.872
881.954
361.766
473.281
959.899
114.414
74.8314
620.167
108.341
559.923
91.1893
436.537
291.482
428.266
289.529
261.391
66.8966
822.474
533.311
487.381
808.161
468.184
606.861
377.117
379.986
312.601
544.176
702.231
347.087
523.545
756.432
985.473
372.082
920.133
864.681
627.857
959.41
366.68
643.788
701.834
200.842
160.344
983.978
691.519
679.739
944.456
276.162
961.638
189.093
178.167
127.537
236.091
420.82
694.479
813.257
867.763
281.777
376.873
370.708
180.273
992.95
486.679
742.973
663.503
628.162
672.048
876.766
303.751
248.482
189.611
182.257
830.012
288.675
370.586
260.231
157.323
351.543
861.965
302.957
808.954
67.1102
674.52
75.3197
598.01
172.308
568.743
882.382
350.322
467.574
809.839
429.06
949.37
806.757
822.993
979.247
484.909
776.452
780.541
719.535
786.37
220.985
651.906
734.489
122.074
269.509
747.52
499.374
345.927
20.9967
288.461
296.884
272.408
544.053
32.3801
463.82
561.724
347.056
487.716
874.02
895.352
975.707
746.483
564.104
724.54
893.216
468.184
907.895
371.746
300.546
44.6486
245.796
767.357
51.8815
478.317
375.835
601.764
322.306
4.24207
811.945
175.512
183.477
987.884
216.224
727.287
744.102
129.063
911.405
521.928
10.712
504.349
879.269
479.659
125.706
478.133
152.135
627.155
138.34
14.3437
2.77718
152.44
965.453
419.721
839.595
344.554
697.562
49.9893
213.05
198.981
907.285
10.1932
839.778
970.58
115.574
380.383
50.4471
454.97
72.8172
997.955
567.705
279.702
10.2237
327.921
20.3864
986.328
518.479
452.284
100.589
184.82
209.357
709.799
769.066
561.602
817.225
17.304
416.181
22.187
895.474
404.309
384.045
749.901
765.862
790.979
756.035
461.806
875.179
542.375
820.368
643.3
216.987
828.73
113.681
42.2987
973.785
323.862
451.033
204.627
36.0424
272.652
848.201
331.37
554.796
458.998
743.095
240.089
183.233
105.258
422.102
710.685
164.464
234.809
58.0157
997.009
920.774
528.459
264.962
786.187
301.34
206.519
577.898
386.212
144.597
967.376
761.528
423.292
310.739
513.932
355.968
830.134
841.792
699.301
364.91
406.873
404.34
822.84
492.477
735.038
672.231
107.639
835.17
726.585
804.621
891.446
435.408
588.885
675.954
560.808
602.283
486.923
14.4963
761.773
406.354
684.011
104.923
916.074
254.555
442.366
211.859
576.098
951.262
464.644
380.23
648.457
151.982
157.659
768.975
18.2501
616.108
499.771
174.017
604.785
164.373
792.871
897.183
380.2
747.917
80.5383
616.626
382.397
534.745
513.443
416.211
253.212
420.24
443.129
628.498
333.262
867.519
525.62
649.007
844.569
484.207
616.26
377.239
192.633
241.859
736.381
440.962
918.638
744.163
893.979
859.798
333.201
450.026
38.6364
304.666
363.506
258.431
933.164
609.272
643.88
360.454
221.503
689.352
382.366
765.282
476.333
527.055
33.6314
406.232
505.325
375.347
309.854
233.375
699.24
839.93
560.595
198.279
701.804
993.805
53.4379
537.95
183.416
181.89
185.797
263.649
999.39
670.98
159.948
261.208
514.115
801.538
152.074
908.811
373.089
798.059
506.821
618.488
502.609
893.643
988.189
207.923
619.953
925.382
618.671
508.621
34.1197
56.5203
137.364
116.184
19.0435
782.189
608.509
690.115
540.361
874.02
211.585
708.029
616.657
421.094
744.377
81.6675
97.1404
622.394
870.235
540.361
136.326
487.625
640.522
188.086
147.221
102.481
324.046
140.996
514.328
614.673
73.9769
650.96
847.774
596.698
464.187
621.845
59.4501
942.137
425.886
924.558
43.0311
951.048
615.925
417.188
238.38
761.345
747.917
76.4794
862.178
782.098
917.631
146.947
85.757
284.738
453.627
713.645
941.679
809.168
324.717
605.09
239.479
540.239
635.06
32.7158
273.202
311.258
238.563
872.707
600.604
390.851
3.81481
996.399
676.168
709.067
760.338
556.413
618.732
679.25
457.869
633.625
895.352
272.011
569.933
151.708
202.094
497.208
272.561
465.835
323.679
950.438
429.884
531.083
252.632
580.187
917.325
57.4969
349.742
332.255
314.28
557.451
826.319
826.868
496.902
691.977
330.546
725.517
162.694
822.26
918.119
943.632
817.896
172.216
189.123
364.94
259.041
508.957
872.25
214.179
79.9585
746.727
637.226
744.255
235.45
381.207
417.371
393.994
192.541
160.07
22.9194
73.0613
701.346
896.084
326.701
729.881
715.903
828.974
803.339
859.066
497.055
442.457
703.146
104.526
427.808
142.766
642.201
614.795
573.077
704.306
889.462
306.009
514.817
889.523
132.572
689.932
493.667
148.778
3.44859
422.315
388.684
806.513
144.597
228.248
565.966
639.821
98.0865
360.912
127.842
256.203
797.906
249.519
593.738
176.092
946.776
493.24
543.748
26.9173
59.4501
856.746
256.417
754.57
453.169
424.268
872.219
258.736
966.277
568.01
112.949
358.562
686.88
887.051
89.9686
494.156
472.793
773.614
230.689
71.1386
543.107
762.169
856.075
853.877
923.856
318.125
439.314
313.456
28.0465
222.297
78.0053
337.657
152.135
207.282
209.754
207.862
169.134
1.86163
103.58
250.16
200.934
440.199
158.025
66.3778
549.944
791.406
536.912
751.518
671.804
966.277
174.291
3.75378
470.504
757.134
680.044
533.28
697.043
767.205
176.611
676.046
732.505
185.553
599.261
619.16
537.645
64.1194
489.914
143.559
49.2874
252.907
816.645
290.75
805.689
649.586
849.849
859.432
81.1487
919.797
626.209
138.462
312.174
344.523
31.7698
782.678
95.4314
950.591
35.5846
237.098
539.628
580.432
104.709
616.657
251.717
57.9852
332.347
446.821
739.647
106.204
310.007
172.216
511.856
172.735
275.216
838.801
655.721
820.399
565.538
856.105
175.329
837.886
910.825
246.04
870.785
727.989
594.409
284.066
39.2468
728.446
14.771
939.238
779.962
22.6753
678.915
19.2877
183.569
295.969
158.3
427.381
188.055
293.741
39.491
435.713
381.298
537.98
399.579
383.74
532.487
858.119
838.649
706.076
133.457
892.605
600.024
696.554
730.613
217.444
809.656
915.403
329.478
258.003
365.886
644.734
652.638
640.095
510.788
299.295
532.273
136.967
614.582
198.737
219.123
868.191
203.955
607.105
888.302
906.491
766.076
446.394
123.783
949.583
358.776
590.228
662.832
212.104
559.252
143.559
181.005
195.013
781.335
615.436
400.006
487.716
493.454
389.996
298.532
260.079
368.175
403.15
708.213
599.872
894.742
430.128
75.2281
352.214
485.336
890.774
669.851
617.359
607.379
578.753
23.5908
562.761
971.953
220.71
876.949
705.893
310.251
271.92
417.524
324.015
769.402
854.122
90.9146
147.343
458.235
242.714
764.824
991.302
175.146
808.679
527.97
484.664
848.598
821.955
905.118
549.821
721.702
22.248
769.189
791.009
812.433
364.025
732.2
446.944
680.319
841.029
295.602
64.5161
31.0068
797.662
541.948
549.028
190.13
632.679
648.518
747.887
977.325
301.675
4.82192
223.579
12.0243
524.888
214.515
372.631
982.299
105.899
763.604
546.19
907.468
268.471
635.731
328.959
926.359
416.73
656.026
632.649
642.323
225.684
844.844
760.002
555.742
468.062
562.334
95.8892
616.077
483.566
725.425
581.53
423.963
697.104
878.17
628.132
115.36
92.0438
396.985
626.392
458.174
44.9232
611.988
707.816
193.213
427.473
125.187
914.151
150.609
382.641
107.822
431.623
172.674
680.746
856.899
45.4421
374.95
61.7695
393.017
471.664
775.933
470.534
380.444
721.793
827.754
590.289
150.7
157.292
878.048
581.744
110.782
389.691
94.8515
433.241
317.606
682.333
885.952
828.639
499.557
10.651
342.845
938.78
306.619
436.903
742.393
43.2447
70.3146
955.382
635.334
388.562
854.549
464.675
554.765
188.513
78.7072
23.3772
874.447
173.864
494.583
44.7401
849.055
596.698
797.571
587.603
367.199
96.2554
654.225
398.724
448.683
332.53
427.046
863.857
16.9683
793.329
377.667
522.752
978.576
681.661
629.902
305.338
139.866
289.468
673.696
144.536
993.805
763.787
691.549
122.318
906.064
671.773
488.144
805.383
733.757
270.974
305.185
926.42
406.262
890.683
301.706
67.2323
500.87
331.004
982.116
500.351
343.181
685.842
352.428
844.691
664.663
495.621
86.6115
692.373
347.819
636.86
483.566
862.056
290.536
853.755
496.506
435.835
920.957
339.091
616.047
235.328
393.689
269.845
887.844
893.674
999.481
704.428
846.278
179.266
818.14
747.185
645.436
727.989
147.862
387.036
168.676
839.503
740.44
916.074
397.809
494.583
374.615
334.239
823.45
249.306
798.791
647.176
177.435
162.389
573.595
462.203
269.112
411.969
846.767
789.88
205.908
758.171
590.35
456.679
780.358
507.584
332.347
35.3404
304.025
135.899
913.694
698.965
670.37
225.135
301.798
905.118
926.969
871.395
992.065
316.477
138.859
219.611
28.4738
864.04
824.488
281.747
174.81
358.715
744.53
693.96
266.945
558.794
326.06
569.964
278.756
97.9034
502.609
106.052
131.626
181.158
251.076
94.4548
779.595
454.848
607.776
0.946074
600.94
956.206
443.831
763.512
628.04
549.638
781.701
967.62
645.985
755.516
933.927
554.888
691.641
377.575
245.552
721.213
984.649
835.688
721.213
160.375
820.887
609.79
317.972
309.977
460.433
701.468
186.041
755.242
540.696
519.181
637.41
447.401
46.2966
93.936
124.485
892.85
366.832
30.9763
9.91852
969.085
473.708
104.099
408.368
524.033
747.398
898.862
881.924
414.808
486.373
410.81
270.425
141.911
629.017
5.24918
437.635
735.771
719.321
644.307
214.637
51.1185
648.457
787.713
321.94
126.286
202.612
874.325
551.195
762.566
948.943
789.148
987.915
981.109
490.463
223.518
556.627
512.711
621.57
333.903
669.454
977.233
414.991
605.701
259.194
908.414
771.752
328.532
979.064
281.106
465.194
589.038
848.872
696.249
210.517
187.475
130.436
880.612
790.796
384.411
712.455
657.094
771.05
883.877
786.157
41.963
831.263
958.769
93.8139
625.599
249.977
125.401
530.229
892.026
569.567
273.141
379.162
634.907
973.968
655.019
965.88
124.973
411.206
646.29
6.86666
185.919
990.814
676.687
438.124
834.651
688.07
242.683
3.02133
642.109
886.166
406.262
381.512
471.358
787.347
685.995
141.301
748.741
224.677
747.215
292.673
924.162
905.393
797.174
728.172
277.657
616.749
91.4029
328.043
727.592
426.71
457.9
13.184
796.808
409.497
244.881
526.505
393.902
927.854
598.804
224.006
564.531
3.44859
478.652
657.064
870.052
806.207
312.723
226.6
549.303
793.97
704.489
691.397
119.724
534.043
93.0509
810.419
574.297
737.48
775.658
901.761
830.378
537.4
196.936
598.498
586.718
542.985
912.778
583.3
245.125
699.85
133.61
582.629
52.5224
488.479
254.555
402.02
120.09
491.653
277.688
283.609
475.845
862.362
533.525
367.26
806.177
723.38
607.349
536.302
43.5499
29.6945
876.949
429.395
456.038
925.108
567.797
899.747
394.787
123.936
732.414
702.506
356.395
350.017
59.328
692.434
515.549
362.926
918.821
312.021
384.899
603.656
550.829
652.394
758.08
990.631
802.026
867.397
592.09
897.458
317.82
222.419
985.504
843.379
595.691
559.679
908.567
927.976
806.024
460.128
841.426
541.307
787.011
884.396
976.959
380.566
119.327
573.138
144.23
304.788
687.49
988.861
108.951
58.4735
633.351
79.2871
406.934
395.856
108.829
645.131
367.382
636.586
733.543
591.754
481.429
184.484
163.61
847.56
773.125
40.376
678.488
229.163
328.135
840.205
191.046
35.4015
637.288
449.934
588.305
650.838
910.55
648.274
807.917
940.55
18.128
928.648
557.787
716.91
214.728
951.323
84.109
60.0909
303.201
677.328
894.742
773.4
393.902
715.476
843.654
754.173
916.196
912.992
483.291
562.548
37.843
722.098
90.3653
968.352
149.174
372.784
272.103
757.805
567.644
383.892
558.611
581.439
119.51
442.915
887.783
124.027
754.936
186.499
389.172
378.216
851.955
912.564
372.967
302.774
366.71
754.906
930.021
646.992
485.488
352.672
49.7452
222.205
934.721
544.603
661.885
402.142
605.67
120.09
507.95
132.511
649.922
158.33
249.428
232.063
701.468
986.297
718.375
265.816
382.244
287.301
716.727
771.569
747.246
391.278
271.004
121.525
824.915
277.596
748.07
799.646
909.94
322.55
738.487
376.415
764
321.665
113.865
962.127
380.993
819.086
164.22
419.782
473.098
274.606
221.442
119.236
333.476
100.04
675.741
513.535
232.673
95.706
790.582
318.522
3.96741
318.857
222.907
577.563
974.792
914.762
654.561
392.102
899.777
942.045
441.328
599.597
52.3698
723.472
685.873
179.693
130.711
753.166
640.584
670.614
134.037
691.946
846.919
376.049
866.482
481.674
917.356
644.856
223.457
109.989
365.856
3.69274
918.332
56.8255
393.933
425.001
803.888
953.642
37.4157
510.575
446.394
486.74
581.408
872.463
107.669
76.3878
648.61
492.66
791.559
362.041
867.916
342.296
511.002
25.7881
529.466
41.7493
432.447
984.924
131.932
843.532
53.0717
484.725
229.011
717.978
67.6595
123.081
480.636
824.305
80.9961
337.87
315.836
147.404
822.596
388.562
113.041
581.988
19.0435
363.109
304.056
245.003
581.53
241.646
308.42
298.318
263.344
547.899
703.879
61.9221
444.807
619.831
539.506
699.698
201.27
30.6711
197.577
258.431
310.617
191.626
710.776
342.051
356.212
667.348
940.275
201.361
582.232
235.633
521.805
521.378
656.85
222.571
985.504
686.972
999.969
144.2
955.473
808.557
831.751
186.224
836.238
288.4
598.071
552.66
891.232
209.662
929.075
214.911
120.518
328.501
787.103
92.8068
843.41
951.231
960.845
198.126
392.376
477.371
560.595
772.332
824.61
890.103
672.628
949.919
57.4053
975.066
827.296
978.179
333.75
548.906
438.154
525.04
423.811
479.202
868.13
105.869
469.558
776.055
278.603
160.68
877.895
537.767
918.271
813.227
168.798
30.8542
7.32444
842.586
185.095
686.544
874.111
899.289
569.475
293.863
499.313
496.536
915.616
171.941
125.34
808.222
499.13
601.733
85.7265
804.804
995.239
298.624
512.009
758.293
88.29
207.678
73.4275
647.603
381.115
402.081
406.446
495.651
508.499
366.466
389.569
169.317
862.636
446.364
920.469
673.391
835.78
744.652
350.993
470.107
987.03
246.712
237.098
855.312
38.8195
455.519
558.916
922.239
110.233
317.27
68.0563
144.871
92.349
719.657
918.332
111.362
572.802
343.608
235.359
439.192
215.278
149.663
782.617
403.18
0.396741
280.496
378.613
307.779
234.107
660.634
223.029
134.587
729.942
74.5567
786.889
496.597
71.1997
5.06607
423.353
430.311
359.966
11.9022
355.876
56.8865
357.952
933.287
199.164
644.093
426.801
690.695
669.881
99.1241
173.162
978.332
642.689
425.275
205.145
618.915
208.777
171.819
906.369
866.298
892.056
410.108
633.839
437.025
680.166
265.603
245.918
551.408
25.9713
538.255
366.68
765.618
476.272
441.908
292.581
876.186
83.285
994.049
948.302
677.938
256.111
87.0693
797.479
856.624
207.404
772.942
114.75
797.754
652.425
791.223
525.559
592.364
915.891
873.135
219.489
21.7902
103.671
851.985
743.95
801.782
494.98
111.545
783.99
867.672
811.335
403.607
834.956
982.177
519.15
565.722
173.62
446.211
821.467
170.843
34.669
194.952
495.529
639.821
398.45
59.4195
232.215
847.774
296.091
475.784
633.656
756.249
38.8806
422.895
525.529
101.657
277.322
869.716
739.769
671.957
296.67
513.657
24.3538
202.033
455.031
91.3114
236.427
419.996
170.415
42.6649
474.593
274.514
362.621
809.961
307.138
875.729
756.645
552.66
752.159
179.632
953.551
559.801
165.746
948.393
675.314
140.568
694.937
16.8767
89.5718
275.002
451.003
397.412
620.808
805.383
59.9689
253.456
154.057
450.026
746.208
273.843
37.5683
420.667
605.396
478.408
790.338
924.558
223.518
986.816
921.049
332.377
297.403
781.243
764.763
293.802
413.739
994.781
743.248
581.317
642.415
756.066
955.29
943.693
100.65
122.166
503.708
750.877
143.986
130.375
464.492
710.837
340.648
500.595
905.21
439.833
885.006
19.0435
858.058
167.852
607.227
135.35
654.592
359.752
234.443
803.186
527.848
533.586
60.4877
96.7742
888.424
57.8326
679.739
633.9
180.395
207.984
941.862
336.68
723.93
264.473
783.532
561.571
450.056
932.585
93.2646
129.765
934.69
866.024
265.786
289.346
637.349
575.335
602.039
139.988
751.457
502.213
211.005
552.324
572.13
541.093
570.177
112.064
787.866
789.178
399.915
121.372
602.069
806.513
9.00296
187.689
91.2809
166.723
766.839
431.99
705.71
580.34
858.821
847.194
318.644
371.319
981.445
838.313
730.979
588.58
133
475.631
37.0495
533.464
155.98
491.867
758.232
984.497
188.055
554.582
149.785
900.571
677.267
845.668
588.672
883.969
117.862
478.195
446.852
184.454
163.549
782.952
357.677
525.498
273.232
994.842
280.953
534.135
546.831
371.258
272.988
55.4827
906.461
273.324
368.145
133.396
279.641
241.127
477.95
938.292
940.855
594.47
713.767
423.475
667.226
590.167
39.8877
991.394
865.322
667.409
662.954
950.682
324.473
811.945
63.448
45.5947
753.807
571.032
76.7235
839.106
758.08
749.779
928.678
230.232
409.894
320.414
632.649
888.241
73.3665
575.793
654.408
883.206
636.311
58.1378
250.465
295.663
806.604
294.656
386.67
86.0622
629.475
870.815
643.147
4.69985
881.741
872.738
11.7191
824.549
498.978
230.323
992.401
677.053
692.587
991.729
894.559
773.247
912.168
60.5182
749.718
290.384
309.946
427.686
741.997
706.137
863.643
428.266
561.968
361.156
813.41
55.0554
591.113
531.541
569.842
860.103
322.214
792.169
748.589
475.326
922.483
952.361
488.51
283.517
345.531
345.103
709.037
271.096
898.404
751.122
463.271
593.524
669.82
738.548
43.2447
885.037
726.249
700.369
993.164
843.776
481.46
370.159
686.941
123.539
146.641
97.5372
627.064
63.2954
666.25
664.754
119.663
285.958
46.9375
925.382
483.383
697.653
485.031
46.6628
447.249
918.302
199.255
636.799
894.559
675.466
374.645
537.614
608.57
192.114
123.997
565.325
176.428
99.826
873.501
979.186
707.663
908.597
77.9138
960.173
523.026
564.623
672.567
880.612
470.809
127.201
167.547
646.199
25.8492
95.9807
791.04
891.354
828.455
419.843
587.451
309.366
818.567
718.772
877.132
898.831
622.303
749.657
983.428
406.751
346.416
647.847
633.808
750.969
437.391
974.883
940.886
701.621
760.979
104.526
369.732
603.992
559.038
977.783
598.071
423.688
439.375
758.08
674.917
894.986
54.9333
418.592
384.442
54.3229
629.048
791.986
221.412
939.573
982.177
114.475
883.816
736.595
217.17
595.447
689.383
154.485
719.108
43.3058
822.626
310.434
625.294
79.7449
817.591
905.515
422.742
972.686
183.447
972.93
828.7
619.709
579.272
979.736
610.462
713.614
443.068
563.25
501.083
619.984
483.016
683.523
867.122
999.786
935.759
473.037
284.066
706.626
998.505
565.02
677.114
991.211
341.594
181.402
181.646
543.321
107.089
761.925
381.481
403.15
299.936
415.204
79.8059
272.927
977.996
973.937
259.804
260.17
147.313
934.08
391.003
583.88
768.609
60.6098
737.327
274.88
781.091
940.58
823.725
401.471
550.615
264.046
716.91
851.894
647.481
115.574
276.986
204.382
360.698
56.2761
36.0729
716.788
854.976
278.176
859.951
966.063
376.202
612.201
49.1958
169.897
412.519
670.919
36.317
721.03
216.071
907.102
334.33
965.453
592.975
869.93
893.979
756.493
366.527
439.314
525.254
815.119
421.125
320.2
539.476
428.48
731.895
577.929
268.624
517.258
287.24
495.651
617.603
603.595
310.312
535.447
306.009
710.623
685.171
684.194
955.84
725.028
994.69
965.331
680.776
253.334
75.6554
398.022
333.964
504.257
498.245
184.79
70.1621
226.814
874.752
408.826
378.521
237.312
405.469
22.4006
242.439
564.623
566.79
407.697
582.507
746.33
347.911
290.75
638.874
306.375
943.083
290.536
449.599
945.708
304.788
884.03
80.5994
476.73
464.858
68.1173
764.031
33.6924
28.9621
500.778
600.909
589.221
751.701
401.196
984.863
308.878
597.583
991.546
402.142
775.14
194.8
760.704
765.618
611.316
87.8933
331.492
937.681
537.523
695.273
212.897
598.926
389.172
378.155
218.085
119.053
129.978
527.329
829.676
585.772
390.057
73.2139
293.68
648.03
560.747
326.67
723.35
330.302
977.416
555.437
993.377
473.495
221.29
203.742
707.205
959.227
71.8406
160.375
17.2735
373.547
140.568
982.025
580.432
266.335
717.826
477.706
428.724
662.587
863.765
561.174
38.3312
982.086
274.667
776.788
376.354
23.2551
956.084
405.56
207.526
168.096
233.314
557.695
442.152
463.607
131.87
157.353
806.055
736.778
657.491
226.753
614.032
398.907
8.42311
374.859
928.465
95.6145
250.221
897.61
883.358
858.913
484.878
395.764
456.13
917.081
45.2589
316.63
467.696
819.697
746.178
325.541
92.3185
32.6853
723.411
914.09
658.528
660.848
891.873
150.578
22.309
453.017
554.003
979.675
293.802
747.398
190.1
976.592
198.675
511.887
961.272
963.286
855.678
136.906
956.572
391.705
251.259
136.052
715.72
901.028
192.999
411.481
58.2293
955.046
22.4616
239.692
750.633
965.758
869.289
634.724
42.5123
809.687
727.409
243.934
603.412
142.918
135.014
433.882
890.957
421.216
739.006
721.397
481.979
31.4341
525.59
206.854
398.114
440.809
998.199
165.716
956.206
769.463
83.7428
454.207
175.726
693.655
48.9822
886.105
274.209
84.933
207.404
236.091
281.381
292.062
698.843
26.7647
304.056
471.694
122.227
754.57
472.488
874.05
303.568
711.692
99.765
490.066
979.308
60.213
85.2077
966.216
677.602
313.852
93.0815
192.663
577.685
884.64
538.347
472.304
629.2
850.002
909.665
675.253
712.302
597.095
462.203
286.538
120.487
500.015
810.45
752.373
146.397
286.752
452.62
31.5867
52.736
251.595
758.293
758.293
209.235
969.695
449.751
922.208
676.504
669.637
109.134
472.701
18.7994
920.804
741.997
753.227
626.576
790.887
928.648
171.484
329.478
130.985
594.989
12.9704
582.415
143.406
933.378
802.576
4.54726
889.157
505.356
121.647
553.24
891.14
57.2527
286.569
114.078
489.151
79.8059
794.427
788.049
103.366
643.208
942.808
657.369
61.8915
538.896
529.71
310.892
149.388
259.194
39.7351
910.733
532.365
845.973
222.663
80.9961
217.902
139.866
471.145
400.128
701.651
461.043
903.287
777.947
961.608
252.907
556.627
498.764
453.902
719.84
599.689
211.768
266.701
990.478
967.437
649.831
88.5037
837.519
326.518
358.196
147.465
485.519
777.306
214.118
777.093
537.675
198.065
18.7689
765.77
553.24
638.264
942.717
145.329
306.253
666.738
105.96
575.549
257.546
81.3318
74.4346
980.377
270.455
886.135
553.331
592.456
102.329
942.351
58.9618
62.4104
702.536
199.469
850.795
788.293
848.109
912.748
904.019
122.196
148.869
752.892
204.627
610.462
953.032
215.278
148.137
922.697
183.813
233.528
322.733
626.82
639.76
404.92
458.602
466.231
788.537
733.085
824.732
294.778
586.505
294.595
853.786
326.609
354.9
735.832
277.139
856.227
243.629
5.82904
550.859
106.052
314.585
232.093
853.633
356.761
775.048
144.81
438.612
17.243
392.804
956.511
619.892
790.399
624.409
102.817
174.902
590.442
487.167
751.122
444.136
369.03
706.87
482.376
909.482
505.325
171.789
53.8957
532.09
917.02
225.166
647.725
631.55
548.235
826.075
511.917
587.085
390.606
111.27
400.739
142.399
694.021
388.501
719.626
595.355
522.629
92.5932
781.762
653.249
313.242
735.832
82.0948
236.061
591.815
383.557
995.27
7.56859
504.135
686.728
803.4
916.623
317.545
1.86163
460.646
529.099
549.547
630.787
999.847
432.63
879.299
710.044
988.22
494.247
499.069
782.525
938.231
253.243
61.0065
581.713
79.5923
229.835
876.095
60.0604
399.121
431.196
520.981
193.03
353.893
835.841
509.781
589.312
165.227
137.974
186.041
439.253
98.2086
532.853
492.08
832.575
634.571
824.091
771.264
975.921
943.602
634.907
259.804
342.662
558.794
3.96741
424.421
285.287
665.609
147.099
801.691
141.85
906.552
666.494
495.682
367.962
110.385
988.22
990.295
725.547
851.527
309.732
431.867
59.0228
245.247
838.313
39.1552
691.366
886.074
601.52
796.228
969.634
334.483
611.56
84.872
993.042
59.1449
664.205
412.854
53.2548
240.15
553.758
893.948
819.269
339.915
985.168
636.219
797.266
847.957
964.995
694.906
97.5982
105.716
951.689
745.72
39.1858
617.786
547.319
135.38
623.463
755.577
11.2613
465.224
408.277
259.804
377.544
364.177
813.929
448.347
456.832
607.624
391.675
534.989
504.654
238.075
86.6726
966.155
836.695
844.234
26.0628
181.036
172.582
654.164
863.948
702.445
989.807
599.506
213.965
963.164
667.959
6.56148
201.361
775.536
705.985
70.4672
665.12
849.666
792.535
768.853
41.8714
266.61
11.0172
371.227
462.905
313.028
961.058
200.568
94.7295
583.27
76.7541
802.576
255.806
755.516
923.887
179.815
339.274
947.661
756.401
246.437
73.7938
59.8773
114.475
159.825
153.813
9.67437
744.469
685.476
769.707
265.419
622.333
251.259
69.7958
585.528
362.133
847.56
85.5434
368.45
790.368
429.121
150.365
520.676
967.376
975.402
344.188
248.238
437.727
864.925
994.537
678.457
989.959
720.908
765.465
717.856
707.48
383.435
365.886
52.9801
591.754
164.922
407.788
699.728
539.079
45.0758
446.699
7.81274
951.872
961.608
734.458
526.688
766.228
852.718
716.666
638.966
176.702
607.99
805.078
367.595
839.473
583.697
456.893
263.253
835.292
838.618
91.8912
778.069
173.711
747.002
878.78
31.6782
119.236
144.841
921.506
376.446
121.128
665.212
877.926
667.592
628.071
419.66
540.757
644.49
568.621
681.478
413.007
329.936
779.26
727.042
808.649
852.992
160.527
491.684
509.842
601.764
843.44
196.417
512.375
112.857
146.306
601.367
890.011
603.229
604.511
42.4512
309.03
550.737
853.175
907.773
224.982
230.049
644.948
709.311
291.757
609.699
783.746
406.934
15.0456
516.739
255.684
140.324
181.28
475.234
338.694
25.6355
93.0204
124.851
971.618
172.582
142.338
625.843
164.525
578.57
753.349
956.359
731.407
56.2456
224.982
508.927
125.98
850.185
505.814
891.812
662.832
99.3072
431.104
341.594
903.958
801.752
454.695
653.676
493.027
437.056
405.744
36.2865
217.963
903.653
302.469
794.702
583.392
926.481
753.533
251.747
673.94
591.998
978.79
811.029
589.953
165.96
980.163
568.682
236.732
851.039
894.406
380.566
748.436
639.79
58.6261
790.551
327.982
919.919
820.032
726.371
784.448
987.548
620.869
369.427
548.57
124.851
390.301
104.678
448.531
398.785
773.949
956.694
26.3375
836.207
232.612
418.439
676.565
132.572
541.551
78.8293
388.806
550.249
721.091
955.443
374.645
161.931
930.479
938.322
360.79
96.5911
355.48
251.625
829.402
943.388
621.845
339.152
986.999
969.909
765.007
79.4702
743.095
311.441
287.759
737.999
479.781
786.981
337.321
561.113
893.826
498.367
532.456
419.568
691.794
869.015
472.457
406.659
420.606
278.359
458.907
797.784
213.477
948.302
461.653
277.596
733.634
237.403
860.103
841.243
95.9807
0.427259
991.272
275.002
49.2874
167.608
35.493
624.165
198.614
201.453
271.676
552.721
550.523
586.749
232.459
2.19733
161.534
9.61333
791.345
55.7573
171.697
382.885
712.638
413.129
3.54015
372.631
695.456
383.618
9.03348
583.819
443.281
802.637
344.554
59.5721
790.002
778.405
355.693
251.717
413.892
675.1
253.334
117.954
170.69
238.258
361.766
502.487
577.319
269.417
720.237
455.824
476.791
755.577
319.59
650.502
416.425
859.859
754.662
548.662
770.013
680.258
573.962
477.92
135.319
181.616
107.913
271.523
38.4533
208.075
57.0696
629.444
475.875
981.811
620.808
856.075
325.632
993.957
448.897
131.596
159.062
695.09
196.173
972.472
484.115
890.072
962.218
37.5378
951.445
244.606
396.741
936.552
554.674
809.381
752.739
196.326
356.365
967.711
667.623
41.8409
770.074
713.736
954.436
147.679
930.723
666.585
184.027
16.5716
183.966
727.256
339.518
141.27
226.02
784.295
324.015
605.67
924.924
374.554
603.656
281.533
354.961
705.344
765.984
277.718
75.1366
944.06
276.131
796.93
182.836
181.616
211.341
57.2832
174.505
976.226
255.074
434.645
143.895
883.053
732.383
481.613
349.528
876.919
967.437
980.071
682.699
73.4275
744.652
682.821
66.9881
655.568
154.332
901.334
320.688
411.237
604.785
594.928
513.26
788.659
281.106
118.809
347.423
875.393
833.125
285.867
597.766
207.709
572.497
899.747
137.12
816.004
961.364
414.472
582.263
412.854
672.781
877.651
89.9075
130.131
5.12711
812.616
334.452
710.898
930.967
196.905
198.401
562.731
561.846
192.114
207.16
578.753
310.862
782.342
239.021
132.237
533.189
976.867
542.009
151.616
926.511
733.634
588.366
681.478
472.762
259.743
798.456
836.329
201.819
845.027
664.693
553.301
558.885
884.915
307.596
49.5621
656.331
249.58
994.293
391.522
192.114
654.469
651.265
81.2098
314.89
189.093
902.829
66.7135
217.994
660.756
665.7
82.6136
743.095
908.292
831.904
726.798
774.682
743.309
70.5588
179.815
707.236
674.398
280.313
973.022
765.496
70.8335
722.983
711.875
459.7
921.964
370.586
160.558
956.786
848.445
496.17
594.165
648.885
521.989
40.1624
824.549
700.4
149.327
783.502
806.604
854.549
176.794
858.15
230.567
281.411
872.158
627.461
6.98874
747.795
939.329
466.353
50.6607
890.866
822.84
473.464
269.326
876.4
857.784
645.955
164.006
223.212
921.751
548.753
946.898
74.8009
745.14
8.81985
582.72
699.271
535.63
866.39
660.726
499.405
73.6412
313.883
502.579
313.517
934.66
854.06
412.915
288.614
994.507
408.582
478.896
107.059
874.508
608.081
824.732
848.109
482.101
795.282
727.348
265.175
303.354
772.179
499.985
760.857
603.839
822.657
549.486
839.93
193.884
41.5357
513.413
322.428
914.548
502.06
883.877
97.7813
500.412
291.665
23.6824
701.041
975.921
949.034
981.597
492.538
240.761
332.163
12.0853
722.709
1.22074
449.599
207.19
262.551
703.452
285.806
145.329
281.503
624.775
151.769
964.385
653.829
779.656
592.456
764.306
374.645
796.319
381.878
746.788
767.327
420.209
637.776
996.918
762.627
800.806
586.016
313.852
31.8003
217.719
7.26341
996.735
254.372
402.722
896.359
991.546
301.523
113.498
365.307
306.04
617.512
115.726
322.703
98.0865
578.722
229.682
958.8
344.279
113.346
597.217
568.896
494.858
361.37
826.197
746.117
21.1798
657.216
167.638
474.044
262.062
615.833
382.794
151.28
475.143
603.473
455.367
79.0429
499.588
374.554
806.207
442.549
936.43
155.736
165.899
318.064
252.693
958.647
761.986
736.473
715.567
402.051
976.653
334.788
562.944
825.526
131.596
626.759
316.568
974.944
556.23
423.933
643.88
41.6883
594.653
438.215
675.13
336.711
709.22
597.613
181.738
380.291
335.52
105.655
522.08
689.505
645.619
776.757
761.406
43.7635
875.82
677.725
871.548
510.514
375.225
607.532
417.096
11.5665
31.0984
445.936
634.236
712.088
227.454
902.707
308.115
12.7262
993.133
698.416
355.724
426.923
495.59
708.09
519.7
123.661
536.668
99.002
79.8669
418.195
206.458
993.957
988.739
990.661
351.726
691
336.863
114.78
14.9541
971.374
554.613
677.602
500.504
526.139
256.63
271.279
223.609
33.6619
134.953
138.615
999.42
918.455
807.245
253.304
927
322.886
26.3985
315.897
526.078
323.252
157.872
947.6
281.289
921.079
330.424
862.026
251.442
840.999
167.394
297.098
899.014
666.768
504.074
487.869
796.869
346.141
997.589
461.318
368.206
596.362
35.7372
935.24
315.836
241.127
851.161
601.245
897.244
10.5594
246.04
574.389
701.437
835.292
835.444
289.59
84.2616
165.777
213.477
626.85
918.058
348.643
950.407
546.068
811.762
590.472
825.282
12.9398
458.51
540.971
201.91
497.33
265.908
26.5511
953.154
824.61
926.145
965.575
840.297
662.374
81.3929
996.033
754.112
422.803
741.752
848.231
723.167
862.453
610.736
992.035
96.1638
160.375
975.768
591.144
804.193
756.371
318.888
295.419
109.287
729.698
305.002
901.852
745.994
0.640889
302.744
416.334
861.019
135.166
95.0957
547.014
658.65
34.608
935.759
160.314
157.17
291.086
607.196
731.468
962.92
490.585
637.288
319.895
467.971
244.148
330.058
101.962
378.43
229.072
767.357
990.936
978.484
21.0883
437.239
376.324
37.1715
998.84
645.985
513.962
764.458
101.566
368.969
597.095
721.549
722.129
697.867
40.8338
93.2646
515.458
539.232
10.5899
227.729
404.767
721.793
725.883
849.666
565.874
167.791
570.788
854.122
671.468
285.287
542.375
86.3063
176.519
237.281
68.1173
14.2216
925.748
244.057
723.991
699.85
864.62
575.091
883.633
975.494
135.258
386.517
831.202
231.574
338.298
60.5487
367.565
722.037
241.92
203.375
442.61
793.237
719.535
956.969
843.562
943.297
197.058
782.159
471.541
117.649
391.491
368.419
237.281
147.13
621.479
826.716
107.15
734.886
471.45
822.108
330.668
898.282
90.7315
801.752
381.176
272.53
908.353
975.188
640.492
181.341
45.2895
202.368
359.02
881.924
205.359
446.791
922.483
889.431
325.602
948.637
956.389
788.598
767.815
775.262
300.058
437.117
332.316
904.965
380.566
968.352
875.454
499.893
18.5553
498.947
811.426
524.888
196.936
947.813
280.465
368.206
823.756
872.585
264.321
620.411
20.2643
730.216
429.914
667.837
965.972
467.177
983.184
256.569
831.172
846.431
313.517
683.615
828.974
416.608
710.929
771.02
917.539
530.442
936.247
279.611
183.844
317.759
926.45
918.485
440.84
20.2948
415.876
606.159
67.9647
593.799
754.723
140.324
627.766
983.917
705.893
931.852
288.766
982.482
502.029
959.227
586.322
69.6738
942.991
600.574
552.751
149.358
816.095
498.367
747.49
582.507
419.66
113.651
219.398
426.283
471.206
126.286
931.486
284.28
181.982
336.711
680.044
674.337
778.436
226.295
39.1552
319.987
252.297
831.843
361.797
272.408
620.655
90.9757
368.633
268.227
476.699
314.493
356.395
230.323
112.918
941.771
556.322
317.148
997.864
235.664
674.245
427.259
887.417
73.397
143.681
565.172
352.519
488.876
123.112
974.792
3.69274
123.6
768.426
446.699
194.372
242.073
812.281
705.435
483.871
467.513
981.048
283.12
641.499
894.925
281.198
785.76
472.762
737.175
686.056
958.312
249.153
160.527
253.7
454.756
22.8889
466.109
208.563
719.626
607.379
272.774
16.541
887.051
504.99
858.943
985.687
103.549
563.616
318.094
423.627
181.188
642.72
685.781
882.778
986.633
70.4367
692.709
524.674
473.098
173.162
301.828
134.922
761.071
658.254
684.439
819.361
174.017
131.87
791.955
913.511
635.609
532.731
179.937
135.99
334.117
762.993
240.059
517.35
61.2812
297.739
496.689
135.533
130.619
54.384
123.875
189.276
282.357
302.835
339.885
440.565
481.063
898.007
834.254
557.543
11.7801
615.955
884.701
389.05
781.64
874.722
319.712
702.078
232.276
621.052
983.032
413.312
770.47
664.693
856.197
846.126
121.921
240.791
495.804
44.0077
515.854
82.4915
941.343
672.384
105.106
784.234
749.87
538.896
529.618
737.358
314.127
264.657
28.1381
419.385
119.968
136.814
5.31022
318.033
99.4598
674.154
460.128
270.974
736.015
936.705
181.585
503.25
77.6086
110.843
118.717
142.979
314.768
401.196
830.317
496.811
78.7378
759.972
420.972
866.451
117.161
485.885
870.022
187.536
502.487
223.334
158.971
271.95
30.2133
393.017
104.16
934.782
962.523
585.833
300.79
787.469
774.102
950.468
84.3532
978.24
55.9709
106.754
916.166
660.817
234.046
615.558
98.6053
473.281
258.065
536.302
227.21
807.52
917.631
104.099
284.707
151.158
941.588
56.8255
784.448
283.242
536.515
644.215
868.465
604.083
521.409
849.452
767.266
381.695
713.706
855.281
526.902
195.227
724.113
285.257
409.955
357.036
815.485
251.778
876.736
594.256
982.452
741.874
552.446
771.752
908.353
372.265
87.405
937.101
954.833
44.7401
315.867
469.131
841.304
533.219
619.678
611.347
169.897
533.647
903.714
171.056
452.589
208.014
88.5037
666.311
796.167
754.021
527.207
700.644
902.005
30.7932
251.747
848.231
536.332
773.4
456.435
829.737
127.628
425.398
123.112
260.353
647.023
122.806
195.929
751.762
428.144
859.127
210.639
648.213
83.1019
363.231
785.546
179.327
169.683
721.854
879.879
309.61
767.479
276.894
226.051
66.8355
617.939
829.89
842.158
629.994
985.412
683.828
30.2744
958.251
895.108
554.735
768.059
242.317
904.111
883.114
898.526
959.471
62.0136
577.197
25.3609
812.616
217.261
719.352
519.456
336.344
325.205
266.121
542.711
449.66
914.67
274.148
496.109
737.205
368.786
682.394
797.571
740.562
176.55
182.44
396.283
40.315
811.548
207.831
929.655
410.596
393.353
573.901
928.709
826.868
789.056
799.066
979.186
608.661
309.977
639.332
243.446
478.347
660.604
866.482
250.191
817.133
295.602
822.138
358.043
899.411
841.304
778.069
798.883
387.188
737.999
634.693
708.029
865.322
759.056
988.433
46.6018
698.996
563.219
99.704
822.871
994.873
936.613
792.535
518.54
946.776
880.001
816.767
126.621
347.728
198.553
704.794
706.687
548.967
749.382
653.523
863.887
647.45
3.50963
462.844
58.2598
183.416
79.1345
62.2883
150.304
128.758
900.967
656.514
88.9615
447.584
643.483
21.3935
148.686
10.4984
113.315
981.689
621.296
143.59
227.393
601.55
369.518
593.219
243.049
119.205
147.74
188.391
896.359
157.231
96.8657
981.597
104.709
238.929
319.132
149.052
390.637
143.254
939.207
432.478
681.845
128.361
557.939
402.753
645.1
555.956
504.99
327.28
209.113
946.837
796.472
922.056
433.485
999.756
203.742
769.677
379.315
604.144
340.22
684.927
138.127
378.46
171.545
808.344
675.405
764.794
856.166
710.105
644.429
211.768
322.001
284.494
827.57
476.516
485.946
717.063
360.271
576.678
521.958
304.697
395.123
424.512
84.2921
411.237
360.79
673.727
892.27
338.328
473.739
810.205
582.202
394.208
657.643
18.5553
233.619
940.428
527.329
855.068
475.204
698.813
593.707
258.37
577.288
99.1546
345.134
929.716
436.75
949.339
362.56
613.117
860.927
208.686
123.722
307.627
56.3677
146.58
653.127
942.106
729.27
666.646
674.062
544.267
703.055
78.2189
418.897
435.255
460.097
96.8352
753.533
480.728
513.474
353.74
772.851
929.746
14.8625
196.997
522.935
872.921
505.295
64.6687
6.65304
851.039
214.484
211.341
128.574
645.192
815.455
69.7653
735.527
779.687
40.1929
28.2296
409.253
769.463
63.3564
905.24
167.302
642.445
59.2669
902.86
728.263
769.005
839.381
319.651
497.543
528.855
975.829
804.865
930.57
847.438
317.82
434.4
428.571
132.511
306.589
391.064
424.574
642.537
995.575
528.672
814.295
817.652
181.738
603.076
389.477
605.182
554.979
449.629
429.518
310.282
270.577
889.92
107.059
3.296
852.535
647.572
864.772
14.9541
832.453
55.6963
418.775
550.768
31.7698
836.177
545.518
955.84
892.361
732.414
307.84
661.214
761.986
277.444
876.98
343.272
541.856
477.309
606.25
327.067
601.001
692.16
513.352
765.221
364.849
495.773
826.685
623.371
483.84
794.794
752.647
3.50963
988.342
988.952
119.724
836.695
335.917
453.719
55.9709
475.509
758.11
126.286
355.815
219.092
811.274
476.485
692.373
300.211
539.689
643.391
332.194
367.016
155.736
19.776
507.889
989.868
644.032
64.4551
105.106
225.074
195.502
624.805
820.582
766.32
878.262
550.096
446.699
715.201
450.209
877.224
439.741
502.365
721.488
369.854
427.076
990.234
371.166
692.434
810.541
288.308
625.721
0
121.342
313.12
704.855
225.715
283.547
623.188
441.359
846.217
441.694
560.686
980.956
407.392
509.293
231.239
968.291
590.93
94.3022
352.519
125.828
102.939
957.732
503.433
631.428
166.387
661.55
804.926
200.751
898.19
562.761
563.677
281.594
352.123
808.893
909.818
265.114
509.415
491.928
960.326
121.372
997.497
616.871
538.621
364.757
818.628
40.6812
982.604
755.76
869.564
38.3618
71.1997
645.314
533.525
652.181
602.008
367.992
125.584
480.392
649.77
590.32
472.915
61.6169
38.6059
20.2948
410.84
511.216
57.7105
384.686
476.608
565.874
952.696
79.8364
581.072
692.465
223.579
402.905
940.733
417.951
260.811
769.25
50.2335
535.966
350.017
822.321
977.813
346.629
577.593
842.586
763.329
585.955
667.592
361.339
202.002
200.873
281.777
386.029
793.664
626.118
813.715
142.888
139.195
719.474
207.953
743.736
565.935
11.4139
836.543
682.546
262.215
425.489
962.676
568.56
703.604
125.37
823.969
1.83111
650.838
645.772
866.024
997.833
501.633
961.943
157.445
866.665
277.108
655.599
518.052
954.192
24.2012
832.514
390.881
150.304
915.525
948.149
990.051
571.306
827.326
198.096
754.631
322.031
677.908
628.986
641.072
744.713
306.375
626.27
284.28
60.0909
173.956
935.636
559.313
807.581
668.966
873.196
574.664
990.265
296.152
882.107
628.468
331.431
532.487
90.5789
158.696
548.784
629.902
28.4433
219.123
52.0341
146.733
157.964
511.368
971.068
488.815
375.347
505.325
920.103
241.646
139.409
678.518
404.584
574.816
383.374
405.774
277.017
499.893
865.871
530.808
147.435
263.253
117.893
150.365
155.797
654.622
641.835
642.75
11.4444
513.138
518.326
471.603
706.748
211.921
77.7612
796.411
810.541
402.203
792.779
420.85
748.222
798.73
46.9069
110.355
974.029
287.179
937.59
809.961
442.457
135.319
767.327
793.725
284.738
588.824
381.787
277.444
96.3775
633.045
8.9114
524.949
742.607
202.155
756.798
980.163
87.344
616.871
425.581
455.702
552.629
531.632
790.674
909.421
913.907
173.162
12.0853
839.9
238.319
151.158
327.891
832.606
371.563
622.364
686.27
287.454
879.971
89.5108
473.861
859.493
853.725
616.443
995.849
643.391
477.889
740.196
864.254
633.686
777.184
861.812
950.652
491.47
440.718
396.802
59.6942
148.961
133.244
466.781
979.583
283.334
198.737
413.129
65.3706
190.771
163.213
914.365
12.5431
92.349
942.137
988.25
975.402
402.6
159.398
659.78
687.796
992.492
484.115
576.708
742.302
977.355
390.698
353.252
683.462
62.1052
249.489
923.826
71.8101
973.754
153.508
687.643
175.085
13.2145
387.799
725.639
442.244
257.79
947.539
870.968
417.341
444.96
11.475
914.121
248.878
69.1549
776.421
724.204
451.186
722.831
559.374
567.4
73.8243
212.592
573.656
403.943
935.82
482.406
284.86
444.929
80.2026
874.264
753.349
749.992
105.777
758.293
869.137
147.496
531.968
63.1733
885.891
257.973
853.023
738.151
159.581
902.554
438.215
677.786
498.947
677.175
933.775
141.362
33.021
974.273
322.916
197.058
3.05185
232.887
300.699
223.212
383.953
698.66
119.236
997.192
742.454
474.441
560.015
403.577
237.77
143.834
189.276
292.734
170.904
747.642
553.209
520.92
989.288
395.215
468.398
703.299
152.44
292.306
64.4856
711.203
765.709
465.438
734.947
444.685
387.158
965.331
652.455
911.802
915.189
829.768
4.63881
145.512
962.004
587.817
607.288
990.326
619.922
586.016
50.1724
288.461
26.4595
918.21
32.8379
498.642
634.48
239.998
45.7167
276.772
593.585
249.611
53.5295
51.6984
149.174
115.452
336.528
125.614
465.468
632.71
146.489
331.553
778.222
389.264
333.293
778.527
284.219
723.106
598.498
716.025
673.025
751.579
531.907
48.7075
707.694
254.341
88.0154
532.853
760.582
691.092
657.765
185.644
710.318
135.258
392.407
938.566
106.601
405.042
935.545
66.2862
8.69778
172.796
219.642
422.193
403.974
334.452
483.413
11.6276
612.72
419.66
165.654
934.477
585.833
324.381
832.942
227.973
500.992
146.916
796.167
641.438
564.043
408.826
573.321
873.47
421.796
441.633
853.755
303.598
92.288
221.076
121.006
749.351
818.934
429.64
589.923
279.702
754.601
28.8705
614.399
616.596
882.321
123.051
222.175
155.614
78.3105
394.513
933.012
137.059
723.93
893.063
515.915
998.413
772.668
459.883
842.402
440.077
678.518
567.461
491.562
234.962
91.8607
856.868
263.405
313.73
729.331
153.417
256.6
156.224
323.496
242.317
666.89
21.363
59.0533
185.034
962.584
45.8083
401.685
458.296
593.097
743.004
725.455
696.127
887.143
934.111
645.497
317.148
296.304
641.591
462.111
817.652
641.011
977.111
622.15
11.7801
514.298
554.582
604.48
0.640889
500.168
460.25
135.319
150.731
362.865
310.221
140.263
863.735
862.728
427.503
338.42
418.317
355.48
669.118
885.617
665.731
831.019
935.118
972.839
859.828
547.624
890.408
785.577
403.394
918.607
930.57
731.254
791.65
806.543
923.338
340.037
534.104
882.443
756.462
746.025
336.467
205.481
223.609
154.515
323.374
679.678
279.458
202.216
583.453
543.596
194.891
615.864
817.743
549.883
644.246
76.1437
373.241
990.173
255.043
693.075
442.122
221.992
652.272
998.535
708.335
854.213
527.635
863.094
222.724
246.345
765.77
242.683
788.018
479.171
158.269
161.596
634.602
451.765
736.717
838.099
668.752
262.215
256.203
358.776
74.2821
527.451
860.591
808.313
549.089
798.914
460.433
260.018
957.518
730.186
855.373
534.532
680.074
152.715
131.382
131.84
441.786
716.269
365.429
243.782
900.174
249.58
167.18
252.602
774.163
498.581
90.4874
622.211
795.557
397.29
445.021
588.244
263.741
528.55
539.415
553.27
485.275
930.235
887.661
593.158
879.513
903.348
409.192
981.17
31.312
978.698
154.82
135.807
472.793
697.653
588.855
898.984
473.922
363.659
959.563
549.821
625.111
420.942
788.324
462.081
491.47
616.108
9.61333
809.412
120.701
599.384
792.352
226.356
685.934
121.586
574.053
830.378
44.2213
482.925
339.457
511.46
492.843
389.966
674.306
895.779
503.464
877.285
625.752
889.126
716.575
449.568
900.876
206.824
976.806
100.925
433.973
796.442
690.329
367.077
854.64
558.641
286.05
67.2933
887.204
274.087
61.4338
891.903
213.202
140.873
194.22
491.653
827.998
829.829
201.544
225.623
422.498
463.698
627.796
223.121
822.077
426.405
241.615
916.746
12.8483
408.46
524.705
701.895
787.439
595.202
732.2
880.032
540.757
403.546
306.925
540.971
248.024
674.276
928.526
541.124
155.034
725.12
978.088
233.467
212.928
171.789
700.705
106.052
788.354
922.849
846.034
984.558
680.013
254.219
68.8803
955.84
973.54
370.739
870.724
668.386
764.977
359.6
363.445
165.868
285.104
943.052
636.708
910.276
455.184
935.942
9.97955
150.548
405.591
814.783
950.774
293.588
988.708
304.27
939.726
432.875
816.98
387.677
64.6687
692.007
858.028
647.267
624.378
538.804
117.038
341.014
522.874
726.249
439.07
122.135
736.625
16.8767
960.936
807.215
634.938
346.324
245.186
99.3072
435.041
582.812
627.247
672.781
573.443
538.499
805.902
525.315
274.3
388.958
209.845
3.99792
96.469
157.262
170.751
411.39
740.349
418.775
433.973
597.827
895.474
882.595
38.5449
446.547
410.627
6.50044
97.7508
657.46
567.553
301.553
510.941
735.984
739.067
481.643
138.585
593.341
213.538
115.818
471.389
664.327
466.445
938.383
324.595
948.851
660.451
473.403
589.221
883.816
655.354
130.222
570.971
451.003
309.03
425.672
948.393
427.778
350.475
489.547
881.405
186.407
606.647
509.598
301.431
948.759
863.735
272.103
914.518
901.914
144.78
454.573
948.363
81.7896
684.378
826.502
175.146
430.372
381.787
14.5878
240.577
932.92
14.1301
988.8
831.05
241.585
990.417
925.138
709.861
692.007
927.58
601.947
153.905
117.924
830.592
985.351
822.047
371.563
156.896
160.497
586.047
955.138
547.075
264.962
356.151
669.668
502.518
579.974
431.684
688.162
792.016
436.415
408.307
958.342
867.763
91.4029
173.406
341.929
72.6341
231.788
20.4169
396.771
919.462
260.933
413.556
207.129
224.006
24.9336
434.278
169.805
372.784
134.373
440.596
140.965
506.577
538.408
970.458
851.009
901.608
506.638
420.606
992.92
328.837
675.619
532.09
890.988
673.482
316.233
213.569
155.583
595.05
477.706
733.879
230.75
509.995
165.044
814.905
240.425
677.786
205.756
656.056
39.9487
671.743
962.554
421.766
878.628
15.7476
547.655
223.09
580.126
268.563
695.578
124.546
646.657
336.314
950.255
207.831
193.03
294.809
322.733
223.212
117.344
503.159
76.2352
860.256
413.923
289.224
793.97
168.706
35.432
989.044
386.456
161.351
209.784
620.411
195.044
129.398
618.519
973.296
846.644
702.261
342.662
396.68
17.1819
182.501
982.665
64.6382
759.514
187.78
857.936
1.52593
551.561
130.345
693.289
648.824
721.976
565.783
697.562
253.578
408.673
942.076
441.023
861.08
706.961
780.572
438.368
191.687
163.152
819.636
842.341
184.057
270.516
152.257
155.461
485.397
123.081
889.584
365.368
670.339
883.969
380.383
410.26
469.71
224.586
519.242
380.749
790.033
390.698
172.948
364.025
805.567
51.4237
258.187
337.321
903.592
588.336
500.229
15.9612
764.794
979.461
404.736
63.0207
359.325
935.85
473.8
566.607
140.355
446.12
197.18
190.588
216.132
385.388
850.337
906.003
781.579
345.073
630.268
708.243
591.174
339.488
160.558
227.149
754.051
545.763
896.725
635.731
632.435
733.055
463.179
764.122
125.034
537.736
453.413
824.824
116.459
240.242
723.746
655.416
373.608
200.385
713.004
885.311
671.041
606.8
818.567
932.279
425.642
697.409
360.24
235.633
622.73
106.723
163.61
631.825
314.096
496.323
293.344
278.817
469.68
124.668
968.505
35.5846
464.125
513.016
190.435
703.085
979.186
862.728
115.207
32.5022
603.32
381.237
700.98
907.743
910.276
172.399
662.252
607.471
296.701
847.255
262.123
553.972
361.553
511.979
973.388
454.329
107.059
289.163
540.178
240.486
743.767
28.1686
471.45
714.438
379.955
361.644
496.963
304.544
377.361
763.451
17.6092
839.778
653.981
765.374
81.2098
747.459
715.354
987.823
914.914
581.256
695.822
141.514
545.122
285.531
190.68
656.056
537.309
102.084
160.558
91.464
385.479
525.895
689.261
989.685
583.666
215.918
876.675
321.116
910.337
267.129
647.267
183.874
956.572
750.237
756.279
910.55
430.219
925.169
773.98
239.723
266.152
34.547
330.21
708.426
74.7093
83.9259
399.457
921.049
959.227
513.84
908.414
851.802
233.772
171.392
447.066
836.543
72.9392
486.587
364.635
410.291
624.104
260.048
31.251
646.748
613.941
968.291
547.166
155.889
980.59
992.859
680.227
396.191
561.998
679.556
313.456
457.35
372.662
633.992
183.386
970.275
499.13
159.551
190.649
299.814
145.909
244.606
64.272
677.419
863.399
4.21155
660.573
429.151
488.205
983.734
678.091
955.992
827.906
229.469
69.8569
621.815
621.235
533.799
934.263
206.458
804.621
759.606
165.288
79.0124
616.932
651.723
644.307
748.344
573.229
40.4675
253.67
946.532
838.893
844.447
494.278
902.219
35.2794
777.886
987.335
959.075
8.66726
169.836
642.598
196.783
592.822
800.714
773.888
209.876
897.336
162.511
942.625
701.071
152.409
49.3789
811.762
45.2895
641.743
884.457
790.246
481.033
754.112
689.047
750.084
84.17
685.995
100.955
596.667
182.043
825.22
347.789
974.059
362.529
347.911
581.347
886.074
735.679
59.328
480.056
514.878
603.015
10.3153
524.735
18.0059
191.748
920.194
854.854
585.101
609.394
937.559
110.782
535.539
675.466
770.501
168.981
738.701
786.279
716.788
175.604
137.333
469.344
626.026
785.516
656.178
783.38
324.503
12.421
275.826
220.252
534.318
596.85
554.827
265.236
817.866
297.433
379.498
271.554
578.784
13.0314
223.884
805.75
651.112
140.507
700.735
119.938
507.37
75.2586
684.561
907.529
617.054
260.994
788.415
997.742
986.755
693.869
475.295
146.611
413.282
288.553
585.65
579.546
480.941
11.6581
561.968
442
833.857
188.94
152.226
814.753
755.455
892.514
872.89
449.965
585.406
814.692
12.6041
884.121
6.01215
534.135
459.059
83.8954
728.813
580.981
128.239
282.083
612.72
206.793
279.397
158.574
745.415
266.366
495.407
23.7434
518.54
116.428
610.736
159.825
228.462
938.688
367.809
976.836
233.619
392.804
83.0714
139.042
199.652
5.61541
104.282
318.705
463.973
203.04
339.763
732.688
50.3555
390.667
641.469
118.564
365.49
989.715
322.55
306.803
108.158
833.857
591.296
44.2824
422.773
834.162
181.829
226.661
828.15
317.454
963.897
194.555
953.001
944.914
811.823
251.106
609.363
616.901
515.03
55.8794
234.962
270.699
10.4984
52.3087
236.305
976.501
718.925
584.613
262.947
239.021
265.206
860.103
945.219
910.154
365.764
413.923
125.492
619.251
162.267
231.544
115.482
127.232
784.509
186.01
9.52177
510.91
422.559
945.647
586.2
583.331
690.39
8.94192
829.035
457.076
561.419
22.5532
597.339
656.056
657.735
38.7585
479.11
682.577
173.986
868.496
356.365
445.723
217.475
186.56
714.927
457.228
845.241
544.908
229.469
201.27
579.882
950.407
655.416
584.277
685.11
163.244
558.214
870.998
982.208
372.448
912.381
13.3976
488.784
404.431
100.558
778.222
661.306
120.975
344.31
579.394
521.805
163.305
97.7508
422.254
451.369
697.409
435.347
865.047
930.174
318.308
965.3
404.096
6.50044
768.273
299.081
189.611
775.475
625.904
609.577
477.157
648.488
622.272
307.566
722.19
695.242
740.104
369.274
723.136
839.228
752.434
345.134
719.779
187.811
357.067
581.713
852.718
278.603
562.944
687.46
890.713
522.813
484.634
774.285
631.458
627.186
201.331
505.264
882.9
275.948
836.756
480.789
430.433
853.572
515.458
993.347
897.092
489.547
353.069
682.974
902.188
207.343
135.411
124.393
425.214
457.411
843.593
876.858
781.274
816.675
680.868
28.1075
113.559
135.075
757.988
764.122
810.327
910.855
92.6847
994.873
751.213
175.054
80.1721
568.56
790.613
667.989
90.3348
104.678
383.099
586.871
348.125
977.477
757.927
687.857
753.685
481.185
548.54
22.2175
797.937
708.029
283.334
89.1751
230.11
170.476
644.276
685.293
633.717
698.782
898.984
232.734
566.546
645.131
413.007
867.611
421.949
925.932
648.762
68.5751
666.524
932.89
556.444
108.524
611.194
844.813
764.336
109.043
372.051
370.769
473.739
980.224
176.336
456.343
465.651
26.1238
670.919
983.947
124.638
497.787
388.44
998.383
886.898
874.416
28.4433
489.456
17.9449
154.546
708.945
262.032
127.201
938.414
844.813
925.474
324.595
582.08
809.565
533.28
426.466
205.573
36.6832
904.782
116.123
835.475
716.453
159.154
466.109
463.668
744.713
494.064
727.775
303.354
80.0195
739.372
794.855
23.4993
165.166
717.582
246.925
243.202
569.353
942.442
379.498
66.744
507.279
686.148
126.286
941.404
391.644
947.447
280.74
618.305
74.9535
350.993
922.239
498.398
937.01
510.086
453.932
144.2
474.197
882.809
157.994
238.929
547.594
654.378
674.825
774.163
944.731
675.436
312.113
747.093
412.549
988.83
590.442
149.174
817.286
974.975
931.486
526.566
587.268
648.03
894.772
894.375
95.5535
133.518
869.839
285.684
138.005
858.943
629.536
716.453
163.335
488.296
650.96
847.743
411.481
132.298
610.096
126.469
616.352
865.23
956.908
685.995
429.243
79.165
976.135
787.5
219.367
708.182
241.371
83.8649
407.361
852.138
867.428
487.106
988.372
832.698
467.971
920.225
400.861
211.829
224.616
735.343
397.351
804.865
973.418
79.2261
73.3055
218.39
715.171
987.06
710.593
945.402
455.947
485.916
591.357
547.746
783.868
489.731
439.405
958.312
88.4426
765.984
644.185
433.027
828.822
756.188
924.497
185.003
756.92
531.114
588.061
231.147
502.121
662.038
42.6954
483.2
423.536
289.132
715.995
614.032
135.746
168.554
39.1858
730.613
615.162
979.186
652.089
384.96
292.184
670.248
484.451
954.1
36.4391
131.657
871.181
920.286
440.352
967.437
356.334
83.3766
308.176
653.829
343.394
235.481
756.279
864.01
247.047
330.18
830.653
239.418
303.537
676.84
48.8907
390.057
695.212
191.839
771.722
404.218
145.787
237.587
810.968
649.556
642.872
80.5078
180.303
146.062
443.129
499.649
394.635
292.947
17.5481
576.83
224.616
229.926
91.9218
199.683
312.418
614.856
439.375
308.908
555.345
98.2391
581.408
420.759
662.832
276.711
52.8581
456.313
794
405.896
388.226
408.612
681.234
654.469
484.176
878.903
146.275
180.486
496.017
13.1535
415.571
811.151
923.093
870.693
140.172
607.44
39.9487
754.845
527.329
94.5769
329.905
538.804
489.456
440.138
76.1132
515.976
217.048
360.118
767.724
807.459
81.698
35.2184
476.241
857.265
275.246
818.079
859.279
46.6933
91.7997
12.5126
947.081
959.197
258.278
506.638
368.969
326.487
220.222
540.391
175.024
188.33
788.934
389.386
910.062
295.48
56.0625
245.796
95.6145
288.888
982.33
77.9138
776.543
684.957
565.691
749.443
288.064
198.981
996.704
179.632
900.174
437.727
705.649
826.014
494.797
492.172
709.128
270.272
932.676
462.142
161.229
189.245
265.938
443.739
516.373
491.623
452.559
10.8341
209.601
902.158
728.965
722.159
260.628
774.194
297.281
684.744
708.151
412.091
483.077
705.527
280.282
684.744
20.2338
61.9526
207.739
211.035
618.885
422.956
585.742
899.197
472.823
951.659
190.985
120.64
862.758
120.884
160.131
300.027
511.368
272.988
435.591
202.429
846.553
454.695
385.266
699.118
829.279
559.038
502.487
292.947
501.999
304.88
592.151
185.186
914.09
85.6349
349.315
163.945
580.34
218.574
736.991
96.7437
129.276
625.355
68.5446
307.474
296.731
475.967
201.91
619.526
921.659
826.38
750.877
346.11
99.9481
781.732
720.695
9.18607
153.02
216.285
473.342
68.0563
566.729
581.256
429.548
439.039
557.451
831.324
412.854
87.344
421.4
2.28889
43.0006
472.579
323.252
469.832
84.2006
128.91
680.502
421.278
154.607
161.29
799.921
571.551
703.574
938.932
922.086
654.561
662.648
767.235
330.271
721.213
676.656
819.697
680.441
775.14
321.085
110.569
207.495
777.734
212.043
790.033
965.606
553.728
415.174
542.528
757.073
627.918
59.4501
370.342
907.773
525.407
562.426
542.772
543.84
565.447
373.028
992.798
526.994
680.96
638.173
942.167
704.093
294.717
699.576
36.317
627.552
783.227
826.563
770.409
402.539
559.893
91.8912
487.106
817.591
308.573
796.136
728.751
414.411
398.663
347.118
223.426
653.645
13.2145
0.793481
287.606
832.392
21.1493
369.823
925.932
910.092
124.79
105.502
409.223
898.709
314.035
660.482
612.812
973.754
158.544
537.034
895.26
962.157
969.085
928.617
799.951
363.414
358.928
159.734
359.569
560.137
237.373
831.202
286.019
374.371
765.862
76.4489
825.8
625.752
308.145
835.81
562.792
847.957
906.247
554.155
949.95
819.605
312.571
209.021
850.093
65.92
110.294
74.8009
868.282
987.152
952.788
129.643
756.066
770.287
453.047
511.124
669.637
740.44
755.669
927
562.334
307.566
320.627
427.29
493.423
165.38
951.994
444.105
134.129
898.465
601.703
504.868
252.052
653.615
980.071
526.17
455.489
32.2886
504.013
93.4782
978.698
859.615
614.734
633.778
789.361
986.724
995.544
886.685
799.829
782.678
721.335
581.011
462.722
471.969
871.151
722.526
533.036
974.029
634.602
398.999
276.894
400.708
443.861
509.659
909.604
868.74
162.42
324.046
542.558
782.281
861.324
277.871
422.102
242.866
214.972
910.916
739.891
742.424
47.1206
353.984
797.235
795.495
58.4429
271.065
803.888
667.684
267.281
662.557
93.2035
855.586
194.067
436.171
34.3028
475.082
321.635
151.738
422.712
214.209
861.904
846.065
631.031
6.50044
360.271
344.005
300.302
81.5149
169.774
962.279
854.03
548.357
324.87
11.9633
615.223
168.767
847.377
6.19526
808.679
475.967
15.1067
979.125
228.95
895.291
624.836
822.413
855.8
23.1635
780.206
45.6252
197.974
720.603
236.854
866.878
646.931
176.977
835.108
39.2163
621.357
601.428
51.6373
320.383
784.326
696.829
202.063
990.753
113.407
573.687
324.595
326.67
106.235
259.377
277.017
435.133
901.425
459.578
77.456
355.785
597.125
727.897
20.9052
837.123
548.112
699.637
602.1
692.373
922.544
546.8
776.238
142.064
299.57
309.58
589.312
48.8907
589.618
261.269
708.274
451.674
57.7105
962.615
883.053
303.995
732.047
161.718
871.609
824.793
978.027
196.203
858.943
365.703
520.188
53.2548
901.547
203.162
692.129
744.346
428.48
159.734
196.387
150.395
330.454
462.386
155.492
994.385
667.837
742.882
735.038
96.4385
529.221
587.39
120.212
569.17
71.688
541.032
127.659
108.005
273.659
973.51
232.459
34.0587
432.295
712.76
293.252
244.728
935.911
852.046
755.211
728.996
343.242
637.41
613.269
803.522
300.699
841.212
915.983
725.394
328.41
528.459
91.8607
838.343
7.01926
621.784
879.33
908.292
595.935
171.697
141.026
804.651
614.399
737.999
344.676
183.416
416.974
788.751
990.783
328.837
294.198
523.24
768.914
809.107
129.826
24.9641
724.174
102.969
146.184
150.853
213.965
853.42
768.609
63.1123
937.742
904.172
139.927
809.992
819.575
776.116
317.27
861.415
26.2764
739.067
681.082
6.19526
900.845
135.655
588.61
516.8
93.4172
113.498
802.85
987.518
670.98
421.461
727.927
753.41
486.404
427.046
982.482
294.931
588.885
10.5594
342.143
535.63
956.45
492.416
582.507
438.337
331.919
249.977
253.609
806.604
443.861
180.09
917.356
697.317
393.384
663.564
879.086
351.238
488.205
187.78
944.548
46.8459
305.368
284.036
233.497
784.814
263.466
935.118
581.225
208.197
486.251
110.141
559.038
665.944
238.105
582.842
645.528
824.519
713.431
688.589
578.967
735.069
460.372
177.801
423.048
761.773
220.985
821.009
376.476
277.688
468.337
922.117
858.15
534.562
422.346
396.13
898.74
612.629
825.159
567.797
370.403
856.746
257.82
346.782
85.5739
705.252
279.061
936.46
296.03
317.331
167.486
731.834
623.676
905.881
548.723
563.494
954.314
181.249
688.589
943.266
325.266
812.983
733.299
468.032
338.847
315.073
678.396
38.2702
132.054
261.483
347.484
47.0901
434.278
237.861
161.718
196.265
744.255
436.018
981.903
95.4009
157.323
296.976
803.735
300.79
874.325
109.287
588.092
949.736
923.429
968.719
7.35496
646.748
126.011
5.18815
388.714
758.446
838.099
284.188
636.28
772.24
498.215
287.332
412.702
876.186
513.321
380.169
362.224
415.693
513.81
172.033
655.446
383.251
508.927
174.78
637.989
597.949
973.724
666.86
863.857
730.247
399.06
168.279
294.748
829.188
335.643
433.729
946.654
507.431
463.515
368.877
764.977
440.962
718.131
777.306
9.3997
339.427
4.24207
343.455
929.93
43.3363
529.283
758.232
14.771
904.752
286.63
393.414
592.425
106.845
720.939
431.349
67.6595
80.1111
106.021
855.495
574.419
669.515
667.287
209.113
325.236
210.364
979.064
527.39
439.711
168.798
668.966
349.803
532.304
502.548
960.051
218.726
841.578
398.877
81.9117
570.788
181.249
545.793
82.4915
426.74
495.346
592.486
71.2607
786.798
297.403
955.718
425.459
136.967
776.299
627.949
990.295
973.266
849.025
143.864
804.834
749.29
942.015
361.248
384.198
154.515
782.464
212.439
89.9075
128.391
980.255
83.0714
619.221
517.228
682.485
973.724
144.81
779.87
81.4539
100.925
136.326
648.488
57.2527
94.4548
394.665
150.67
736.595
445.936
330.332
899.197
248.634
365.795
17.2735
55.2385
459.609
705.039
53.5295
872.341
967.132
97.293
759.423
225.959
135.228
978.057
744.987
36.2255
452.254
636.921
378.094
989.166
991.577
959.624
183.935
462.935
257.607
15.2593
707.327
65.7979
197.699
146.184
869.289
691.305
661.092
715.262
349.101
497.299
86.52
168.218
22.9194
715.415
699.85
566.546
990.204
696.249
2.1363
247.108
219.153
97.8118
830.683
765.221
343.181
622.303
772.82
777.154
638.173
207.953
215.125
18.128
713.218
82.7662
808.374
32.6548
945.28
585.162
629.566
812.616
189.184
158.696
822.962
0.061037
794.58
427.137
0.335704
810.877
460.219
755.364
182.745
334.819
958.068
203.192
564.104
369.549
257.057
278.085
878.567
443.434
79.3176
392.59
652.699
184.362
418.5
433.302
123.447
690.573
52.6749
347.636
103.549
59.4501
582.72
153.966
575.426
731.101
26.8868
282.205
294.717
802.149
503.8
650.533
185.125
967.04
34.1502
384.808
805.109
242.164
993.072
586.749
668.447
129.612
243.965
57.0696
699.454
376.476
485.488
380.322
604.175
986.358
842.189
276.803
438.765
638.722
231.056
628.834
156.652
173.04
534.593
86.4895
415.235
293.558
111.332
660.421
423.536
150.792
676.229
206.397
112.491
956.572
80.6909
209.571
408.307
288.095
24.9641
772.973
890.835
238.319
232.765
217.994
617.939
67.7206
120.579
202.033
397.137
514.42
491.958
760.277
285.684
418.958
288.614
177.19
600.36
819.605
929.655
94.7295
218.574
174.505
269.265
762.932
451.399
867.458
705.802
839.228
270.272
652.516
471.358
643.086
168.432
194.922
635.273
271.767
438.459
363.628
851.1
483.932
146.916
431.99
379.254
756.615
587.695
843.104
416.181
422.681
494.919
695.853
261.605
294.656
797.082
607.685
354.595
680.624
193.152
110.813
710.349
199.561
332.713
237.739
788.476
301.37
880.215
452.589
324.046
898.404
245.643
584.307
153.05
14.2827
262.551
917.997
563.158
857.265
594.226
100.986
200.72
222.633
149.937
19.2877
66.4998
632.435
292.001
301.187
629.658
116.947
115.329
603.931
592.7
45.7472
580.279
339.946
337.84
913.236
780.267
998.871
586.444
485.702
125.675
721.152
302.133
216.254
724.754
280.313
370.037
333.048
743.034
129.368
81.9422
507.981
22.6447
668.081
959.807
511.612
742.759
387.066
948.241
760.643
401.807
45.2284
507.34
164.129
903.806
536.546
637.379
175.085
29.0231
602.557
366.07
452.986
71.0166
46.9069
730.216
44.1298
920.499
608.051
782.647
485.946
378.063
146.275
655.782
740.837
976.653
301.645
213.233
367.046
94.8515
278.695
320.292
831.629
642.628
914.518
265.084
372.356
100.375
686.117
361.064
314.768
193.152
813.684
262.795
250.587
980.346
115.513
25.3914
983.581
642.964
771.599
439.802
649.19
749.596
651.021
674.429
914.64
281.655
360.668
754.784
664.815
200.079
670.614
912.198
81.1487
834.132
472.701
332.957
519.272
873.47
928.587
339.274
91.3114
245.552
963.561
532.701
360.302
658.528
762.23
932.096
51.3627
91.6166
422.529
636.738
187.292
14.069
424.024
46.3271
554.003
613.697
67.0492
168.645
902.188
816.553
538.682
46.3271
791.742
378.887
762.078
834.315
485.031
832.606
685.11
558.58
795.038
565.325
164.708
88.168
294.992
816.797
103.427
350.902
795.648
872.219
993.744
324.839
496.048
234.321
527.146
836.238
714.896
55.0554
423.963
695.364
607.746
608.509
139.958
201.544
777.032
85.7875
606.128
548.601
180.975
493.667
658.04
161.779
247.383
937.925
311.014
497.787
598.865
72.573
536.882
338.755
295.694
996.704
699.301
111.789
2.38044
379.284
303.323
265.023
984.466
94.2717
215.857
231.605
341.288
146.55
12.7873
12.8178
382.031
169.897
609.546
911.679
549.791
278.817
831.08
447.981
801.233
554.979
77.4255
986.419
847.377
949.614
741.508
108.768
162.175
883.297
534.593
261.513
164.617
324.198
376.904
709.952
481.063
626.148
8.39259
330.363
693.93
907.498
976.775
271.432
482.986
252.541
158.361
15.5339
565.325
516.404
469.069
872.463
340.526
14.3437
920.347
435.133
647.206
877.712
677.511
30.3354
536.943
356.395
276.223
694.143
472.213
850.581
653.371
704.398
854.396
951.659
148.503
200.903
287.912
274.331
132.664
924.863
487.32
361.339
419.782
608.539
232.673
441.023
118.168
46.7849
280.618
320.261
77.1813
381.329
636.28
193.121
586.352
629.078
93.0204
646.809
482.07
986.114
445.936
646.168
319.437
938.108
285.348
778.069
764.367
708.67
776.879
536.454
862.636
76.8456
333.75
930.113
342.326
95.1567
588.244
193.579
605.762
738.853
568.01
883.114
566.881
18.5858
483.81
138.279
990.753
586.871
34.8216
391.43
491.226
370.067
637.776
304.941
843.226
256.996
486.129
218.909
765.404
375.378
845.607
889.34
829.951
987.518
492.294
798.914
655.721
536.21
699.667
821.192
40.4981
872.677
680.502
519.456
189.398
196.753
890.225
861.873
694.632
741.874
97.9034
633.503
424.055
734.977
631.001
327.189
973.937
663.32
700.095
794.031
842.25
379.04
210.12
434.828
979.217
72.9392
964.171
214.118
870.907
648.762
665.822
277.169
812.311
528.581
627.125
452.284
526.048
421.949
587.207
418.806
783.227
88.4426
549.15
822.504
182.165
625.965
40.1013
119.358
742.088
315.439
701.926
429.365
466.842
553.85
617.817
181.005
536.241
905.82
281.777
828.333
280.16
806.055
616.84
421.186
592.273
943.144
948.149
310.709
939.421
856.532
337.718
770.287
622.974
777.276
186.621
814.112
448.469
244.423
510.849
994.232
459.456
528.153
797.51
457.228
892.422
390.332
847.194
42.1461
8.14844
214.789
508.927
700.339
956.999
37.5988
714.042
19.1046
332.804
509.201
715.079
130.161
573.26
319.071
935.942
783.746
861.629
115.146
339.671
870.327
687.002
448.073
720.237
170.721
719.077
772.332
824.03
616.169
153.294
35.1573
708.09
838.832
183.233
884.915
240.516
295.236
756.096
29.2978
150.121
743.065
267.556
775.811
530.778
352.275
352.641
284.463
207.251
232.795
428.053
565.325
868.892
659.291
143.162
750.847
376.476
774.194
395.215
675.192
149.876
50.9049
65.2181
291.36
41.5357
297.8
131.108
957.427
602.832
484.42
313.456
123.142
148.93
171.392
911.466
448.286
529.191
824.946
983.886
883.786
8.45363
797.479
532.548
747.093
166.112
255.531
843.562
322.794
219.123
836.055
643.361
20.1727
674.734
312.51
225.135
618.152
719.932
52.1867
202.551
629.841
253.273
545.427
46.3271
317.392
965.636
788.72
60.5487
388.195
375.683
802.301
954.497
904.386
227.393
63.9058
666.494
436.11
154.485
139.744
596.057
990.478
18.891
294.076
900.296
747.002
829.493
358.257
11.1698
130.955
646.779
641.285
29.6945
255.928
380.657
162.114
153.203
266.61
886.532
985.931
792.322
613.422
266.732
944.792
533.28
789.88
783.349
524.522
602.649
564.257
288.308
198.92
989.746
236.457
577.837
992.248
884.03
951.628
576.281
551.653
582.751
601.611
756.89
510.605
525.834
345.714
704.855
424.574
613.819
281.594
229.255
60.1215
465.377
297.952
930.143
319.01
770.348
640.126
626.637
578.021
394.91
219.703
553.209
726.249
395.001
199.683
729.179
680.807
593.86
886.196
408.551
662.465
880.581
457.991
16.2969
11.9938
885.586
565.416
477.126
829.127
189.154
329.386
342.784
214.698
719.596
772.179
624.928
397.931
496.902
211.219
739.067
529.344
378.552
646.809
466.018
421.155
963.469
675.344
337.382
16.2664
310.251
959.197
350.932
866.756
626.545
784.387
422.437
403.485
584.735
737.602
479.965
278.329
421.43
33.2347
607.166
559.221
476.15
522.629
141.392
60.6098
325.541
915.555
133.488
589.618
169.988
246.193
74.8009
389.416
627.949
114.811
298.227
561.357
595.05
735.313
959.38
746.757
323.832
321.238
3.72326
849.452
380.352
840.968
27.0394
81.0877
634.144
672.781
433.76
109.622
937.407
192.145
801.08
592.547
650.105
821.65
854.152
876.339
666.952
574.786
958.953
142.949
102.573
625.813
538.743
785.089
291.177
935.514
320.963
290.994
256.874
465.316
820.124
420.331
310.831
10.5289
963.408
952.483
932.066
183.691
265.236
787.988
587.024
579.821
456.74
685.354
645.558
654.408
976.47
413.129
48.3108
345.683
229.011
599.994
882.748
972.198
17.1514
62.685
522.996
436.934
54.1704
894.284
491.348
269.539
962.584
93.0204
695.73
537.584
665.181
13.7638
201.086
158.086
575.457
422.681
189.856
640.919
492.416
436.872
268.227
794.946
607.135
129.978
774.407
428.297
526.902
84.9635
245.003
574.175
722.983
675.649
695.975
273.08
308.664
357.616
874.172
443.22
553.423
750.572
135.838
869.655
39.8877
792.657
108.554
844.264
869.564
748.375
792.138
487.045
823.42
351.329
255.715
280.587
884.091
863.063
586.596
848.231
25.6355
328.654
247.261
508.133
676.962
811.731
496.872
633.656
765.313
888.302
33.4788
351.756
746.269
182.257
513.291
610.431
526.292
222.877
102.908
146.672
683.92
405.835
721.183
386.029
896.237
339.122
126.774
804.956
976.531
354.747
507.645
787.408
429.64
467.971
728.629
506.76
931.12
564.898
893.704
864.589
636.25
99.826
378.765
16.9073
725.913
83.6512
991.394
519.974
94.2717
644.581
413.862
626.24
586.138
942.289
585.65
761.956
688.681
716.849
181.433
717.917
84.872
253.761
841.456
583.911
974.456
46.144
309.427
958.983
568.651
935.453
135.746
468.062
664.968
11.9633
100.65
116.672
708.396
56.5508
14.7099
514.542
245.125
804.102
52.4308
499.893
175.115
811.029
275.43
195.105
709.799
207.434
501.053
25.5135
440.809
115.055
173.223
732.139
426.923
12.6041
391.308
909.94
704.093
829.829
753.563
102.542
126.041
50.7828
171.087
985.26
941.038
609.027
309.091
666.646
11.2613
853.969
810.877
640.98
80.9656
371.715
961.699
422.071
999.847
940.062
948.149
390.179
307.321
399.792
369.457
882.778
85.1772
723.136
157.14
61.0065
483.2
60.7624
558.855
582.72
825.434
48.5549
343.272
613.147
702.445
155.37
881.619
205.023
956.481
353.099
262.612
579.028
965.117
890.225
96.7742
335.704
130.314
450.087
166.478
130.467
978.576
475.387
577.868
842.677
778.558
939.665
571.001
769.951
82.9798
347.301
644.704
879.543
100.253
243.782
151.555
647.053
302.377
16.1443
20.5695
514.695
175.634
266.518
762.444
499.832
520.127
538.621
414.38
985.046
204.108
679.189
581.164
221.229
779.992
615.558
227.332
574.938
867.611
830.378
378.277
50.5997
711.692
314.676
385.296
120.182
818.964
281.228
911.71
389.966
81.9117
418.165
295.633
136.906
295.053
965.636
446.303
245.399
469.893
395.306
929.38
575.396
855.159
975.249
398.45
293.619
68.2394
0.183111
28.1075
198.981
244.24
969.756
105.533
573.199
608.814
494.369
436.201
588.153
381.176
211.921
720.542
801.141
413.404
494.491
557.543
769.219
472.152
227.943
231.452
314.066
569.536
444.929
937.925
468.337
248.787
92.3795
605.914
634.938
231.3
715.506
971.709
990.478
331.492
338.481
60.7013
664.113
45.1064
324.137
734.184
723.106
717.856
493.149
456.313
495.987
700.369
284.402
938.444
265.328
395.672
237.373
816.401
860.378
605.487
578.326
17.3345
181.738
81.5149
191.076
972.35
188.787
688.406
753.929
330.729
381.237
83.7733
323.557
332.835
306.009
322.55
147.923
497.269
120.945
291.086
988.464
778.436
746.33
377.636
733.482
851.619
635.304
285.592
583.941
680.837
695.09
395.276
592.608
26.3375
389.63
581.133
837.947
47.7615
555.071
889.92
14.0996
659.169
959.441
986.663
718.223
792.352
137.791
774.468
216.041
224.677
533.952
94.3327
967.62
127.506
480.056
911.313
693.533
991.638
45.32
893.124
264.016
85.757
285.257
787.896
191.168
104.831
922.361
506.668
5.85955
163.549
989.868
317.515
301.004
792.261
469.466
56.917
721.915
90.7926
454.665
765.282
684.988
696.982
870.54
652.242
106.571
725.578
281.442
798.639
922.605
334.361
817.988
500.717
680.227
73.4581
754.204
663.35
983.642
673.91
766.472
148.412
73.9769
432.173
405.469
484.207
325.816
846.431
811.945
842.769
940.306
661.092
208.014
690.786
617.42
975.951
195.379
20.6915
487.716
575.732
390.973
568.224
84.9635
136.876
431.99
922.117
641.346
467.36
881.405
933.134
485.824
435.987
64.7908
327.891
827.754
747.459
370.586
934.141
705.954
219.367
43.733
423.475
385.388
717.307
5.52385
977.966
982.421
404.553
729.484
786.92
599.506
462.416
705.374
779.87
751.244
937.529
522.385
502.274
362.468
872.219
102.664
539.781
119.907
374.676
116.428
397.9
458.785
784.478
109.989
242.775
965.087
590.045
378.002
409.65
475.387
254.799
111.087
85.0551
655.202
607.074
850.002
69.216
336.741
951.323
777.612
24.6284
398.206
555.834
880.428
117.405
464.949
674.032
510.086
457.198
214.24
754.936
376.659
242.439
564.959
999.481
504.837
16.7547
533.128
918.699
184.149
943.144
34.7606
50.2029
444.929
501.602
417.219
489.059
90.3348
517.319
0.427259
389.325
816.889
924.894
408.918
92.6542
453.597
175.024
976.409
39.9792
851.924
690.542
3.41807
122.837
457.076
276.833
150.456
630.055
92.41
894.101
746.33
446.73
987.823
697.073
294.198
661.397
583.392
748.344
956.297
237.251
140.263
312.113
297.861
904.66
688.711
134.098
72.6951
930.113
345.653
613.849
330.576
918.668
532.701
276.162
628.376
305.826
125.492
447.584
625.721
694.967
66.4083
543.931
847.072
696.89
470.809
875.729
890.744
427.442
759.178
377.239
866.359
319.681
845.729
165.777
342.54
406.69
914.823
337.138
585.101
731.468
816.645
903.806
367.687
39.7046
613.208
281.686
136.113
412.519
306.009
232.49
807.306
994.324
276.62
666.738
984.069
473.128
471.328
214.759
867.489
468.734
861.202
971.618
647.694
485.611
208.869
321.696
654.286
586.138
673.177
250.069
47.8835
441.328
282.785
46.0829
333.964
914.151
810.511
806.024
480.148
832.82
78.9209
640.614
918.18
109.348
229.163
994.171
212.195
860.622
983.764
981.017
673.971
686.911
434.584
145.909
706.778
765.557
388.165
554.552
159.062
914.945
797.998
620.228
469.161
285.531
316.63
573.29
882.076
834.223
497.879
979.247
519.974
237.831
680.807
212.165
587.451
402.661
86.4284
289.132
492.691
225.806
158.666
972.533
165.868
764.763
680.837
545.915
356.334
471.267
698.355
170.202
189.184
646.199
779.809
226.112
763.237
771.203
646.901
548.997
70.7724
873.409
704.886
962.767
21.5155
580.004
504.501
18.7078
850.581
18.0059
666.952
345.897
692.953
216.437
303.049
518.693
605.182
166.417
457.533
848.598
815.394
195.776
610.309
5.85955
483.2
814.417
765.282
877.621
750.633
686.575
158.635
568.285
365.246
886.441
117.283
949.217
656.911
92.9289
99.0326
663.106
149.144
880.49
445.631
989.898
586.688
761.498
879.971
480.117
660.115
137.303
278.634
762.261
209.174
813.379
751.274
429.945
185.827
235.176
557.421
415.754
158.147
101.26
893.094
757.286
636.769
509.293
77.1203
162.42
4.48622
291.543
169.774
279.244
331.095
696.341
553.545
77.7306
853.816
71.0776
508.805
248.604
405.103
703.97
314.31
26.3375
569.201
479.537
904.691
342.051
848.14
505.509
615.467
712.821
618.915
366.161
47.7309
773.553
162.908
159.215
582.751
857.57
548.875
971.984
578.265
532.548
650.563
953.154
778.1
497.452
80.4773
636.769
965.239
747.307
320.872
674.306
390.973
411.634
833.216
631.062
10.1932
173.132
427.381
3.47911
54.8723
672.445
672.17
113.254
976.409
805.75
627.552
34.6995
288.614
320.994
680.96
211.615
342.357
619.465
767.968
919.706
562.822
168.157
759.209
231.147
181.097
430.494
294.412
637.41
991.272
720.145
845.149
985.992
163.854
885.342
287.088
888.638
647.389
229.377
763.482
255.959
189.001
573.87
120.762
115.513
505.57
870.388
697.867
369.091
636.097
267.769
749.931
646.046
7.59911
40.3455
288.583
908.292
244.545
283.822
618.915
963.622
254.128
785.089
355.296
543.504
617.786
972.045
197.027
101.535
820.978
349.742
244.667
988.83
351.909
329.112
138.89
162.572
200.629
854.549
802.911
84.2921
789.819
736.564
69.3686
963.5
868.557
95.6755
973.601
3.296
400.006
824.122
993.835
804.59
974.731
470.992
20.1727
584.216
780.45
457.961
333.262
364.147
659.871
30.7932
373.791
787.622
287.545
853.969
584.552
718.162
997.101
653.645
105.747
278.42
290.078
816.095
605.426
484.603
558.031
347.118
25.3914
132.694
48.0361
99.4598
524.857
93.1425
604.45
673.635
402.478
669.82
216.529
898.984
278.024
179.662
904.569
301.157
315.134
409.497
974.731
462.172
766.503
105.716
174.474
679.067
622.303
153.783
779.748
827.876
643.544
603.137
144.597
838.862
561.419
194.128
745.598
689.261
724.021
543.443
250.984
319.956
971.252
643.391
647.023
382.214
19.837
832.514
951.781
220.588
139.286
892.788
548.418
998.657
399.884
430.067
668.661
373.394
274.575
194.098
57.8326
624.714
875.301
494.186
353.16
646.29
605.396
366.619
205.756
704.031
509.476
650.807
678.243
368.267
101.688
629.139
949.065
526.139
953.52
388.318
854.488
880.215
823.023
557.024
299.905
839.686
606.067
577.105
71.5659
210.517
891.049
164.22
79.6838
590.625
398.633
113.987
564.806
876.125
87.1609
110.324
297.922
785.669
205.725
691.855
306.406
808.039
75.2892
32.6243
156.102
480.392
880.062
694.052
321.879
402.264
249.428
3.05185
676.687
892.697
912.564
214.118
631.55
695.608
206.275
110.294
956.908
640.919
717.673
200.171
816.889
666.341
843.013
166.723
47.7615
107.212
543.474
724.448
211.859
660.024
79.8364
540.635
457.9
925.871
6.71407
377.85
719.504
940.397
207.77
112.98
282.54
596.393
253.243
789.605
253.151
365.001
861.141
359.691
957.274
222.083
742.882
271.462
803.003
186.041
615.284
558.519
637.135
373.089
659.658
587.695
127.293
976.226
209.296
121.128
200.354
74.6788
947.111
849.208
69.0329
679.373
393.658
50.1114
877.468
920.804
968.261
533.219
497.147
786.34
402.753
521.104
504.868
311.96
790.826
627.979
872.982
635.792
52.7055
589.679
404.157
818.842
97.4761
901.975
441.633
839.9
463.942
23.4077
885.708
670.37
720.908
298.685
48.4939
835.261
408.856
259.041
377.697
367.107
803.827
456.038
580.615
558.489
284.494
484.39
180.029
419.568
584.46
350.963
32.9295
247.169
710.196
845.363
843.257
211.31
806.482
68.8803
199.988
365.551
750.237
778.008
172.338
987.487
754.173
698.294
992.126
655.385
761.437
465.621
855.8
967.803
912.626
350.261
376.782
311.563
866.024
420.698
719.321
585.162
252.937
302.988
945.28
283.151
48.9212
192.022
605.029
848.628
142.277
271.279
103.854
698.935
880.917
196.631
874.996
831.935
879.177
801.172
890.316
418.287
865.719
676.87
540.452
286.569
853.45
789.392
415.235
706.992
413.099
782.434
15.5644
380.261
331.614
127.812
928.556
37.9345
436.384
777.429
496.353
560.106
866.909
473.281
510.849
17.0293
574.969
372.356
964.599
540.91
334.452
141.758
389.843
433.821
42.2071
181.127
816.767
418.409
591.418
128.117
881.741
437.361
97.9644
303.201
117.832
907.712
762.2
250.557
957.64
837.001
146.153
30.488
480.392
706.381
148.534
420.27
434.889
528.123
457.686
679.434
568.346
982.818
764.794
35.7067
793.725
43.0006
517.808
548.051
225.898
989.563
497.848
502.487
618.366
226.539
998.932
997.986
231.452
801.508
892.544
877.499
663.594
36.9274
358.257
661.428
676.534
179.235
561.663
638.813
546.159
471.694
60.5182
773.37
969.726
557.299
221.168
580.004
61.1286
618.213
425.459
628.376
465.438
157.445
350.322
829.707
123.356
829.676
100.589
162.786
717.978
226.936
476.821
996.185
333.811
25.7576
158.849
661.702
360.393
401.837
86.9472
436.811
171.056
118.473
821.284
590.96
608.386
195.288
160.924
652.73
807.611
562.975
804.559
554.247
389.111
610.828
332.682
808.252
551.317
33.1126
293.863
375.103
95.2483
880.551
675.405
375.347
911.924
222.633
540.33
303.964
963.897
328.471
111.423
903.378
292.245
770.531
83.8343
350.169
80.2637
358.928
447.554
913.388
304.788
312.082
600.635
738.945
6.89718
569.628
35.0352
917.875
713.004
654.561
375.835
493.576
37.3241
990.081
54.9638
565.111
997.742
78.0053
401.41
142.247
75.1061
444.777
428.266
908.811
548.692
761.071
98.5443
550.31
137.608
41.6272
350.81
802.606
480.728
331.614
665.456
877.102
485.153
785.119
453.719
419.538
75.4418
542.802
49.8978
658.04
374.554
314.585
588.458
896.756
847.377
73.5496
547.044
11.7191
438.459
767.571
236.915
104.77
235.481
454.573
21.8818
971.923
688.864
768.059
546.739
542.314
919.675
118.9
757.134
944.517
146.275
539.75
991.302
355.541
761.956
578.021
925.687
289.682
93.4782
144.383
654.958
482.803
373.15
722.251
688.345
28.84
954.588
844.966
143.132
924.162
304.086
246.803
916.562
676.687
798.7
594.104
117.618
135.685
862.026
202.521
539.933
198.248
469.1
647.237
456.618
549.303
552.08
671.56
518.998
90.8536
336.955
300.974
39.8572
217.109
143.742
568.255
442.793
591.296
680.349
756.31
158.849
581.011
362.163
564.837
751.579
7.69066
688.07
106.937
551.988
367.138
204.505
142.277
584.46
176.672
88.5952
452.559
64.7603
605.579
881.588
766.076
252.022
45.2589
404.035
137.12
934.874
774.682
383.953
186.987
334.056
378.063
828.913
112.156
702.292
70.7114
673.605
866.817
402.203
589.221
734.184
424.97
744.621
802.393
500.198
529.191
367.473
699.332
796.075
831.965
437.117
910.398
842.524
835.444
453.108
417.737
750.023
536.943
937.864
611.835
974.914
185.156
792.108
349.345
769.646
54.4145
597.888
169.897
158.605
642.323
649.892
326.701
470.443
197.821
996.521
788.354
958.251
985.656
272.042
867.092
538.957
192.846
601.184
630.94
183.172
884.762
356.853
754.479
986.511
915.647
52.9496
966.094
453.932
200.751
153.05
746.605
28.1381
256.142
76.3878
436.415
393.567
412.03
182.409
406.995
586.596
606.464
14.9236
453.139
444.136
165.136
587.481
62.0136
421.064
473.983
990.875
715.69
308.084
950.438
104.16
882.839
881.314
219.733
690.603
856.288
14.6184
902.89
659.383
92.5016
286.355
921.72
774.773
209.357
611.164
728.05
593.768
298.074
928.587
363.018
913.45
706.229
479.629
752.525
509.354
947.447
702.445
145.329
446.211
894.436
278.085
100.04
742.119
911.466
358.501
927.091
667.409
82.4305
506.912
992.065
459.731
191.046
382.397
786.676
736.229
609.119
700.308
173.528
384.198
749.229
498.581
710.898
211.798
238.258
242.683
463.881
139.439
467.91
799.28
208.136
213.599
678.121
810.175
432.539
224.128
230.232
498.428
46.6628
206.305
225.867
436.811
199.896
609.088
127.445
310.648
117.893
410.169
537.309
206.122
363.018
960.204
790.948
455.031
424.757
836.055
521.195
567.553
46.4492
485.855
849.3
284.066
194.83
945.616
358.959
277.627
77.9748
409.772
510.331
537.614
118.778
936.491
649.098
966.735
289.377
68.5751
268.105
221.747
713.523
652.394
676.748
330.119
942.32
634.48
735.008
112.674
810.511
118.442
808.222
944.67
278.909
462.813
598.651
885.678
169.164
701.041
10.4984
710.044
197.79
64.9434
704.123
868.954
214.942
893.246
495.956
915.25
54.6892
705.679
260.75
422.559
902.829
724.845
491.562
929.899
588.305
626.057
174.413
942.442
705.313
797.51
133.671
520.768
970.977
890.957
504.349
488.998
726.096
945.036
487.472
793.176
984.588
861.782
45.2284
41.4136
937.986
518.296
691.488
757.195
321.299
294.046
34.3638
376.263
546.403
295.663
227.149
519.364
9.30815
60.1825
983.489
571.49
477.584
18.0059
313.334
98.8495
963.775
497.055
635.914
135.35
991.852
548.845
425.825
869.045
662.221
378.582
48.5855
760.43
421.888
659.536
941.984
623.737
945.86
513.627
799.127
702.2
36.1339
439.405
910.092
268.715
944.884
968.383
317.667
783.319
26.9478
331.034
944.06
138.157
129.551
914.151
344.218
22.248
623.859
790.185
242.805
935.972
485.855
100.04
510.361
887.478
331.98
571.123
734.977
302.164
816.309
950.591
46.4797
176
295.145
636.769
348.247
4.36415
165.685
288.339
613.819
517.563
784.356
693.777
404.035
754.173
371.929
681.57
261.299
503.464
810.907
352.763
136.906
648.518
741.844
417.005
507.859
440.443
864.772
913.419
339.274
236.122
851.833
97.354
549.15
729.575
777.734
774.651
130.741
208.96
473.769
864.071
589.862
870.266
711.966
469.802
852.687
718.558
625.721
244.881
300.546
88.9615
272.927
326.762
87.8933
317.423
747.826
626.606
399.762
593.371
748.009
753.105
804.987
525.468
2.86874
352.641
361.095
451.064
469.497
146.306
627.918
21.4545
702.353
445.814
245.094
93.5087
303.11
428.877
230.689
459.365
856.99
955.87
656.514
445.021
261.147
208.472
856.716
909.757
852.657
932.157
826.014
676.595
240.761
563.097
963.317
926.298
251.137
21.3324
817.53
584.826
887.326
451.247
991.424
236.976
715.964
690.115
860.103
595.843
582.568
747.063
259.987
60.7624
62.9902
72.573
804.987
394.177
558.061
900.51
985.595
48.7991
436.476
443.312
707.663
176.672
133.335
222.51
426.832
850.917
609.577
314.676
534.837
531.51
79.2261
795.099
154.057
306.955
410.352
159.612
996.551
941.923
106.143
6.56148
443.739
263.283
272.378
759.362
503.098
915.159
477.34
711.692
798.059
14.0996
910.672
175.97
247.169
736.473
747.246
16.7547
589.404
367.962
122.349
350.047
410.81
848.018
624.622
689.871
830.012
339.03
712.516
323.405
497.513
852.687
961.058
195.959
66.3472
463.607
544.908
86.7336
789.178
142.949
864.01
357.097
398.785
741.478
717.856
52.1867
928.159
155.004
935.24
637.501
625.996
202.338
864.925
151.128
624.378
247.444
634.083
53.7431
514.573
97.1709
580.706
556.719
487.259
205.298
765.679
710.044
193.518
714.774
971.679
31.5256
982.788
368.847
94.2106
958.098
673.818
822.932
331.919
900.418
515.519
387.616
81.3929
182.623
492.965
735.069
943.968
647.908
635.731
599.231
749.474
211.249
484.39
1.49541
4.39467
140.965
371.258
33.2652
669.698
349.742
672.17
725.944
674.947
476.791
684.744
40.376
75.5028
42.2376
290.384
506.76
257.973
455.184
55.3911
545.885
100.986
156.285
927.824
3.54015
497.391
676.473
186.316
928.953
143.834
893.033
797.327
128.483
4.39467
263.985
836.36
526.292
353.984
322.428
130.436
862.636
808.344
211.829
777.154
761.284
246.59
543.413
696.982
697.531
32.4107
357.433
875.21
897.641
440.535
468.886
449.385
701.407
694.449
979.339
298.868
418.531
521.592
236.091
292.459
210.73
632.679
19.715
850.52
30.2744
30.7016
241.615
977.813
146.55
556.658
932.188
423.322
291.543
577.41
801.66
123.264
955.992
222.846
154.241
583.544
866.939
77.8222
437.086
357.707
178.411
735.527
205.145
277.322
406.079
118.259
783.624
590.197
637.165
972.503
408.46
663.015
47.4563
443.342
127.049
404.889
255.715
135.929
239.662
67.8426
547.472
569.17
563.341
580.34
499.191
428.175
298.99
70.3146
34.0892
521.897
783.746
734.062
440.748
852.351
908.872
706.931
385.968
700.766
485.092
92.1354
452.986
138.34
336.65
804.376
236.274
866.451
404.767
383.679
524.339
793.542
642.384
436.567
601.55
254.402
981.048
860.378
200.476
278.481
151.311
506.699
135.685
813.074
638.081
441.023
150.731
307.81
551.622
454.054
8.88089
567.156
696.219
981.14
359.6
275.979
617.054
86.3369
411.39
105.991
907.041
667.287
942.869
807.978
554.582
536.576
682.546
196.753
613.575
536.851
589.312
435.194
977.05
345.042
64.5772
522.782
535.417
122.379
627.003
396.161
500.87
666.463
81.698
546.77
178.93
221.259
714.652
562.426
968.657
601.978
543.779
499.13
872.402
790.155
158.025
489.09
296.823
656.148
175.42
491.287
426.038
964.537
851.558
590.899
948.332
319.01
869.808
753.899
417.463
203.192
844.386
442.824
30.3049
773.125
567.522
0.183111
101.505
557.97
532.06
205.878
16.6936
725.517
760.643
914.243
945.616
67.9647
472.854
177.923
95.9197
364.91
621.509
764.153
789.819
279.366
829.218
469.497
143.529
443.495
756.676
140.416
632.099
889.767
433.943
804.468
319.864
484.176
585.742
819.361
38.3618
517.777
482.009
445.906
292.703
112.491
345.408
750.999
177.679
597.644
846.553
246.834
84.9635
513.657
718.284
172.796
482.437
398.633
20.539
826.136
547.288
14.6184
86.7336
847.682
933.5
169.591
683.126
869.045
455.702
791.162
412
427.229
970.244
408.612
890.927
553.209
234.382
699.667
737.815
940.336
25.9407
257.363
894.589
99.3683
303.232
234.504
319.498
406.018
687.796
20.7831
580.157
447.127
50.4166
609.851
377.911
572.1
481.979
811.548
535.447
55.6963
430.28
966.704
478.195
778.283
284.066
319.559
741.417
829.829
185.766
705.039
533.738
944.365
353.893
706.565
888.668
170.324
696.28
940.764
435.194
683.767
995.941
625.599
318.796
150.151
450.087
87.7102
304.178
541.581
844.325
365.612
590.808
814.966
142.247
564.806
372.417
357.982
773.095
120.945
672.445
608.966
397.076
627.918
485.427
756.523
431.288
385.846
756.829
925.779
115.879
327.006
231.574
757.225
403.18
474.013
703.543
784.082
449.66
588.183
695.914
515.091
993.316
163.152
105.258
628.437
396.558
420.667
839.137
183.294
636.738
464.461
979.217
255.165
24.8115
248.756
501.358
901.456
934.202
517.228
83.224
863.063
320.17
369.091
31.1899
908.902
312.143
608.325
857.631
229.011
658.742
532.395
539.659
782.952
308.145
316.66
991.272
9.09452
904.416
650.716
778.893
802.271
480.728
782.922
613.056
164.19
131.687
629.414
646.138
435.072
944.823
103.824
108.402
510.666
973.449
324.046
312.845
952.483
531.693
851.955
560.656
396.344
593.188
622.7
978.271
166.631
574.236
719.962
817.316
501.175
283.181
652.699
248.604
294.198
317.057
290.414
181.646
763.024
686.758
112.796
140.782
944.578
951.781
930.113
729.087
428.51
646.168
730.277
711.447
232.948
276.864
809.687
248.36
228.706
675.161
842.799
310.77
18.952
983.215
48.0972
808.313
680.044
56.5813
105.533
461.44
269.784
563.921
982.36
949.004
509.903
565.203
323.283
362.499
548.296
849.757
561.693
498.184
207.587
815.241
407.3
18.3111
626.545
169.012
867.458
12.8178
700.003
232.978
457.533
992.523
224.006
132.969
757.378
845.363
152.409
654.561
969.481
786.737
870.785
45.7778
635.304
835.17
894.345
548.57
166.326
844.691
895.932
939.848
345.531
624.989
470.229
863.674
455.977
180.975
540.727
235.755
192.541
602.344
815.302
501.297
13.0619
635.06
196.997
27.6803
85.3298
465.804
556.23
413.282
485.916
750.175
770.318
993.377
807.154
416.639
437.086
324.564
828.7
277.047
168.371
929.289
409.803
975.005
870.022
80.7825
258.37
303.14
914.212
910.916
733.421
421.4
610.981
620.96
336.772
6.22578
884.487
77.7306
50.7828
863.247
560.686
575.182
177.587
33.5704
172.735
43.5804
837.001
926.054
690.176
487.197
778.436
505.57
77.8222
931.608
663.93
69.8569
91.7386
662.13
477.828
644.856
216.987
34.5164
219.825
530.869
154.729
639.119
537.339
30.1218
764.245
99.7955
453.749
887.57
866.207
288.949
848.476
475.143
813.684
239.692
845.21
252.266
236.793
536.729
764.794
532.426
867.672
466.597
798.608
87.5881
851.497
709.555
58.9312
622.364
450.24
853.023
162.755
647.725
545.366
509.11
4.60829
787.072
845.302
316.721
875.576
44.8012
204.474
609.485
583.758
69.216
959.899
31.1594
733.421
940.58
691.488
879.635
818.293
516.037
312.54
460.28
285.684
862.484
896.542
231.025
227.485
808.191
146.458
18.891
854.427
145.268
913.083
90.5789
409.772
513.565
667.989
357.738
678.762
497.391
338.45
498.001
749.87
966.46
409.558
273.69
184.423
192.267
700.003
828.639
250.679
771.172
718.375
244.942
378.399
884.915
5.49333
140.934
490.585
931.059
369.396
591.052
368.328
53.0717
419.172
149.388
705.191
602.527
303.751
258.156
7.11081
63.8752
62.3188
821.955
994.537
473.739
491.989
229.225
662.404
865.139
939.36
602.741
655.019
768.7
922.33
559.069
111.179
301.675
988.189
259.804
636.586
876.034
714.011
34.5164
559.221
56.8865
256.294
357.646
124.485
602.954
355.449
459.7
785.73
219.123
201.544
354.961
246.712
54.1704
67.7816
566.027
412.702
472.976
117.74
327.219
905.576
135.838
292.795
547.472
299.661
915.738
685.598
314.432
735.008
684.317
306.436
220.71
63.0512
498.825
648.366
293.71
182.623
220.191
957.121
810.236
720.847
94.2717
612.781
777.001
716.605
327.189
528.794
358.501
461.898
186.01
974.761
33.5398
157.781
656.087
729.453
761.193
540.819
186.254
970.122
937.925
136.692
553.453
804.285
427.168
297.098
377.087
850.49
442.244
675.68
315.806
774.01
563.921
300.027
476.638
183.966
674.215
895.688
68.392
798.12
87.3745
617.908
830.653
281.045
659.474
848.506
269.051
663.167
157.414
212.745
228.828
745.262
669.515
473.8
837.214
396.161
337.748
459.822
346.263
148.991
194.067
681.051
907.682
2.59407
381.146
792.108
809.839
834.315
539.079
556.597
209.693
330.058
639.668
469.802
889.584
838.71
48.9822
695.7
70.7724
56.1541
99.765
474.96
815.149
945.891
954.802
659.597
45.5336
802.087
42.4818
530.992
717.154
861.599
846.339
557.421
169.774
370.8
328.562
247.078
193.701
514.237
770.226
753.38
839.198
110.263
308.512
387.921
501.663
480.941
952.361
698.691
313.395
401.776
358.013
268.075
373.119
538.041
145.573
888.638
844.813
273.293
37.8124
271.523
456.771
337.077
602.405
944.639
432.539
137.547
879.086
496.323
384.381
205.42
672.658
821.162
201.3
655.568
793.42
523.942
462.111
72.2373
26.0323
137.913
405.377
724.754
108.097
314.035
987.06
519.028
499.924
636.799
57.4053
592.212
226.234
223.701
188.421
955.657
571.886
763.878
182.409
93.173
911.863
152.287
794.183
920.866
457.472
376.446
696.646
14.0385
200.079
810.694
222.327
508.377
832.789
575.243
911.435
580.92
932.402
115.97
397.382
917.447
182.104
661.153
662.191
72.6035
916.654
711.051
191.626
128.605
770.653
217.475
62.3188
559.191
712.271
608.844
491.745
704.703
242.164
316.935
882.107
765.099
40.4675
962.279
890.011
716.391
841.609
853.603
552.477
57.4358
819.361
958.403
0.854518
793.054
262.703
0
794.122
559.404
824.091
838.221
402.203
298.654
120.823
789.178
871.334
388.348
971.984
41.0169
201.88
632.374
50.3861
821.589
470.809
19.2267
232.795
474.044
229.011
654.439
427.717
97.293
205.695
772.79
163.793
906.919
850.459
236.946
718.558
972.991
744.469
428.877
69.8874
491.256
412.183
939.665
450.789
243.751
564.684
964.782
788.903
405.103
305.734
810.602
812.128
350.566
332.133
418.348
101.505
622.639
659.536
312.113
872.677
711.875
904.599
876.583
766.717
808.466
655.416
371.471
432.661
180.853
960.723
588.458
181.707
337.352
469.863
556.688
495.132
627.461
254.006
203.65
667.165
438.673
840.663
377.27
363.475
645.375
491.775
135.563
377.361
465.896
257.973
710.105
364.147
384.045
838.862
49.6841
835.444
291.208
781.182
350.139
194.372
505.753
46.6628
476.852
93.3256
825.068
479.781
686.148
894.772
267.617
207.16
551.561
517.167
660.482
500.198
501.633
446.913
728.69
131.535
875.179
197.272
842.952
757.042
900.479
996.185
81.8201
354.35
504.318
983.428
764.641
249.489
357.768
699.24
110.965
762.322
64.0584
144.841
184.027
2.68563
895.688
196.753
772.912
848.14
986.297
655.599
370.617
634.266
384.075
711.112
904.477
589.618
872.829
104.495
374.126
545.61
966.43
769.005
54.5366
953.398
983.917
230.476
419.324
738.334
610.462
549.028
441.115
23.896
851.344
82.5831
425.336
255.684
784.173
854.518
33.1736
757.317
16.8157
805.322
650.38
248.97
256.325
711.02
757.927
360.363
895.322
48.4329
461.104
668.874
22.4311
589.068
832.698
294.351
763.024
2.62459
227.241
581.957
355.51
251.808
221.992
903.989
871.09
59.1754
341.166
112.033
981.75
227.607
219.611
671.224
683.554
95.4619
362.285
6.62252
381.329
907.804
155.522
94.4243
240.73
384.869
286.66
828.211
214.362
269.204
228.004
191.931
647.664
132.145
941.618
770.806
871.487
221.931
460.738
631.245
687.063
633.473
505.02
101.291
149.693
581.988
784.6
482.742
557.878
61.4643
150.151
225.837
53.2243
668.905
244.942
598.682
738.487
875.759
814.966
381.329
719.108
528.336
333.567
617.115
974.944
857.601
96.7437
951.659
468.184
779.931
445.601
590.777
394.208
770.47
271.615
409.253
980.804
89.6939
461.745
240.883
742.668
645.009
439.039
881.527
597.491
267.953
455.153
836.268
749.138
689.23
791.375
342.112
744.957
991.76
523.576
697.073
613.239
823.695
8.39259
427.412
486.709
152.562
746.208
323.771
618.793
841.578
776.971
877.926
198.798
829.188
265.969
151.006
871.944
193.915
435.224
604.724
370.8
884.976
496.384
926.603
164.495
399.823
742.454
380.749
531.419
190.893
453.566
715.262
962.279
81.4539
773.522
157.353
299.295
472.976
213.385
527.787
518.265
624.348
938.292
5.61541
558.916
784.997
493.454
574.664
110.965
462.416
126.255
682.791
761.132
606.098
360.027
145.207
407.727
988.281
976.135
823.634
349.254
563.555
60.3046
111.362
952.94
88.229
270.211
756.951
309.61
780.419
979.217
56.5508
781.335
302.622
454.054
946.898
847.468
848.018
721.519
29.6945
156.255
610.858
280.953
59.328
187.597
423.719
318.857
924.131
433.119
841.456
581.469
653.462
500.443
453.719
561.876
481.338
47.3342
707.511
157.903
497.94
952.422
20.4169
457.015
920.103
627.949
466.536
804.041
512.497
882.076
815.363
808.832
190.161
235.664
205.878
449.355
334.239
100.711
236.579
926.817
851.405
726.31
752.647
428.816
509.11
318.216
111.606
457.442
577.38
238.96
209.021
877.346
308.267
693.777
44.8622
341.38
284.677
809.381
112.369
249.184
169.469
511.673
390.423
895.322
886.441
108.158
220.405
962.767
763.573
982.177
849.605
19.013
671.407
304.086
921.323
169.836
685.781
167.119
693.747
527.573
307.962
52.4003
268.868
650.38
772.21
30.9763
611.774
608.142
472.793
608.081
642.781
831.812
41.1695
616.321
182.806
402.051
104.953
64.0584
33.6009
933.744
259.713
344.829
973.968
712.058
284.799
714.621
953.124
237.373
134.861
442.915
262.856
834.071
737.724
543.626
969.298
480.209
130.192
492.66
385.418
514.328
963.225
837.764
866.512
375.286
907.102
107.456
708.396
31.4951
988.708
924.894
430.86
256.02
391.247
732.933
227.058
403.546
748.497
37.2021
860.073
845.546
464.064
572.558
787.957
719.901
87.6492
299.722
798.791
151.25
279
638.569
936.43
598.346
390.942
843.41
998.718
484.451
203.04
927.702
389.294
767.266
836.665
43.3668
603.809
604.724
383.038
721.915
132.603
772.485
275.582
882.473
60.3351
989.685
937.284
14.3132
144.23
809.32
734.977
439.161
652.15
229.194
771.569
59.7858
741.508
679.739
547.258
501.205
660.726
545.213
21.0273
50.8438
553.85
874.264
104.129
303.659
150.365
436.14
116.184
918.485
120.548
779.046
235.481
392.224
378.46
446.394
474.624
257.698
113.254
7.87378
213.05
611.591
830.439
60.9455
817.164
378.643
183.813
859.34
379.62
218.665
880.093
724.876
109.348
482.131
436.75
898.618
402.753
120.945
74.6788
987.823
128.056
960.54
527.024
664.693
153.783
239.57
45.0453
773.583
652.577
823.481
382.733
502.365
211.646
997.894
40.8643
774.712
281.198
248.695
552.599
519.211
991.852
934.538
90.6705
971.862
872.616
257.881
178.777
667.714
500.351
441.786
787.164
278.481
612.262
517.289
594.531
952.147
712.424
628.895
697.165
310.312
703.787
263.588
546.648
760.765
576.708
310.221
397.046
279.855
685.476
354.778
43.4278
322.703
643.941
118.686
132.603
15.9307
371.502
445.723
827.143
290.201
320.902
743.98
104.434
108.28
418.592
289.163
471.664
445.326
749.504
295.724
377.972
176.977
517.167
161.351
105.258
532.334
310.404
792.016
418.653
267.098
207.923
412.915
758.141
214.393
752.129
772.454
252.144
368.114
323.16
144.536
335.124
155.98
944.853
36.5001
249.428
58.4735
53.1938
7.87378
213.416
229.469
259.407
506.973
536.943
275.216
637.898
131.26
465.041
847.621
571.184
217.902
31.7698
208.35
682.791
170.446
704.733
420.148
888.913
428.205
101.932
320.597
100.803
484.451
562.426
936.216
608.661
859.767
851.283
491.623
678.457
436.384
780.969
671.072
392.804
60.6708
29.7555
287.82
267.342
819.056
938.81
18.3416
673.788
893.826
568.712
356.822
600.574
405.927
797.571
446.974
783.105
149.724
740.806
946.867
734.031
626.85
274.85
583.239
705.252
285.134
945.372
551.469
112.918
368.816
41.6883
417.737
456.526
286.233
118.412
678.976
263.253
901.73
745.445
637.593
89.0835
656.911
767.937
746.879
107.944
929.197
857.173
83.224
319.651
531.968
633.839
101.657
908.567
764.367
144.536
330.729
783.624
915.525
973.388
163.121
831.507
630.634
769.372
398.48
913.785
44.2213
471.145
693.96
139.47
87.4966
10.2542
579.577
444.349
875.607
774.224
194.22
7.93481
581.256
610.37
398.541
539.872
701.163
652.364
421.003
966.521
120.823
749.87
693.594
549.12
884.915
783.197
32.8684
965.239
78.5241
643.849
823.542
383.862
726.493
162.358
359.447
66.1946
115.94
764.763
999.847
522.996
449.507
138.585
295.755
759.789
234.474
690.176
743.675
641.285
314.737
73.9463
322.092
906.125
951.415
575.457
467.94
863.308
858.608
628.986
648.274
301.492
600.482
251.32
184.271
642.476
256.111
672.811
483.261
869.839
757.775
946.654
335.124
264.687
809.565
818.354
429.701
478.896
792.444
635.945
750.755
977.569
561.48
582.476
3.44859
381.939
542.497
12.1464
731.223
744.041
33.0515
171.117
278.115
283.944
115.604
84.2616
253.487
621.448
87.4355
889.462
654.561
33.0515
814.997
399.945
303.507
765.465
917.966
177.007
755.455
937.101
189.886
893.216
333.048
58.7786
161.321
268.014
444.777
704.794
211.646
357.097
842.006
365.337
136.174
476.272
972.442
12.3295
574.419
541.337
85.0856
408.979
206.091
105.472
243.629
694.784
120.823
874.905
904.202
277.413
268.014
984.405
213.63
562.273
392.926
813.807
685.232
551.195
365.49
626.911
407.056
841.7
307.84
813.684
440.199
57.5884
426.923
17.304
562.517
242.866
958.586
927.458
14.2521
249.397
128.91
20.3558
402.173
650.166
539.842
27.955
417.737
209.052
884.518
416.425
526.261
438.704
398.877
655.751
283.059
277.322
956.481
561.754
432.539
415.906
211.097
491.47
447.005
307.291
695.578
673.452
660.939
387.86
280.984
453.81
657.521
543.413
903.989
739.83
62.9902
350.627
967.772
421.949
405.866
125.065
323.252
55.4521
196.448
306.864
236.305
583.361
883.663
215.888
247.932
381.329
844.752
707.053
332.896
406.354
64.7298
757.347
263.71
730.033
661.519
515.885
585.864
237.831
912.534
847.804
110.599
775.842
940.245
903.867
331.553
525.803
711.661
746.422
671.438
890.011
508.652
563.494
965.056
667.226
525.315
501.938
84.9025
800.806
748.344
650.838
115.787
480.483
777.123
206.763
984.069
878.719
739.25
351.817
948.668
303.201
958.251
875.79
859.462
46.5712
529.221
73.7327
589.526
714.774
459.304
950.255
547.472
314.829
528.52
261.513
676.077
884.121
527.635
426.679
843.593
941.496
29.3588
839.351
33.6619
542.192
348.979
610.889
240.699
217.414
850.49
276.772
476.058
579.852
254.86
496.719
792.352
876.583
106.571
280.435
731.132
270.363
54.384
770.043
100.986
130.955
102.969
110.233
491.806
117.069
491.44
437.696
431.44
330.912
355.022
520.859
591.693
326.09
826.502
81.2708
948.881
250.282
732.719
328.104
305.979
903.989
543.87
736.229
82.3389
996.49
730.186
600.391
777.154
380.322
183.66
395.52
12.9704
545.671
860.225
475.082
565.752
155.431
298.807
138.676
287.21
903.012
173.833
599.902
326.212
473.098
537.004
885.83
555.162
887.722
904.813
199.377
607.654
17.9754
847.957
776.238
433.851
543.26
239.113
766.259
779.595
138.615
815.149
172.552
495.499
172.46
209.632
377.789
82.7052
694.784
113.071
289.682
380.84
997.803
715.537
637.318
804.865
530.29
89.2056
448.469
37.2936
446.364
666.768
240.516
581.469
570.605
471.053
954.833
82.4
60.1215
253.792
166.936
821.68
545.549
198.065
603.442
292.032
31.1594
341.929
496.353
258.827
336.863
378.826
806.97
213.538
361.644
991.058
850.093
626.514
951.048
372.997
349.651
904.355
649.129
99.8566
457.564
459.151
116.672
998.413
766.381
794.916
496.597
175.756
847.652
17.8838
507.523
863.002
346.568
677.175
547.777
229.041
164.953
341.319
589.801
821.894
763.024
817.866
147.13
792.688
111.515
421.278
94.9431
559.496
325.877
196.57
625.141
66.7135
512.894
503.647
117.496
296.457
861.599
869.442
208.319
187.902
509.72
514.054
837.397
621.662
216.62
456.893
554.552
624.104
374.157
608.844
867.824
449.324
386.608
757.408
913.114
693.899
951.201
850.581
227.943
101.077
270.028
485.549
909.818
211.097
725.12
9.09452
940.428
512.894
47.3037
135.289
957.305
254.372
510.88
487.136
254.036
567.095
184.576
968.322
290.048
61.5558
770.623
371.105
491.531
549.516
62.7155
127.232
624.653
49.4095
554.857
607.013
522.111
731.437
231.117
874.02
444.807
958.068
69.0329
300.974
859.157
76.6625
286.66
953.124
911.74
120.457
865.047
145.36
382.794
73.5496
377.636
79.8059
399.03
857.082
657.338
969.298
687.765
691.977
332.652
553.545
653.096
995.27
764.55
414.441
55.8184
465.438
414.502
996.033
578.021
513.871
175.848
736.015
53.5905
698.05
699.057
214.728
646.077
312.845
242.347
728.294
755.119
796.594
79.2261
191.107
932.524
107.578
993.561
775.628
589.496
727.592
893.918
193.762
776.025
448.622
78.5546
27.9855
813.684
599.2
181.707
16.8157
63.6006
866.115
332.835
702.048
609.973
368.389
560.106
343.272
141.026
139.317
969.268
506.607
808.741
672.964
729.087
233.1
347.789
691.244
394.726
193.67
236.091
788.385
600.238
736.686
177.252
108.005
651.509
234.077
686.575
710.135
50.6302
633.015
61.9526
783.563
483.627
618.366
520.707
360.485
301.706
293.069
783.624
689.077
28.3822
782.373
887.692
920.652
923.093
667.928
508.377
267.495
132.572
658.315
573.138
287.729
461.653
402.234
446.944
453.169
294.046
850.337
471.633
656.911
695.303
72.3289
139.714
816.309
228.065
935.331
684.469
228.217
511.979
549.669
366.985
832.423
58.6566
888.821
242.164
38.9111
413.465
488.998
684.042
277.017
135.105
635.578
452.345
920.225
644.398
941.649
581.378
745.109
473.342
725.578
872.219
579.363
946.074
93.8139
269.784
295.572
822.291
134.678
906.186
806.879
935.362
129.978
90.6095
220.923
355.266
190.405
28.6874
808.374
108.707
220.954
550.829
941.71
986.572
622.761
631.855
661.611
470.992
637.349
983.154
25.9713
312.632
739.982
497.909
898.709
789.422
987.762
831.355
333.964
178.564
729.362
897.031
212.836
472.396
582.08
560.259
287.545
869.625
82.9188
310.038
290.658
73.4275
919.767
190.985
264.748
927.396
148.442
775.933
769.066
420.24
303.14
461.104
119.327
591.449
804.926
864.62
317.24
368.267
575.701
609.76
825.312
865.627
263.497
274.453
843.867
180.029
985.29
787.835
246.345
209.357
993.439
55.1469
828.913
528.672
172.491
93.0509
30.5795
854.335
772.454
455.153
780.877
127.049
283.944
230.323
629.933
745.598
863.002
394.421
818.72
981.689
210.364
796.686
444.563
108.188
312.601
562.151
378.857
271.401
950.224
191.534
92.6847
638.417
380.047
139.286
47.3037
851.588
97.6287
151.799
804.895
320.353
85.818
146.306
516.617
382.794
455.977
912.168
943.693
867.122
888.089
415.754
667.928
84.9025
775.903
990.051
648.122
787.469
483.352
190.039
778.069
115.848
618.732
595.874
603.198
76.9677
732.414
343.974
851.405
575.579
344.829
668.294
934.568
534.684
710.898
232.459
77.1203
134.922
226.722
534.196
227.882
704.306
885.342
163.213
411.084
289.59
687.46
193.945
673.452
440.718
413.648
494.308
282.907
239.082
663.9
231.544
335.704
101.413
571.184
356.914
427.961
390.393
94.9431
349.742
547.777
362.804
301.218
2.89926
844.508
487.197
534.898
530.259
430.982
661.702
891.14
777.642
875.576
363.567
891.69
818.842
539.415
261.635
772.729
717.368
416.12
322.916
290.078
735.527
629.353
944.456
448.378
772.118
245.003
141.972
60.1825
309.732
554.003
326.456
541.643
653.249
482.04
699.637
850.49
740.44
282.754
800.073
973.083
306.162
169.988
230.811
866.298
681.356
46.0219
100.009
260.964
7.87378
981.658
205.512
232.856
151.006
604.511
494.949
947.295
89.7855
51.7899
832.545
483.932
67.9952
643.849
603.626
148.167
285.226
934.355
188.482
174.688
411.084
294.168
836.482
230.049
702.17
684.286
971.77
620.319
4.36415
774.59
462.02
610.126
420.85
64.6687
881.283
759.117
927.458
162.725
298.105
682.394
716.514
878.872
620.472
140.843
550.584
289.254
28.4738
868.191
906.98
427.259
526.292
39.9792
194.769
757.469
144.2
792.199
825.282
89.5413
822.932
694.082
417.066
87.6492
509.934
583.117
917.417
31.6782
500.778
666.921
920.591
986.938
555.315
299.417
964.965
37.9345
820.551
336.833
89.7244
743.431
91.586
480.178
432.722
467.818
441.755
510.117
150.334
746.086
752.831
820.887
441.328
338.206
177.099
159.093
954.863
129.032
62.3493
974.12
365.001
530.412
370.983
285.592
392.376
541.215
124.241
475.387
54.1398
122.074
903.653
909.085
424.024
40.7727
939.634
794.031
683.065
844.386
819.971
179.998
742.912
114.811
348.094
508.713
222.449
663.9
583.422
618.152
59.2975
823.786
594.226
608.539
537.278
489.731
954.985
475.784
10.9867
70.8945
518.845
918.607
109.317
5.52385
496.994
225.959
698.202
996.979
375.561
650.746
384.777
626.545
702.109
175.909
843.745
499.649
272.042
79.5923
747.032
581.5
747.185
205.267
578.448
878.17
236.549
343.15
114.2
119.907
872.158
629.292
850.978
602.68
909.268
368.45
161.962
843.837
384.045
187.14
463.271
208.93
858.669
922.697
170.965
165.075
285.714
155.309
730.491
317.82
523.026
788.69
499.68
887.204
529.954
585.742
766.32
779.748
776.788
65.7979
681.997
912.381
898.16
669.21
392.987
944.334
121.891
595.813
149.815
73.7327
504.471
223.518
676.565
54.8418
504.379
513.413
580.92
92.1354
924.589
306.894
86.9778
767.785
755.516
922.3
871.273
658.315
949.553
956.114
283.364
797.327
658.437
695.791
732.994
639.851
964.873
49.9283
523.972
685.018
639.454
402.6
916.929
413.251
954.283
297.311
701.559
694.113
84.4142
357.707
60.152
320.994
128.636
350.627
3.296
829.279
280.313
798.09
158.879
253.517
180.029
44.1298
196.234
980.956
981.414
183.416
665.944
356.243
160.375
757.042
537.187
195.074
600.787
622.089
213.446
861.66
985.595
901.852
308.023
67.4154
26.7953
421.644
960.54
46.2661
564.257
537.767
975.799
263.283
64.4856
764.916
565.966
312.754
551.805
108.86
977.844
161.931
501.755
510.514
785.791
396.832
729.179
307.321
132.054
626.118
801.111
118.778
695.944
699.484
6.86666
61.8305
672.018
896.725
415.784
702.597
540.086
743.797
53.8347
650.777
907.01
612.079
731.315
202.918
202.063
757.103
551.347
940.58
507.309
952.818
631.916
689.932
303.629
378.033
71.7795
748.955
414.35
911.039
691.824
788.476
927.152
488.449
582.873
333.14
375.805
685.141
991.76
229.011
963.164
170.598
576.22
3.32652
105.808
199.133
560.32
523.484
83.0714
788.995
821.497
860.836
70.04
747.368
440.413
765.862
336.985
197.546
745.17
661.245
895.993
763.909
380.596
558.092
376.019
71.6269
434.492
803.003
407.91
717.093
151.494
60.8234
300.211
365.032
266.366
440.474
287.301
129.154
487.35
169.225
131.138
892.026
161.351
722.343
357.707
720.695
652.15
813.807
909.513
34.3333
462.416
154.759
495.163
680.105
631.336
385.937
417.829
573.29
438.917
89.7244
163.121
58.2904
948.027
289.041
528.153
646.718
415.571
338.389
572.802
288.186
104.373
614.063
174.596
831.141
526.231
909.238
468.215
829.035
648.213
940.367
951.14
348.613
92.8983
871.395
536.393
936.247
864.254
261.483
334.086
398.877
629.627
343.028
442.457
555.712
90.4569
35.9508
529.984
616.443
471.297
604.541
489.914
343.394
659.719
363.048
948.088
652.455
27.7108
336.68
905.698
809.992
465.957
283.517
298.013
881.832
662.343
984.252
750.328
590.167
155.675
205.512
312.51
235.237
196.326
243.843
453.169
837.428
944.395
455.184
95.0346
156.285
37.3547
677.633
972.472
743.339
57.9241
952.635
92.4406
683.37
933.622
451.338
580.523
182.318
799.005
12.4821
692.618
656.667
352.519
197.577
273.965
481.002
238.35
269.997
447.096
50.3555
484.909
4.24207
808.802
312.876
531.48
731.529
918.851
429.64
873.745
527.665
360.515
717.704
859.828
950.377
154.79
532.517
667.959
230.903
809.412
246.071
997.162
327.708
783.593
977.111
501.633
747.124
650.563
229.133
501.175
538.224
738.09
93.5087
997.65
367.748
529.13
172.765
529.74
80.9961
603.259
881.008
896.695
655.873
400.464
277.444
282.357
955.199
588.58
89.7855
811.151
184.423
315.195
82.5831
66.5304
460.799
125.889
428.327
604.053
399.609
829.524
236.122
989.288
124.668
91.9828
895.23
392.926
608.905
40.1624
389.019
273.385
750.969
656.27
236.213
178.716
94.6684
244.85
214.881
198.889
597.186
753.319
526.353
99.704
352.214
227.058
554.399
669.546
674.795
180.7
876.827
310.404
453.169
166.54
684.866
404.126
175.085
321.543
267.22
485.458
533.708
174.23
714.835
752.892
19.9896
492.233
502.396
948.607
407.849
452.528
103.458
138.951
537.767
914.945
294.565
426.466
305.795
80.4163
305.277
124.729
263.802
315.439
470.29
427.564
737.175
423.627
539.476
103.336
866.512
145.756
302.561
246.193
479.263
169.774
684.561
614.978
197.882
431.684
967.895
591.357
690.329
988.586
297.922
288.308
469.527
245.521
128.086
840.51
147.923
816.889
760.308
406.995
553.331
803.827
637.654
918.699
612.201
769.005
545.274
100.864
407.117
189.856
375.5
802.362
313.974
671.651
613.941
162.633
625.69
701.437
202.185
648.213
568.346
224.342
934.263
489.059
116.367
823.511
41.8104
547.136
512.68
784.417
125.736
147.374
900.021
825.739
89.1446
903.195
970.092
777.093
228.919
66.8661
36.4696
985.351
141.575
437.361
437.544
730.857
599.841
355.113
675.741
434.553
56.2151
816.706
199.347
937.437
929.685
239.418
233.436
633.412
331.889
907.956
565.294
737.083
389.172
633.29
691.794
467.36
816.218
656.606
233.924
428.602
898.251
327.769
25.2998
969.939
537.523
590.93
780.877
804.621
520.493
807.886
751.579
670.339
662.008
950.591
272.103
311.655
982.696
693.991
607.074
566.179
575.732
440.718
2.31941
835.353
319.376
808.313
347.911
721.183
91.5555
610.92
358.074
110.538
642.384
866.207
675.649
487.655
781.365
858.974
806.085
756.523
35.2489
792.627
288.034
354.32
432.905
59.8163
6.56148
937.132
573.016
663.533
54.9028
418.928
631.916
819.575
51.5763
645.833
466.414
272.286
318.766
485.824
469.131
354.228
828.15
616.108
331.675
321.116
320.688
788.751
372.387
993.713
506.607
856.319
584.887
237.373
751.213
338.359
63.448
310.77
153.935
810.144
961.699
615.101
425.825
894.986
640.37
874.844
472.06
141.423
161.565
281.35
86.0317
566.24
784.173
630.909
660.939
144.719
617.725
987.671
325.022
29.664
91.0672
903.623
407.086
780.053
391.247
726.341
638.356
380.474
529.557
25.8492
996.735
333.293
190.863
671.987
599.963
603.992
22.248
593.036
554.033
701.346
517.441
747.856
162.694
673.635
153.081
341.594
404.584
302.133
933.439
817.255
84.2921
273.232
999.268
653.31
563.463
609.973
457.533
499.985
478.072
144.963
88.229
683.889
348.582
315.47
84.0785
613.697
488.662
61.8305
479.934
116.977
119.083
110.904
427.747
240.333
92.9289
425.398
973.632
543.199
138.432
100.314
492.874
417.554
25.5745
488.388
439.863
463.82
562.853
834.62
568.163
455.031
830.164
202.399
277.841
919.858
554.552
971.74
246.101
876.064
34.5775
690.603
997.101
745.842
519.944
561.815
567.614
983.734
452.162
345.225
924.711
448.836
473.067
957.488
291.421
52.4613
607.135
550.371
37.2326
712.333
523.698
348.766
288.797
144.505
285.684
29.603
917.966
525.01
490.799
923.399
62.8376
551.103
211.615
818.69
838.588
934.843
640.706
651.967
393.262
859.096
847.072
863.063
966.552
427.9
550.34
698.08
105.686
642.232
318.4
240.699
696.89
932.249
95.645
453.413
966.399
777.612
466.994
9.61333
109.378
446.852
564.837
198.065
701.621
387.127
24.8421
680.715
550.554
295.602
896.573
385.479
142.308
403.79
915.616
315.073
340.587
5.98163
43.3058
552.812
493.545
763.176
680.197
247.108
605.518
813.288
459.609
855.892
729.087
219.794
27.5887
431.776
234.23
789.178
715.384
229.591
110.813
788.659
510.697
417.493
960.387
595.935
234.138
172.765
833.522
811.426
326.975
943.724
569.567
865.047
156.377
158.635
794.092
648
244.484
163.579
231.208
201.392
327.738
669.698
486.312
992.859
652.333
491.592
955.84
812.006
412.366
858.058
20.2643
816.523
736.747
76.2047
176.733
759.88
131.169
830.531
266.945
931.883
781.64
897.671
457.411
843.165
625.111
558.794
127.689
185.614
594.531
490.371
323.222
98.7884
943.449
414.594
928.77
274.697
57.2527
290.872
218.726
931.547
657.064
329.783
940.947
187.689
801.874
610.218
589.526
867.824
596.698
581.591
23.896
271.187
11.2003
231.819
89.3277
934.751
716.361
202.734
395.947
921.201
344.798
633.992
912.076
663.9
81.3623
16.6021
528.367
899.625
989.746
837.703
248.787
720.298
981.903
297.342
165.014
275.521
836.268
879.147
869.869
156.285
170.995
55.1164
466.933
991.791
778.68
907.407
831.812
290.414
228.187
946.196
281.716
56.1541
141.087
907.163
309.488
211.432
47.4258
808.039
538.255
358.013
228.248
46.3576
553.117
907.102
450.606
819.666
766.045
109.531
1.22074
648.793
970.153
18.0975
925.657
286.569
739.83
912.229
878.231
791.803
332.53
217.048
490.005
51.0575
249.153
448.164
660.421
528.886
108.524
212.317
678.823
527.39
992.889
796.686
582.69
737.449
919.98
376.873
658.162
361.705
598.712
375.53
489.425
591.388
123.997
2.34993
463.363
717.551
767.632
507.34
135.289
658.742
520.432
177.831
362.377
185.644
543.565
611.133
610.981
624.409
183.447
293.771
343.913
319.437
707.938
18.5553
894.101
637.715
418.958
170.965
730.796
794.916
299.02
415.51
524.735
285.195
846.4
814.386
918.241
195.929
256.63
908.322
406.568
188.116
605.731
792.108
237.129
424.36
191.595
715.232
732.322
225.196
689.81
239.235
942.381
735.221
280.282
482.925
34.6995
380.261
400.952
486.831
325.938
396.802
284.219
227.821
362.285
214.911
933.378
315.714
955.504
975.921
694.418
902.432
580.004
966.155
79.8975
835.505
37.3852
247.902
1.06815
586.871
795.16
269.021
64.272
988.403
905.087
732.017
88.168
305.216
908.231
504.379
498.001
678.213
632.374
851.283
752.8
466.964
288.43
771.386
462.355
524.186
771.722
717.887
349.742
933.317
574.755
485.244
715.659
239.875
217.475
543.291
561.174
708.701
601.52
599.902
24.9336
637.226
194.22
673.33
290.994
257.149
449.355
455.611
623.402
255.165
370.037
248.329
684.469
443.739
620.838
251.686
792.047
613.88
94.6684
488.479
272.683
100.803
341.288
144.078
566.881
93.4477
763.024
603.687
242.195
219.672
984.68
968.047
571.093
437.88
303.232
328.928
829.402
766.778
624.226
585.803
971.801
883.938
790.155
84.3837
840.236
125.156
708.335
859.279
562.243
915.159
183.386
760.613
294.534
161.046
861.293
247.597
968.871
640.553
190.802
128.544
195.746
914.945
809.076
29.9081
983.184
798.853
256.752
874.905
425.336
918.241
430.097
152.959
18.952
387.036
675.192
262.032
762.322
134.587
931.089
703.696
694.174
914.518
828.15
413.434
27.8634
526.353
147.679
6.95822
538.011
281.838
548.997
223.64
354.747
245.888
970.489
348.338
823.023
284.799
610.645
893.429
581.988
452.04
895.596
321.421
521.989
743.217
338.847
90.0601
774.255
751.518
700.43
800.836
390.149
254.769
350.505
732.353
866.451
265.328
244.697
539.659
172.033
574.175
416.913
400.891
433.271
320.2
395.947
392.254
933.592
616.718
452.132
373.119
583.758
764.916
80.4468
161.748
519.242
87.466
626.148
283.578
980.712
911.74
459.029
72.8172
133.885
735.099
603.198
409.009
985.321
102.878
227.729
869.35
49.8672
230.659
905.148
578.509
926.695
901.852
43.6415
536.912
439.192
671.743
399.579
708.701
496.323
909.879
75.808
650.716
330.271
711.081
913.266
963.927
267.708
207.282
680.776
348.033
690.237
310.709
970.336
541.276
340.8
420.057
203.467
925.901
631.794
120.762
655.538
80.9351
111.576
410.901
903.195
63.8142
745.354
483.352
602.649
701.224
166.601
596.088
3.93689
671.438
555.925
61.5558
107.669
658.681
302.469
886.502
870.754
361.064
105.35
93.2646
367.077
633.351
670.461
254.189
309.915
545.549
659.2
270.058
841.182
638.966
45.8388
923.887
995.239
160.71
538.804
241.279
742.302
557.939
222.785
189.062
18.4332
13.123
78.2495
742.668
648.152
301.675
533.525
853.877
565.325
752.831
706.656
350.536
240.089
595.599
493.027
298.959
716.178
470.717
154.82
860.5
166.417
389.477
568.59
173.345
371.776
921.598
787.561
291.391
30.5795
892.392
74.2821
710.562
304.117
371.441
60.6098
514.389
504.593
233.009
190.558
670.186
332.194
70.3452
102.725
506.577
567.095
744.713
108.615
904.172
622.761
350.078
422.59
230.11
866.878
875.759
300.18
548.296
116.123
346.66
740.928
135.96
211.005
724.357
911.832
838.527
76.9982
348.125
947.63
293.008
178.228
199.011
284.555
552.538
770.165
767.144
183.508
141.758
857.112
803.552
598.529
75.8995
261.299
738.609
47.7004
873.379
709.372
47.1511
642.201
93.8139
342.784
342.479
929.411
433.424
558.214
479.843
707.236
907.193
584.46
451.247
465.011
151.036
701.621
352.306
607.807
374.157
509.415
202.673
120.121
992.676
150.426
901.273
825.251
476.577
894.772
97.4151
896.664
440.84
992.035
259.499
777.52
511.429
197.455
721.763
164.739
998.444
878.109
991.18
213.721
907.01
104.984
95.1262
619.922
317.24
638.356
251.686
733.757
664.602
211.28
642.933
364.971
952.055
18.6163
573.29
432.63
424.757
817.347
794.031
117.13
739.494
544.145
274.728
670.278
158.696
857.173
203.497
539.995
801.965
507.797
496.78
965.789
484.756
948.485
600.33
700.674
176.58
83.4986
862.3
17.1209
609.699
568.407
259.957
651.692
69.0023
564.44
761.254
845.729
895.322
354.472
101.993
138.066
732.383
726.341
260.994
65.7674
49.5926
530.198
412.946
429.426
971.221
315.714
641.53
278.97
943.388
455.916
193.64
276.864
270.363
663.228
555.406
593.951
51.4542
304.666
132.145
995.178
548.906
421.918
813.044
270.791
519.303
862.85
201.361
669.698
538.926
430.464
792.84
490.707
854.305
455.977
881.588
488.51
789.636
701.559
476.424
250.313
242.073
999.695
8.08741
199.286
296.091
535.051
108.615
381.42
488.174
175.207
244.148
691.58
753.288
756.34
482.803
695.425
584.155
730.399
178.289
703.482
434.767
79.6228
850.948
252.846
899.197
905.362
47.1206
654.042
696.921
596.21
458.693
757.927
996.429
983.337
83.0409
600.085
107.517
387.646
705.802
78.0358
74.3736
966.399
486.801
318.247
199.927
264.229
930.998
888.424
33.3872
376.293
25.1473
512.101
851.802
628.162
822.23
441.389
166.906
180.242
253.639
144.047
288.98
461.806
451.918
461.257
478.072
841.639
364.025
892.544
714.682
441.023
937.04
163.549
620.899
495.804
657.247
733.879
562.975
173.406
724.204
399.762
466.933
251.015
640.706
649.495
378.094
561.663
499.954
926.664
296.426
613.941
751.335
457.778
318.094
291.787
725.883
800.989
615.009
40.6507
702.872
771.203
283.761
446.364
798.639
898.984
594.745
612.415
458.785
78.341
672.75
242.866
835.383
560.808
140.812
836.238
829.859
950.926
758.141
897
83.5597
360.21
582.934
570.94
696.677
375.744
692.648
610.797
956.542
999.023
991.485
77.7612
857.601
211.951
137.333
686.148
693.228
326.456
119.175
196.265
501.114
772.79
515.763
762.902
643.605
484.085
967.498
644.887
303.72
532.792
892.483
182.196
178.808
174.993
977.783
447.005
152.44
959.777
477.309
474.746
226.203
58.4735
847.957
481.521
492.508
471.877
754.204
974.151
429.579
269.539
973.846
158.757
300.089
519.608
234.84
555.071
934.355
63.4175
515.458
221.168
679.83
792.81
838.038
496.658
797.632
585.101
88.5952
669.118
87.6186
552.812
893.124
470.779
23.4077
763.909
81.1487
811.731
178.198
89.2666
769.25
655.232
222.846
332.987
594.409
442.549
277.779
302.408
129.124
972.106
899.258
973.846
9.61333
140.507
481.796
409.955
807.947
450.972
358.196
585.864
179.418
695.547
377.453
779.138
317.209
717.338
242.958
680.898
244.057
659.383
391.461
883.755
973.846
605.731
694.388
902.738
72.9698
21.4545
762.627
386.151
653.89
898.099
136.143
671.651
331.095
9.58281
139.592
344.432
171.545
186.987
685.049
953.917
170.324
15.7476
803.461
544.298
283.029
864.071
185.797
156.377
545.915
646.901
515.336
956.114
315.439
233.039
871.7
146.031
157.842
900.723
989.196
316.935
420.728
748.253
649.281
394.36
17.2124
466.414
989.41
837.703
454.573
377.789
8.78933
247.078
637.806
150.548
53.3158
35.0352
480.3
91.8302
559.313
318.583
852.229
427.778
839.137
688.437
897.824
475.906
188.665
11.3834
253.517
116.55
98.3612
922.178
197.424
469.192
849.025
160.833
261.605
180.059
273.598
412.427
338.816
227.729
966.521
804.529
814.447
651.906
721.091
719.413
754.967
112.857
476.913
76.8456
684.652
686.85
558.428
744.072
980.987
804.315
485.427
228.492
420.85
736.717
137.272
310.465
908.078
538.652
551.958
771.111
914.09
851.1
140.904
872.646
662.465
472.396
601.367
746.605
589.16
103.061
306.955
346.629
109.195
170.507
458.449
121.891
221.168
140.202
775.018
67.568
981.201
219.459
8.20948
308.39
376.812
860.042
59.2669
871.761
633.015
965.667
981.079
806.421
480.758
211.097
646.29
303.446
419.874
378.643
362.804
974.883
507.187
118.564
217.475
947.264
701.468
39.4604
429.914
925.657
296.091
535.112
496.963
884.823
470.962
253.822
409.711
543.291
494.736
616.657
724.021
277.139
608.814
290.506
765.465
629.383
123.997
23.0415
750.877
71.3523
761.681
744.591
106.54
172.216
769.921
344.127
765.374
833.033
846.492
25.605
723.594
741.295
399.823
650.197
638.539
702.872
179.022
971.16
748.711
6.65304
804.163
167.882
897.305
479.049
228.248
584.765
940.58
383.77
662.435
81.1487
322.092
824.091
994.812
899.533
94.5463
802.82
234.962
456.771
169.622
596.973
15.1372
966.155
78.0053
603.198
679.159
295.175
20.3253
310.007
990.478
966.369
490.31
553.27
990.875
706.473
251.289
711.112
40.437
451.155
948.027
994.659
570.879
210.852
133.671
490.585
582.324
704.062
995.087
111.911
416.303
164.708
555.467
113.346
834.712
229.438
637.959
327.067
937.01
311.228
369.182
775.872
946.471
365.703
505.844
819.086
396.863
456.191
364.391
488.205
750.725
23.7434
635.701
168.279
980.438
268.807
865.535
281.014
143.651
550.096
882.534
126.225
484.085
207.495
954.466
537.706
88.5647
715.171
954.436
509.873
632.618
570.605
318.064
451.277
244.545
826.685
72.8782
221.32
20.4779
672.201
721.183
606.494
220.618
967.833
257.759
392.254
678.457
142.979
103.793
686.911
454.451
360.637
237.617
653.554
264.718
355.846
304.239
306.772
716.453
854.213
984.741
529.74
881.466
976.867
406.354
968.291
238.502
537.95
875.301
958.525
516.282
640.919
712.516
143.376
467.971
479.904
474.654
935.362
108.554
752.556
340.983
480.88
446.577
590.136
947.386
283.029
240.852
411.786
448.897
138.615
814.325
608.753
92.349
546.068
455.306
464.827
79.5923
240.242
438.337
219.489
3.14341
10.3458
195.013
679.891
635.517
457.472
666.86
287.79
352.977
847.652
370.617
47.9446
975.738
716.971
208.167
224.097
304.941
385.022
551.439
208.563
138.615
32.4412
634.327
472.213
47.0901
499.588
782.098
0.579852
689.566
461.745
510.269
122.562
952.818
137.852
23.7434
138.066
693.594
188.665
147.618
650.502
365.673
960.387
220.71
10.8646
312.937
730.338
983.612
779.412
9.79644
111.118
991.668
610.675
29.9081
268.838
584.948
469.222
24.9947
112.186
946.074
581.439
494.339
108.554
276.833
29.6335
626.82
883.297
625.782
395.52
996.338
258.156
396.802
358.287
391.827
886.135
71.1692
654.286
563.86
137.425
173.498
304.147
167.669
394.177
12.8178
513.84
685.568
409.497
230.873
155.705
608.325
887.082
687.704
235.939
658.223
937.864
716.819
254.402
334.056
570.055
280.587
863.704
559.587
868.282
57.1917
732.78
716.91
18.7078
990.692
22.3395
845.882
835.963
334.788
377.667
290.536
948.363
722.739
845.119
574.511
297.494
293.069
618.854
785.577
108.615
403.729
23.896
251.778
987.915
965.209
641.865
789.605
302.927
924.039
985.168
305.521
502.701
927.976
626.637
32.5327
533.158
704.001
190.497
182.653
4.88296
180.578
110.599
296.579
268.96
885.25
562.731
71.9932
57.0391
648.701
477.004
951.537
842.555
147.099
36.4086
251.808
578.295
313.242
568.224
114.78
967.956
148.106
233.772
62.4714
926.328
964.354
423.994
436.598
385.784
592.273
265.45
504.166
104.434
580.248
144.719
510.3
632.649
920.499
656.178
459.578
93.7223
331.217
879.849
907.254
935.759
627.125
395.764
541.368
309.854
208.441
940.947
837.184
232.246
201.147
114.719
565.081
185.247
277.963
40.0403
433.271
314.096
692.862
385.113
646.596
876.064
559.465
653.188
662.374
97.232
904.935
146.214
924.924
94.2717
530.381
508.286
859.981
16.3884
209.174
255.531
909.757
64.6687
254.616
198.706
890.652
544.42
987.701
164.373
454.176
606.891
136.601
921.445
932.981
836.97
699.332
718.711
352.336
342.418
300.058
340.312
889.767
501.907
571.215
84.872
562.09
26.7037
592.059
574.511
423.261
493.942
915.067
800.562
52.5224
6.07318
211.707
311.563
615.253
134.129
68.453
950.346
276.925
799.921
964.354
45.8388
252.266
254.341
961.608
466.628
270.119
807.55
140.202
441.725
735.679
466.933
308.267
555.376
371.258
140.294
18.4332
821.894
616.84
559.038
422.712
246.834
571.52
578.661
996.033
780.725
757.378
12.3905
660.573
71.4743
486.679
654.195
341.533
922.361
114.139
647.633
485.702
860.622
954.863
856.563
574.297
724.235
149.602
393.963
161.26
672.201
258.98
965.575
468.062
525.101
866.787
183.63
66.3472
841.762
974.792
508.255
680.044
638.6
469.558
971.435
637.288
157.933
443.068
340.861
4.73037
591.235
647.725
879.33
934.05
163.549
867.702
355.937
252.937
485.916
487.259
465.865
831.599
581.133
37.965
314.249
755.547
490.066
5.34074
120.853
836.543
863.826
676.595
801.904
492.508
448.958
310.648
584.735
528.153
871.12
411.939
312.326
846.767
624.042
388.409
593.219
625.202
669.698
376.08
453.413
983.032
556.169
510.575
646.779
676.962
459.181
427.259
279.397
851.863
53.8957
271.065
905.179
379.894
622.883
997.528
747.948
818.506
306.742
245.766
207.038
518.967
903.623
565.416
302.225
916.684
123.508
277.841
214.362
534.013
704.459
753.746
577.96
727.683
295.572
387.799
681.997
711.234
514.573
52.0035
235.267
884.213
85.0246
308.695
852.26
999.481
459.975
164.342
916.013
199.194
838.221
646.199
974.364
451.735
979.308
981.872
325.48
419.813
723.746
663.93
949.095
291.635
624.5
180.548
439.711
606.342
595.965
693.381
98.178
604.602
986.847
443.831
837.397
136.021
983.154
169.256
58.9618
654.469
747.459
310.19
156.835
332.163
200.781
289.59
803.888
824.824
853.298
645.924
678.182
717.765
589.953
300.79
784.906
185.369
817.804
742.729
30.1828
894.589
880.459
408.002
203.162
683.462
146.672
40.3455
22.5227
47.029
679.128
310.038
403.577
960.356
888.882
474.319
602.618
71.1386
83.224
359.722
394.116
792.688
311.991
448.439
937.742
328.288
418.714
348.888
490.616
158.849
703.513
432.691
622.059
24.2622
103.336
918.699
86.0927
930.54
296.152
185.644
8.66726
213.141
635.121
594.592
545.457
188.879
319.01
602.283
666.585
426.13
705.527
446.73
224.83
166.143
173.04
186.529
962.828
925.535
437.819
374.828
616.291
811.945
732.109
149.113
769.311
583.636
750.298
18.5858
617.328
984.68
768.517
129.917
295.114
386.608
844.569
292.673
925.26
268.014
503.952
545.885
43.3668
563.433
818.842
546.922
556.963
412.244
285.287
563.616
893.277
339.793
406.262
351.543
493.24
400.708
385.235
696.951
307.108
316.965
838.099
907.224
448.439
141.057
928.22
29.664
662.404
475.814
832.087
80.2637
764.946
782.006
941.069
63.2038
708.823
805.506
705.679
62.8681
432.752
654.317
528.886
189.245
150.273
557.634
614.338
658.132
233.955
837.519
175.878
787.378
351.909
124.943
914.884
190.252
12.2684
351.146
171.026
947.691
172.216
545.457
653.615
39.7046
67.6595
971.313
158.788
818.598
919.98
631.123
179.724
803.491
675.71
671.834
815.21
579.333
436.201
721.854
883.602
80.0195
732.292
690.97
648.244
37.7514
301.462
64.4551
59.9689
879.666
523.026
222.571
923.978
852.901
167.669
816.553
896.298
659.505
617.878
732.658
717.093
382.488
215.155
675.314
586.016
983.795
890.591
900.662
86.8252
155.98
734.733
131.565
566.82
808.924
663.289
185.949
377.697
971.923
834.712
348.643
883.999
393.689
976.012
19.2572
645.253
620.563
272.988
666.25
678.549
834.437
981.231
619.007
206.915
231.788
413.953
729.331
800.714
225.105
463.301
432.752
317.667
247.566
310.678
242.073
548.021
442.61
483.2
203.497
971.007
19.6234
911.832
346.873
528.733
556.749
147.801
661.367
824.458
32.197
393.658
627.979
650.044
865.505
504.624
839.656
250.618
749.535
617.237
740.654
231.3
555.101
561.174
16.419
512.864
88.6868
710.288
664.998
242.5
985.351
429.64
281.045
66.0115
517.197
774.285
584.765
667.379
599.597
596.332
725.303
982.269
775.536
716.514
391.461
991.668
459.975
316.263
259.987
501.785
225.013
207.038
813.105
816.553
407.544
132.633
56.2761
708.792
820.276
760.887
168.065
596.82
847.499
521.378
612.171
332.011
706.992
944.792
744.224
504.166
159.154
660.695
443.739
670.675
444.594
709.525
802.667
415.571
731.407
325.571
401.807
645.222
853.786
846.767
206.61
26.3375
622.547
907.437
613.056
973.052
489.364
571.123
675.405
88.6868
845.668
558.428
46.6628
469.375
737.724
227.271
663.381
774.804
278.665
461.196
705.618
472.976
539.567
121.952
863.765
165.166
199.561
223.243
443.068
396.954
737.693
480.88
337.504
861.965
446.455
396.558
403.821
404.523
49.3484
530.9
267.342
727.195
202.795
122.135
90.701
209.815
664.266
707.022
336.619
746.055
407.605
899.503
56.0625
3.66222
466.994
984.375
733.177
15.1372
790.49
481.155
217.963
504.318
884.732
335.276
778.253
855.892
531.846
892.27
801.843
133.335
359.874
311.35
180.456
52.5834
548.051
575.06
906.644
316.263
447.859
750.389
914.609
216.01
401.654
658.437
696.524
908.506
539.598
608.478
725.669
271.371
836.421
352.489
217.048
745.933
209.235
917.051
257.637
71.749
937.559
468.001
836.665
320.902
186.804
864.895
807.55
136.448
916.837
60.9455
313.028
582.934
955.962
5.09659
704.154
514.084
522.813
202.155
484.664
864.437
976.409
587.329
312.113
771.05
75.8995
871.731
586.993
931.547
531.785
14.4963
660.665
104.648
128.636
978.545
194.037
159.825
202.246
425.123
697.684
581.53
750.755
504.898
784.783
835.261
962.188
400.189
168.462
500.839
439.222
775.994
934.385
579.791
902.585
795.19
119.755
882.565
653.737
854.457
130.772
902.219
579.15
697.226
28.5958
80.7215
976.531
59.8163
216.102
873.989
984.619
506.973
556.2
521.867
897.732
613.178
452.925
929.899
146.458
145.756
926.908
568.102
225.41
406.568
215.827
794
349.681
387.555
932.066
505.539
120.884
897.671
307.657
530.29
984.436
316.05
558.947
657.46
758.721
129.124
901.09
718.467
18.4332
906.613
244.667
622.73
611.896
873.348
104.892
754.814
95.0041
733.36
755.089
638.997
362.102
901.73
155.431
277.871
255.47
801.263
688.65
70.8945
434.706
379.467
233.07
719.321
286.874
503.037
605.426
23.5603
159.093
384.93
903.531
979.705
694.662
701.346
780.908
80.6604
553.697
554.186
184.24
229.163
300.241
935.606
584.887
167.821
736.198
850.612
235.908
833.399
463.912
754.234
485.549
540.849
958.678
459.365
678.823
404.126
932.096
171.545
678.121
899.075
267.739
806.97
534.227
975.311
310.343
249.855
338.969
623.493
789.758
705.771
790.826
303.446
160.863
806.513
504.501
140.233
640.95
623.554
596.118
293.771
725.242
245.766
574.908
408.765
462.539
77.9748
72.7866
550.798
271.859
516.129
443.22
535.112
580.981
156.194
760.247
54.1093
68.9108
192.083
249.245
510.178
792.993
159.368
680.776
959.349
981.841
681.265
758.263
73.0308
775.811
372.173
31.2204
523.576
695.944
556.444
365.184
699.301
122.379
957.244
499.283
156.59
564.257
12.6347
723.319
714.225
1.37333
974.944
204.81
596.332
79.9585
449.11
998.26
531.022
442.488
527.604
266.427
209.693
974.242
176.275
746.849
14.3437
246.498
29.2978
992.706
418.531
938.81
247.932
421.094
968.383
520.463
600.33
698.752
250.13
973.571
418.165
497.085
750.084
837.855
586.566
147.557
13.2756
359.355
223.365
228.767
7.56859
23.7129
204.169
616.382
98.8189
255.562
189.337
27.0699
543.535
564.989
309.122
588.153
905.637
922.788
163.335
463.576
303.14
645.283
291.665
67.9037
891.202
570.33
771.02
899.594
487.686
805.414
95.8586
524.216
747.612
829.249
998.474
739.982
792.657
228.339
364.208
455.489
702.109
849.513
899.38
312.113
771.142
649.464
706.961
581.53
943.144
23.1025
426.893
369.793
322.001
891.629
96.9268
659.78
170.843
331.4
390.759
222.022
303.232
25.3914
388.867
926.847
273.141
317.911
539.323
487.106
270.211
154.21
963.958
164.861
126.225
685.995
766.564
471.389
339.03
824.396
499.405
392.956
520.524
521.317
444.075
173.223
174.596
60.5182
863.063
183.508
211.432
139.805
878.262
912.015
104.221
25.4524
132.756
603.717
95.0652
560.106
892.087
581.805
355.602
305.46
740.989
781.884
509.14
601.184
532.365
530.473
420.301
820.521
744.346
98.88
658.589
605.152
901.73
63.6006
541.887
359.264
218.177
4.63881
166.478
784.906
115.543
573.199
329.356
739.402
776.025
459.365
749.779
196.57
384.106
291.818
495.346
592.578
214.057
0.061037
20.0201
337.504
219.489
671.316
719.321
774.773
280.892
431.99
409.284
368.603
767.815
386.822
636.006
401.379
571.795
144.902
220.801
962.188
265.999
965.667
948.668
507.279
548.418
54.6281
804.834
774.529
624.073
41.2305
667.196
332.102
683.309
169.378
859.34
543.657
131.901
231.971
471.633
230.384
729.392
781.182
855.922
811.884
291.604
645.07
200.323
206.61
114.475
282.266
590.503
273.446
774.194
5.61541
463.24
75.4723
460.921
606.525
859.157
747.276
501.846
410.443
380.169
247.017
229.957
295.846
258.736
774.59
854.854
706.9
444.136
136.814
491.44
191.595
112.949
841.517
3.6317
496.841
509.568
200.995
818.232
750.938
522.874
226.783
365.917
765.648
905.667
596.576
305.734
988.342
542.833
474.471
188.574
135.96
674.612
466.445
716.605
41.8409
481.216
491.44
254.677
746.666
934.904
849.788
749.931
364.666
326.151
270.211
715.69
756.798
369.61
216.803
436.171
541.429
296.457
236.518
48.3108
474.441
839.625
629.383
656.423
729.606
517.289
221.961
136.662
110.599
122.013
525.803
787.011
726.005
820.917
61.6779
479.171
158.208
773.309
131.199
468.978
658.071
672.536
817.042
520.737
395.886
117.557
492.599
502.792
300.424
221.107
623.188
109.653
517.014
360.057
138.981
867.672
16.1138
475.112
161.87
79.7449
383.465
825.19
366.71
866.207
323.099
603.259
758.965
957.305
904.66
319.864
149.358
393.902
85.7265
360.302
107.12
793.085
541.337
621.937
673.116
333.689
330.943
637.898
613.575
119.572
434.645
93.234
496.78
75.4418
689.932
140.202
372.57
32.7158
159.856
418.134
337.077
160.558
464.339
184.973
763.237
399.182
105.35
466.506
478.683
51.3627
317.759
629.017
672.079
188.238
476.577
282.296
809.381
25.8492
592.212
919.065
340.77
928.861
924.863
196.631
480.3
197.027
249.306
267.708
838.71
291.726
801.386
66.1336
191.076
657.582
436.995
954.039
160.68
796.381
35.9813
636.311
99.8566
749.199
680.654
749.382
949.614
642.964
641.316
29.603
358.684
457.442
699.698
468.245
844.081
669.607
841.395
358.928
273.415
930.906
848.872
643.971
451.094
434.187
825.8
465.773
89.053
126.041
184.698
329.539
943.724
421.491
128.422
783.593
399.915
576.525
157.018
23.4077
283.67
375.256
631.458
325.999
184.545
287.82
925.108
720.237
69.0023
755.119
194.25
800.104
466.17
756.798
299.295
86.6115
6.86666
318.674
907.224
844.813
597.736
116.031
307.321
762.017
11.0172
828.578
970.794
393.963
171.972
403.699
385.784
784.417
924.558
884.457
199.255
164.892
556.749
957.762
196.417
141.087
867.458
880.032
149.693
271.401
54.9638
935.667
67.6595
444.533
209.449
85.1161
876.003
962.249
689.993
958.861
60.9455
733.116
167.547
852.779
307.474
484.298
615.619
882.351
662.13
396.802
28.6874
950.987
253.121
70.925
151.28
689.108
97.9034
228.126
997.406
20.1117
30.2744
55.2385
442.335
509.751
277.322
597.858
668.416
154.698
718.65
108.341
744.957
767.052
357.921
755.76
124.485
610.523
39.0942
602.649
336.436
445.265
937.468
256.355
658.925
636.677
857.753
100.04
50.4776
485.061
870.052
509.934
123.142
432.478
314.707
965.453
437.147
302.591
707.755
457.93
899.625
229.743
577.99
104.709
548.021
434.37
766.9
374.126
499.252
499.588
222.571
828.364
346.477
306.65
819.452
790.124
784.173
284.494
234.107
839.381
742.851
130.039
409.528
546.281
815.332
655.477
637.989
346.843
254.463
918.882
794.763
967.437
325.205
293.954
753.166
304.117
290.841
635.914
512.65
163.701
815.516
198.889
71.0166
772.057
63.9058
461.837
571.978
456.313
279.672
518.784
759.423
407.331
123.142
189.734
269.356
928.282
550.645
508.652
791.437
75.7775
515.641
744.591
630.39
100.192
273.537
612.201
699.423
590.564
571.368
827.998
476.333
731.193
503.22
668.661
953.825
575.579
313.242
687.429
115.268
744.438
926.969
245.003
967.071
453.597
492.416
11.0477
658.742
278.176
712.271
92.8373
722.526
559.679
248.268
947.02
962.951
861.385
979.247
730.613
28.3822
379.345
393.689
248.085
195.257
714.469
898.526
150.304
396.619
912.015
325.144
541.276
25.6966
175.237
413.77
649.922
546.77
159.032
557.909
722.19
443.159
249.611
589.404
790.155
534.989
737.236
886.196
474.593
196.936
287.332
583.178
476.547
507.859
617.023
168.218
915.098
863.124
782.769
243.904
166.57
81.2708
985.717
736.595
362.529
535.966
300.76
334.117
201.575
344.493
235.847
433.149
232.521
144.353
527.39
377.667
263.863
488.876
78.4326
269.448
57.0391
393.17
445.692
132.45
958.739
61.861
781.335
711.631
628.986
329.661
636.494
688.009
521.409
845.973
532.243
590.777
271.493
534.959
704.215
188.177
649.251
362.438
927.427
637.959
232.765
940.336
827.54
178.838
458.632
0.427259
584.552
644.429
205.42
268.685
435.347
580.462
567.003
770.837
881.314
246.803
971.099
101.077
7.35496
285.775
299.997
685.049
818.506
337.199
169.805
567.858
0.061037
382.519
23.4077
759.026
8.39259
98.3001
194.83
665.273
897.397
0.976592
600.208
642.201
787.988
663.717
211.921
196.783
386.395
786.798
972.533
871.273
457.259
402.936
303.903
339.671
658.345
998.413
868.862
749.138
642.567
831.568
740.349
836.055
834.162
229.835
635.884
848.994
784.722
146.519
371.929
809.656
515.488
758.446
195.685
142.857
752.495
386.151
150.029
207.007
460.25
517.35
127.659
755.974
580.737
215.339
771.325
864.04
383.557
693.289
875.607
345.164
333.75
335.795
447.218
197.211
883.45
949.156
79.6228
103.214
93.5087
521.073
798.425
520.219
491.684
271.706
33.4483
387.524
73.0003
276.772
874.508
985.168
849.513
444.227
266.091
974.059
854.488
125.736
298.318
149.052
8.45363
144.139
249.214
936.247
752.678
518.174
535.752
165.288
856.166
665.7
228.95
148.961
303.201
366.771
290.017
599.963
667.013
267.617
183.02
417.371
875.82
206.977
21.2714
873.257
778.069
145.817
902.738
230.811
412.549
982.025
591.235
325.846
389.782
30.8847
199.957
141.728
291.208
453.108
32.5938
910.459
491.836
410.962
239.387
769.677
313.486
234.657
443.617
508.103
913.816
379.254
995.27
429.945
818.354
454.329
7.62963
869.564
501.053
106.693
833.644
387.86
920.225
38.3007
137.577
181.707
415.448
939.726
219.214
737.327
872.402
621.326
745.598
259.072
561.235
122.715
547.655
904.996
555.193
81.9422
637.44
360.118
135.624
145.878
102.237
779.015
89.2972
702.689
32.0444
628.651
304.819
717.795
136.235
462.966
574.023
955.016
206.214
160.283
4.60829
363.048
79.7449
654.866
950.652
909.818
263.863
693.869
866.298
644.917
871.792
650.929
990.539
272.225
30.8237
927.732
267.281
13.0619
417.31
974.578
408.673
42.0545
74.2515
461.318
507.035
276.193
169.225
630.238
101.749
798.791
847.133
361.431
107.761
699.576
835.505
982.513
511.46
611.744
957.793
353.679
240.333
727.866
211.066
259.621
112.888
575.243
564.562
638.905
274.819
332.652
134.983
682.852
27.6803
968.902
895.26
334.605
456.526
985.29
572.436
220.008
762.444
42.5428
891.629
541.215
706.595
254.189
821.619
964.599
71.7795
426.588
978.942
33.723
547.838
27.955
846.004
139.561
946.959
167.028
960.509
577.929
155.583
362.651
731.193
726.402
728.843
385.723
37.2631
871.792
533.464
954.649
267.037
718.833
346.324
565.447
952.269
112.033
813.99
238.136
654.622
1.77007
679.678
460.097
260.17
185.43
684.561
108.036
338.359
855.464
48.5855
629.872
721.824
485.214
938.169
267.373
962.951
83.9564
825.8
601.367
823.786
352.428
149.174
200.14
455.397
769.494
174.993
652.852
422.864
142.46
474.136
768.822
232.185
650.99
914.457
224.158
515.61
916.471
577.471
437.025
531.144
128.208
505.02
952.269
132.939
757.5
682.333
117.405
868.587
890.591
163.549
330.943
359.539
712.302
746.361
643.941
621.204
171.117
101.23
996.429
478.439
357.372
762.535
869.9
733.299
625.324
886.746
637.104
240.638
990.692
184.851
390.24
548.662
835.047
934.599
529.008
259.56
447.798
479.11
889.554
767.693
437.483
118.32
695.822
530.503
543.443
798.853
114.383
529.283
879.025
509.049
694.082
75.3197
137.852
785.852
471.297
618.122
794.153
238.38
23.2551
711.875
828.333
496.2
249.092
796.411
9.36918
486.953
161.077
948.607
265.297
450.911
466.811
261.086
172.155
597.613
223.487
3.93689
94.1496
811.762
346.141
225.837
4.76089
313.73
249.947
951.048
521.287
681.997
409.253
628.132
183.142
142.46
113.437
987.182
505.753
532.273
201.392
961.15
840.999
843.074
55.8184
828.211
575.518
751.244
638.539
230.873
698.447
40.1013
847.896
228.309
268.96
321.451
980.01
38.2397
816.187
961.852
574.45
624.409
201.239
620.197
426.16
786.035
974.181
303.354
44.557
905.606
755.669
345.042
341.105
10.8341
675.741
215.064
826.777
307.81
400.159
564.898
100.284
840.388
776.269
415.784
909.085
433.393
628.712
895.657
563.128
575.152
737.297
431.104
984.252
395.459
527.573
800.867
170.721
395.764
505.356
956.664
359.844
87.5271
966.979
17.7923
668.508
194.861
15.8086
346.355
493.637
578.112
417.219
108.005
453.871
534.165
321.909
225.867
153.325
630.146
390.362
133.091
548.875
726.432
348.491
230.567
202.155
345.47
506.394
455.702
197.821
42.5428
271.096
869.137
8.75881
934.629
184.79
665.059
90.0296
43.672
519.761
511.612
482.467
611.042
960.936
627.827
207.343
38.0566
407.91
502.823
733.329
610.767
427.259
664.052
296.884
663.228
386.334
400.555
357.463
337.046
800.073
847.682
968.749
592.883
922.056
338.969
347.026
629.719
110.63
432.508
418.47
369.06
2.16681
516.739
625.538
159.703
21.6987
402.966
774.987
359.203
262.978
810.389
207.831
948.82
268.929
149.785
73.0003
837.947
743.614
512.589
985.473
13.947
727.195
270.913
850.795
194.372
265.023
195.471
136.601
136.876
102.084
497.177
372.784
264.016
434.065
698.843
161.382
758.599
246.345
743.187
477.371
785.852
272.195
243.477
542.009
998.993
101.138
282.968
49.3484
984.222
469.405
669.424
27.8329
801.263
262.612
50.8744
117.71
276.04
263.253
799.28
545.671
201.514
173.101
67.3544
578.265
102.847
942.625
926.42
734.794
723.38
937.834
989.624
541.337
887.6
976.775
428.388
107.12
897.275
766.015
787.5
304.3
116.916
769.066
505.112
832.514
905.24
37.4157
544.328
949.461
548.112
36.0424
42.1461
148.717
350.261
993.866
382.519
566.362
541.032
811.274
599.048
396.741
150.914
55.3301
514.512
99.8566
515.305
74.1905
522.538
680.807
560.9
761.742
418.47
822.504
532.273
4.12
184.912
153.6
313.425
339
139.073
432.142
1.95318
859.096
347.24
926.511
890.957
890.744
713.401
774.865
515.336
479.72
647.694
604.572
919.492
214.393
721.458
192.328
801.019
418.287
214.667
446.852
688.375
242.897
962.279
494.766
807.581
692.434
405.408
151.494
794.671
110.935
254.433
558.275
910.398
164.19
668.935
265.877
912.656
846.4
362.011
547.685
243.812
543.901
534.471
221.747
688.437
686.697
45.2589
764.306
158.086
18.9825
724.784
995.422
759.453
20.2948
236.518
118.229
801.508
508.042
394.36
392.926
899.014
953.124
340.739
226.478
827.296
539.598
492.752
960.173
285.775
499.802
661.611
135.136
225.684
756.066
252.815
518.082
898.465
400.25
952.055
667.501
281.106
42.6344
804.041
322.764
35.0352
560.991
90.0906
396.313
653.981
281.32
910.794
850.703
957.701
121.586
879.788
241.707
587.848
729.606
835.566
208.747
661.946
146.062
976.714
693.747
241.493
24.5674
327.372
169.591
771.447
939.268
939.055
660.054
145.848
811.701
734.947
831.568
557.451
988.25
403.15
938.597
786.096
998.81
244.942
904.019
83.285
528.764
384.411
315.134
308.573
634.877
245.46
617.42
473.983
736.656
703.055
286.142
353.038
414.167
814.081
258.522
310.617
544.206
534.867
406.232
9.46074
804.926
331.187
330.546
150.151
81.5455
87.0083
260.903
900.296
803.278
218.421
338.237
169.652
743.187
398.846
64.2109
387.158
312.296
801.843
198.065
936.003
879.208
267.617
881.436
903.317
145.817
300.027
273.476
300.394
111.789
299.295
476.638
410.26
657.338
937.803
34.8827
417.859
276.772
84.3532
785.455
980.163
993.896
183.996
345.042
891.781
989.746
498.55
12.6041
502.548
975.036
115.207
368.938
43.3668
837.611
128.697
354.808
516.526
596.728
903.714
109.134
306.436
195.074
823.45
348.033
167.791
160.192
430.921
565.935
746.605
665.944
369.06
840.541
290.628
25.8797
25.6661
522.355
705.954
149.51
290.201
590.289
614.948
992.431
327.464
954.497
572.741
532.09
775.781
487.747
98.2696
300.272
274.728
66.5914
675.68
3.20444
729.575
403.485
382.916
260.994
218.085
951.201
303.537
997.345
946.226
660.787
377.85
510.941
158.757
874.294
849.788
759.911
411.725
133.366
965.819
890.103
111.728
185.43
81.9422
539.018
729.606
968.047
835.322
946.226
594.012
853.114
536.271
401.715
671.316
932.31
437.696
63.5395
238.014
624.561
37.2326
675.497
852.199
387.097
69.1855
216.773
529.801
811.243
342.021
14.4353
532.334
884.335
77.8222
349.956
672.292
698.752
910.092
91.0672
542.161
389.63
195.624
380.474
573.717
582.171
797.662
912.32
333.384
130.039
995.483
827.815
960.662
426.13
677.389
761.193
154.668
66.5609
473.312
67.4764
616.535
149.876
982.727
763.085
352.428
991.821
754.997
210.15
744.804
537.645
177.496
77.1813
796.747
252.815
928.526
605.274
457.228
773.614
150.517
712.973
431.928
98.5137
0.793481
970.061
387.188
602.191
735.008
971.496
952.483
652.577
980.071
143.437
427.992
113.071
353.191
511.826
603.748
510.788
82.461
465.072
596.057
151.555
785.852
42.4818
107.822
964.08
64.4246
779.015
19.2267
353.404
66.744
637.928
714.255
845.82
679.586
62.7461
50.1724
805.383
502.304
679.678
375.774
4.69985
260.659
681.204
504.501
330.058
816.004
423.078
49.1958
402.417
426.771
265.328
24.1401
396.222
417.982
188.452
121.158
836.116
915.281
216.437
565.63
653.89
799.554
177.618
958.892
286.142
538.804
834.773
13.245
94.4853
52.7665
915.311
585.925
888.913
267.434
73.5191
917.6
836.146
514.908
315.439
482.986
534.165
435.53
917.814
358.47
533.586
537.98
372.692
513.779
87.9238
73.9158
388.47
933.592
413.495
383.343
478.835
975.677
240.181
366.832
170.995
871.487
934.69
241.157
364.147
775.536
977.233
234.046
869.564
269.997
73.0003
374.981
663.747
730.522
679.647
37.7209
885.678
459.609
231.88
391.217
109.134
993.896
844.844
414.716
922.33
491.47
777.093
633.778
344.523
605.64
434.645
233.283
112.796
750.999
197.211
703.452
368.236
168.493
848.079
675.405
774.59
695.822
888.577
102.512
599.139
648.549
518.845
443.617
788.263
719.382
565.569
4.33363
567.98
301.004
138.249
93.1425
601.428
138.981
295.663
147.801
233.924
721.152
502.64
488.937
857.631
309.275
159.703
856.868
925.932
19.9591
986.023
387.616
650.197
860.286
536.973
185.064
908.933
124.912
637.959
144.566
401.227
60.8844
15.3203
185.186
575.61
205.878
906.003
546.007
365.459
307.047
926.481
303.568
262.52
225.745
983.459
765.923
759.209
735.099
505.997
899.899
691.671
616.291
781.976
448.103
514.176
959.96
678.61
891.446
36.7138
78.9209
529.344
913.388
656.484
938.505
468.184
522.843
614.673
510.544
991.974
491.317
310.434
957.793
33.0515
260.537
202.002
54.2314
322.611
977.508
327.616
748.405
326.182
812.281
976.318
275.063
533.067
215.522
540.635
722.617
380.108
271.645
82.4
460.921
591.754
803.949
642.109
337.779
217.261
387.707
824.152
48.2192
146.458
928.312
688.498
584.613
385.235
959.38
480.422
172.704
871.975
318.308
229.102
600.391
116.581
354.991
746.849
345.256
442.61
329.722
59.9078
407.27
114.383
157.048
802.087
252.663
130.07
151.433
602.527
775.597
962.157
931.394
999.145
683.432
26.0018
137.516
908.109
212.165
158.94
121.952
181.921
578.448
889.584
264.168
286.142
73.5191
779.809
70.3146
626.637
206.915
620.289
711.905
558.55
804.224
760.643
160.131
608.051
467.055
355.541
572.405
938.414
300.027
808.435
86.7031
591.082
311.869
193.274
680.715
533.952
396.405
936.552
251.473
47.029
299.997
539.75
572.161
477.523
481.613
624.683
281.686
895.169
271.432
81.9422
564.379
679.342
234.993
604.205
674.734
568.987
148.259
385.54
964.507
206.549
490.463
268.136
567.797
707.663
860.622
117.313
400.922
286.996
224.464
706.503
632.405
472.488
397.259
893.002
280.587
938.261
669.546
366.283
93.8749
488.235
981.475
749.687
370.861
221.412
552.416
336.741
875.912
409.68
371.807
243.751
506.668
120.121
457.442
259.468
870.052
112.735
287.881
173.376
422.376
44.4044
314.737
863.643
330.363
511.216
961.241
926.176
709.067
959.563
13.5197
125.95
392.834
997.925
810.846
451.888
896.237
140.049
140.446
56.1846
719.901
511.277
244.27
860.164
659.139
548.57
842.86
106.906
270.058
226.569
583.209
642.903
150.639
839.686
816.889
208.899
192.297
872.494
114.2
522.294
458.357
989.013
421.094
431.318
845.851
672.475
264.748
923.215
186.59
546.892
914.457
266.671
944.334
911.1
903.684
70.8335
163.335
517.441
819.758
541.154
825.678
125.492
767.266
713.675
272.469
862.514
411.817
949.705
846.431
921.812
9.79644
470.717
410.657
630.299
330.912
216.163
901.334
416.456
879.513
804.437
569.353
709.677
320.902
878.597
67.9037
302.774
519.181
618.366
41.9935
208.686
92.5016
699.149
375.988
542.222
892.148
479.659
755.882
458.785
311.716
699.423
702.078
680.837
832.85
466.933
729.209
643.483
713.004
820.612
789.087
790.643
222.755
642.75
653.188
52.4613
337.596
208.594
390.79
36.1339
291.238
151.28
599.078
960.417
896.725
124.088
541.398
865.658
41.0169
941.16
850.124
130.711
259.957
477.92
949.98
827.57
799.341
112.827
858.608
944.823
68.5446
990.997
520.066
12.0853
893.429
891.507
327.952
155.675
473.556
979.614
994.232
117.344
451.491
224.616
419.752
266.976
999.237
765.526
723.502
140.904
328.44
4.57778
85.696
536.821
531.236
711.203
562.029
696.28
156.621
916.41
524.674
606.8
430.036
879.879
886.532
954.1
521.561
910.337
764.824
755.852
769.097
320.719
740.745
208.686
262.947
299.509
370.495
779.046
698.111
979.095
105.167
69.4906
900.174
482.742
274.422
491.714
931.425
231.513
291.452
277.383
183.264
291.971
734.519
858.211
361.187
46.0829
461.898
146.153
768.609
965.056
416.15
745.75
795.74
767.388
274.148
628.773
19.7455
743.4
599.048
303.507
822.748
526.749
650.502
9.00296
933.195
94.5769
509.293
966.399
797.693
277.444
672.628
217.689
189.093
560.106
776.482
83.9869
956.969
454.787
601.001
774.102
327.158
227.851
15.595
174.474
656.24
261.238
19.5013
352.489
47.3647
829.981
534.288
803.491
733.726
576.769
104.831
973.418
635.731
465.407
164.556
88.0154
998.474
493.728
21.2409
820.124
515.152
947.6
220.069
825.495
843.593
477.218
439.772
679.983
921.11
777.062
578.112
247.383
984.68
150.182
183.111
10.8951
702.475
739.158
886.502
398.358
322.855
703.574
994.873
632.832
247.322
126.652
895.779
140.08
933.378
931.394
434.217
43.8551
533.769
587.512
916.227
780.175
178.533
891.079
895.474
362.041
305.521
597.308
399.731
326.029
946.287
188.391
752.525
891.446
372.967
557.115
647.053
363.781
13.2756
887.875
628.376
313.7
38.728
516.129
639.668
562.273
533.341
47.7004
789.758
504.501
648.488
519.15
996.918
801.813
650.533
880.093
666.585
974.883
266.884
579.455
57.8936
928.22
237.617
536.241
496.506
937.62
478.133
276.315
88.7173
131.626
759.331
516.648
94.4548
998.688
311.93
977.752
614.307
950.499
260.506
706.229
747.215
473.708
294.137
688.07
875.546
900.418
479.507
34.3944
232.795
329.234
622.73
520.615
411.298
728.019
86.4895
760.369
965.148
749.321
468.337
795.434
765.435
290.017
46.5712
383.099
263.558
326.701
400.159
761.803
318.888
56.9781
108.31
176.672
747.337
879.452
936.827
946.104
246.651
242.195
416.73
350.352
855.159
892.209
221.992
124.18
599.75
555.803
251.9
833.674
489.7
582.629
825.282
919.37
512.406
583.392
891.934
686.697
787.255
592.914
667.959
24.781
534.013
790.185
601.398
135.136
11.9938
305.948
73.7632
51.2406
86.0622
149.754
744.682
230.506
575.854
787.011
944.761
999.786
44.4349
398.083
24.1096
135.319
182.775
349.956
61.8915
359.325
446.089
912.32
843.379
33.1431
98.3612
748.741
511.063
829.432
321.36
214.759
795.679
663.869
544.42
993.744
233.619
667.867
650.929
101.779
277.017
483.749
218.421
793.268
702.445
663.228
447.737
397.687
224.708
450.728
938.139
619.861
722.434
732.749
964.202
333.689
980.377
434.4
411.054
401.807
356.456
144.719
24.0181
551.683
278.268
251.35
128.971
839.503
976.165
366.466
479.507
733.329
358.776
325.114
387.555
346.69
437.635
536.699
793.329
853.755
206.458
971.526
430.83
617.206
382.244
563.28
745.659
60.6708
913.45
308.725
720.664
816.126
662.435
845.973
266.243
178.167
167.638
792.413
331.37
396.191
892.453
623.92
391.4
835.597
866.176
375.958
469.283
539.384
124.21
948.546
346.019
221.503
853.389
295.602
117.13
223.09
648.061
280.862
750.694
462.63
784.478
480.514
803.797
911.771
918.455
714.56
953.52
627.644
113.437
588.061
498.52
873.135
604.816
823.237
487.442
356.151
206.61
663.9
630.787
119.602
767.357
133.335
652.058
112.613
580.767
427.137
234.657
974.914
157.842
221.717
220.74
65.2181
266.518
180.517
218.299
265.206
645.283
438.307
272.622
589.801
296.548
345.561
758.599
135.685
766.808
253.731
149.693
398.724
318.857
622.73
820.612
491.897
403.394
232.032
538.774
294.839
335.154
776.513
802.149
66.1946
580.737
628.254
678.549
550.31
563.982
45.6862
303.323
109.073
394.91
611.194
691.61
910.611
429.151
178.472
20.9967
705.679
63.2038
110.965
41.5052
223.334
672.903
92.5321
768.456
717.093
99.9481
291.665
114.811
692.251
594.317
160.375
619.678
346.843
617.237
649.159
928.037
756.035
412.397
119.236
179.205
332.286
750.633
733.482
959.716
592.242
754.631
606.525
976.47
761.01
210.15
496.75
107.456
246.254
269.936
319.712
985.29
512.162
955.962
265.694
770.104
385.205
367.26
801.66
268.532
322.947
998.993
339.335
54.384
676.778
78.6462
850.673
747.581
480.056
326.914
211.615
107.425
793.146
47.6394
555.773
96.8657
135.96
954.955
419.111
573.412
39.9792
642.445
956.816
763.39
250.435
101.444
13.6418
175.726
610.279
194.311
329.447
111.27
156.865
488.907
659.993
424.116
463.149
360.851
95.6145
691.305
753.777
769.524
358.379
446.577
828.059
614.124
358.501
635.395
320.994
76.0826
792.413
946.379
333.293
854.152
62.624
176.214
961.486
697.897
301.462
284.127
760.247
147.008
779.199
291.665
667.226
881.252
478.53
684.927
422.102
588.305
116.123
474.441
11.0477
755.455
392.743
570.147
167.852
291.208
753.227
626.453
462.874
383.465
437.147
14.6794
11.1393
499.985
102.298
78.5241
331.034
937.895
801.233
328.928
384.198
828.12
592.547
734.825
328.837
1.40385
568.682
765.709
16.6936
621.601
580.34
342.418
765.893
992.95
439.985
352.397
439.802
447.31
884.701
885.769
364.513
718.131
80.1416
848.018
114.841
706.229
947.203
106.296
701.163
45.2589
91.2809
825.037
187.475
371.654
617.389
146.977
272.805
706.107
610.34
876.736
866.39
852.626
562.761
321.787
188.391
221.503
531.571
948.881
427.32
982.116
303.934
10.1627
485.183
952.361
354.503
797.082
841.914
130.284
874.844
676.778
70.1315
275.185
656.331
568.59
31.6477
442.915
107.883
15.7476
286.508
883.267
189.673
509.384
746.757
204.443
544.115
220.466
105.014
211.89
605.274
796.35
70.0705
326.487
968.261
377.941
940.336
989.715
799.493
494.034
546.068
960.967
569.109
988.433
92.5321
914.06
887.173
636.952
934.538
238.441
724.448
609.882
813.562
452.04
799.188
436.445
589.709
131.413
411.298
627.522
998.413
766.137
505.02
612.781
464.095
442.61
241.157
148.442
501.724
765.038
860.652
852.168
737.358
918.18
120.06
20.9662
79.1345
279.458
80.9351
388.775
70.1621
486.038
533.677
979.431
953.795
362.926
837.489
711.814
483.383
619.16
457.595
913.358
7.44652
717.429
981.14
397.473
861.507
823.908
892.483
262.337
597.308
244.392
889.828
66.0726
81.9727
253.121
24.0486
535.478
997.009
720.298
440.992
464.003
768.975
444.685
8.48415
955.687
463.301
597.583
609.516
670.736
672.14
184.484
382.427
229.53
927.427
930.326
690.085
430.982
670.766
494.98
98.117
441.603
311.319
425.092
145.024
611.621
402.509
748.344
183.66
74.0684
469.375
616.688
76.9677
783.715
517.411
904.691
28.077
151.189
754.448
168.95
326.456
929.655
556.627
875.515
291.543
508.957
209.601
300.546
194.555
275.002
456.587
11.7801
440.474
189.367
384.259
335.704
790.613
245.827
677.694
717.49
907.773
960.326
775.811
380.016
4.76089
550.34
958.342
187.567
877.834
959.838
895.871
121.25
105.777
386.242
693.747
271.523
696.89
465.712
961.73
755.119
963.652
772.637
939.94
461.501
908.017
790.094
212.836
36.0118
897.122
7.01926
42.5123
5.55437
911.405
298.929
852.107
452.895
146.428
247.475
890.866
146.153
249.336
556.536
612.354
529.893
971.191
219.489
796.625
483.2
516.648
595.172
947.722
252.266
372.539
48.0667
997.955
462.477
895.535
309.397
850.032
617.145
441.298
214.85
788.293
988.8
315.897
975.89
290.292
309.183
330.393
640.095
270.241
164.434
240.577
897.702
285.043
501.541
852.504
889.615
734.642
152.348
75.2892
173.925
587.695
781.518
702.719
506.851
664.144
164.373
204.016
594.256
5.06607
201.331
306.314
470.107
362.468
574.633
648.915
658.437
338.694
454.054
291.238
774.285
208.136
157.72
355.663
720.786
951.323
174.2
585.986
138.005
533.403
452.071
103.58
259.865
958.159
363.598
141.942
835.78
128.147
248.146
40.7727
272.805
43.4278
942.228
281.381
654.866
368.816
201.819
844.234
795.038
901.852
423.872
669.881
977.447
972.32
572.558
504.99
544.664
304.697
717.002
914.06
987.457
374.828
86.7031
738.456
692.099
791.681
50.5387
784.234
2.8077
735.984
925.962
19.3182
754.509
986.877
24.5674
62.1052
932.493
567.37
840.327
241.92
615.467
540.483
786.248
13.3671
858.211
986.816
386.67
5.21867
669.362
695.151
330.424
485.366
741.844
597.064
291.849
523.118
90.9452
477.187
925.596
629.81
257.271
989.776
941.16
159.459
230.018
513.321
664.48
250.282
747.49
874.386
991.363
588.397
130.68
471.694
140.049
775.14
306.436
832.026
109.104
579.272
176.153
128.666
246.132
854.915
986.419
694.479
834.376
406.995
858.089
59.9078
103.183
585.162
129.643
548.021
568.438
887.204
671.255
957.03
109.226
353.954
825.739
362.346
687.368
36.1339
132.939
568.773
115.421
314.768
493.393
244.484
780.206
356.243
927.61
267.678
727.073
483.81
587.603
317.698
12.3295
745.903
176.336
241.218
729.179
463.027
431.715
225.379
613.697
34.7606
831.385
308.481
637.41
787.469
174.291
260.018
492.111
144.108
195.715
361.248
373.76
898.129
871.364
117.008
971.465
871.578
567.522
430.769
67.4154
739.555
693.167
273.598
655.11
301.675
9.79644
378.826
980.529
982.421
256.478
992.859
414.106
840.785
244.85
214.393
558.824
871.334
81.5455
952.483
500.534
877.316
673.727
34.9132
607.685
697.348
173.986
498.703
785.638
66.8966
520.951
592.761
592.669
895.749
731.986
525.376
123.234
242.622
103.885
486.587
65.4317
768.578
978.24
977.599
838.099
949.95
227.302
977.783
214.515
832.362
117.008
980.895
338.878
607.105
702.994
431.806
541.032
790.826
416.211
594.867
856.807
290.139
994.201
384.808
659.444
132.359
414.319
192.328
308.664
143.162
985.168
234.687
223.487
352.977
252.48
463.057
285.257
413.282
875.729
557.817
976.867
803.644
131.565
42.787
164.586
111.057
200.751
50.2335
928.953
163.121
894.162
767.083
350.2
295.45
974.792
94.2106
655.721
535.63
731.59
550.157
634.388
984.039
961.516
949.553
725.394
173.376
15.9612
888.974
686.575
688.131
68.1784
569.994
249.367
824.458
257.241
992.004
666.433
573.077
865.474
44.7096
557.817
705.161
185.186
533.128
962.432
243.202
231.513
664.632
0.640889
97.8729
956.542
30.6711
54.8112
152.135
121.982
613.849
873.165
573.809
486.74
851.222
504.135
637.959
464.217
286.081
466.872
840.358
907.437
838.435
64.333
583.148
176.855
226.051
245.277
213.996
148.015
567.125
921.232
700.064
314.493
695.883
144.719
717.887
643.056
222.114
55.5132
440.779
337.046
866.482
0.0305185
804.468
164.068
102.054
731.376
532.548
504.44
634.022
95.4009
703.177
776.635
748.436
109.531
137.669
395.947
61.2812
840.205
393.078
922.483
699.423
985.626
638.905
554.949
444.075
569.597
200.537
626.423
868.801
653.34
49.3789
258.248
2.59407
470.534
21.8513
828.455
549.913
893.002
47.9446
410.749
198.035
632.374
170.934
840.754
44.4349
84.5058
639.271
564.959
673.696
222.694
851.985
929.746
916.532
445.875
438.917
65.4317
821.558
788.232
256.996
23.0415
871.364
396.374
583.636
318.461
973.693
680.38
288.705
541.673
259.468
44.8317
266.427
186.377
218.635
606.22
907.987
356.822
205.267
802.973
896.725
507.401
842.83
304.178
106.54
872.158
361.248
123.569
885.495
739.83
396.924
344.798
504.746
230.659
286.691
363.964
55.5132
731.803
387.341
56.6118
574.053
646.718
451.674
774.102
676.504
615.741
592.547
576.861
484.848
863.216
865.932
609.882
125.095
827.967
4.48622
27.192
578.967
733.421
332.743
371.502
170.232
253.059
395.093
814.753
467.421
928.22
327.952
166.753
883.267
493.606
507.523
57.4358
753.105
767.907
503.769
199.164
172.918
264.473
872.707
135.258
378.338
179.449
817.652
381.451
945.799
912.687
250.71
365.734
597.552
778.405
286.264
73.6412
891.14
61.5253
697.104
804.743
574.999
75.8385
364.513
946.532
891.324
380.505
254.341
172.43
607.379
810.724
949.156
969.756
56.7644
479.537
268.38
903.867
971.526
406.415
7.90429
525.193
386.364
928.739
329.752
324.839
396.924
553.209
833.46
645.344
52.2477
402.722
840.297
952.788
163.61
915.159
921.995
376.415
310.373
950.377
204.26
922.269
824.61
961.913
477.523
266.671
35.2794
389.08
645.039
536.119
553.667
926.176
540.574
979.827
880.673
824.671
646.229
940.947
117.954
885.311
742.058
33.0821
64.0278
295.48
18.3111
928.007
475.723
968.719
682.272
660.726
777.429
542.283
589.953
859.004
998.779
689.535
934.874
802.149
222.022
902.585
524.4
716.88
320.383
402.02
675.558
215.247
268.746
330.18
260.842
281.594
807.825
883.297
936.155
714.682
743.156
539.842
80.9961
430.83
659.993
40.4981
483.505
535.112
335.643
276.62
300.302
565.844
630.146
742.851
323.344
819.605
136.723
710.623
84.4447
162.236
373.455
778.588
829.157
232.734
796.991
956.267
890.744
445.753
419.813
937.071
496.109
699.118
312.449
717.063
534.471
192.999
771.386
215.766
320.078
266.366
434.553
54.9944
880.52
657.308
125.187
152.348
801.416
93.6308
705.435
285.165
159.398
619.465
720.969
281.655
573.84
564.776
117.954
995.178
909.116
563.494
813.623
717.765
658.498
526.719
401.105
189.734
541.063
977.447
771.05
860.958
342.631
652.608
929.838
560.32
531.938
779.199
796.686
229.835
683.798
930.204
260.384
879.421
239.784
867.183
277.139
418.378
638.447
275.063
290.506
520.371
345.531
796.228
755.058
177.77
816.095
269.021
44.5265
101.657
919.401
578.326
526.414
623.768
858.028
23.1635
83.4071
256.6
112.308
608.417
863.582
568.316
441.389
166.417
540.178
527.787
472.274
715.11
862.636
977.02
907.926
958.617
779.748
386.608
885.8
336.528
916.257
550.768
517.991
528.794
684.347
377.88
144.292
821.131
811.213
433.119
329.417
238.685
563.585
389.294
135.502
853.298
451.155
42.024
701.437
170.721
689.535
45.8998
659.871
4.39467
204.199
27.131
423.566
741.539
456.954
229.865
871.975
408.338
875.576
351.634
469.527
440.077
168.493
724.693
346.873
562.487
305.307
499.252
376.171
690.97
444.746
984.954
771.722
253.304
590.899
806.574
247.353
842.799
259.468
30.7627
261.788
607.349
934.904
919.675
382.855
281.411
599.75
467.391
302.286
266.762
117.649
376.476
532.273
668.142
751.091
629.627
314.524
690.39
594.928
313.639
773.949
303.11
207.617
851.466
847.316
579.241
220.527
298.593
18.8299
613.514
207.312
860.53
393.536
427.473
594.043
286.599
139.531
766.93
891.964
297.647
831.355
198.157
33.3567
702.719
724.021
409.528
92.5321
361.492
490.799
123.966
172.491
648.976
454.604
529.466
739.219
577.898
845.027
633.045
184.088
236.183
111.881
445.021
896.573
694.54
826.807
399.64
627.216
41.261
203.681
918.058
423.688
700.4
769.921
520.188
919.858
689.016
218.848
392.01
259.499
970.367
975.585
813.746
436.689
559.16
506.272
355.632
332.682
534.684
903.714
247.963
231.788
618.641
778.649
830.775
96.9573
473.556
989.593
489.914
386.151
378.307
241.523
985.992
691.275
436.628
85.0246
581.683
980.407
975.219
347.148
874.691
724.876
287.515
524.918
741.325
692.434
379.467
173.345
298.441
687.521
873.409
818.567
288.553
20.1422
726.402
427.564
795.373
984.588
919.492
966.124
695.578
128.971
773.522
75.5333
753.197
597.308
48.5244
399.976
762.81
324.686
482.467
595.416
647.725
367.809
925.504
551.256
919.706
150.914
726.341
856.532
406.018
909.452
526.902
40.9864
650.563
111.85
121.281
623.371
894.772
141.667
535.478
496.872
45.1979
19.9591
983.947
684.53
533.464
450.575
859.645
994.354
474.899
968.596
413.221
606.464
32.7158
473.708
278.085
123.112
393.048
929.594
497.452
112.583
257.698
510.361
209.296
678.701
260.933
975.982
646.29
86.9778
216.102
556.78
605.976
978.607
598.621
129.704
47.9446
203.467
171.667
966.247
974.7
803.858
160.619
834.223
251.076
179.418
882.504
734.214
520.402
965.423
236.793
52.0646
871.761
654.714
964.08
408.582
415.967
495.56
77.9748
987.701
425.703
695.608
377.789
624.683
196.631
464.248
446.883
434.98
285.134
923.673
44.1298
265.603
279.611
420.576
293.863
749.931
760.918
269.57
581.011
247.23
608.661
459.212
557.665
448.347
309.488
352.306
166.936
928.495
423.505
911.74
91.1588
428.541
865.047
482.711
529.466
146.367
154.393
663.045
712.333
818.842
296.304
292.55
58.2598
876.247
441.725
92.8068
379.711
450.331
988.922
988.556
43.5804
516.923
280.465
641.896
493.545
954.619
552.11
230.964
39.491
800.836
289.773
3.6317
321.268
486.251
651.051
637.959
352.062
329.142
107.425
940.489
548.479
70.5588
963.561
913.968
652.791
732.017
909.452
725.089
954.588
576.342
262.429
604.083
716.788
453.658
54.5976
207.007
213.66
313.242
622.333
472.64
286.019
162.542
853.908
503.983
820.276
254.799
751.732
507.309
57.741
786.523
465.163
318.278
140.141
885.8
450.179
547.868
797.693
173.009
912.564
878.231
586.047
675.039
190.13
540.269
578.295
374.126
231.086
504.501
918.455
172.979
824.061
415.387
142.094
556.871
736.229
801.66
671.438
734.489
416.395
592.944
389.904
538.285
418.256
474.441
703.452
866.268
200.812
110.538
994.201
945.555
462.02
769.219
873.043
199.774
661.916
377.483
137.242
1.19022
891.293
540.391
839.595
88.7173
742.515
553.636
374.615
933.287
338.359
941.832
989.288
831.721
175.542
553.362
623.218
10.4373
938.658
743.156
485.672
520.066
941.252
674.52
274.728
202.216
350.078
271.371
445.631
510.208
848.903
852.29
433.882
464.034
897.702
977.081
239.998
521.653
244.148
537.98
281.625
647.45
843.226
625.874
919.523
359.325
840.968
203.192
563.555
35.3099
779.534
114.933
765.374
261.452
678.549
468.52
203.07
501.877
150.212
914.274
965.27
872.219
203.467
857.448
39.7351
298.044
894.131
133.122
413.923
839.198
476.699
175.359
692.526
461.379
214.82
211.524
639.18
36.2255
505.631
513.443
548.112
851.375
475.265
236.488
852.382
411.054
701.071
877.56
874.172
809.626
217.17
883.663
124.485
457.869
459.304
442.061
57.5884
444.838
305.612
983.459
686.789
315.043
869.137
428.877
967.895
543.229
198.614
712.668
356.487
487.747
543.87
611.286
445.296
103.397
341.594
410.81
87.7102
195.654
578.417
442.885
914.243
496.75
686.941
21.5461
647.267
345.592
631.275
811.487
121.494
252.388
338.481
159.062
415.235
129.124
131.565
417.92
999.542
467.513
321.146
799.463
310.984
245.308
611.133
780.175
654.744
842.494
475.387
597.125
843.776
748.314
161.351
862.056
480.758
340.861
476.73
826.35
288.675
519.974
15.5034
327.25
396.71
474.776
980.285
947.417
987.274
367.626
255.562
418.134
210.578
214.911
890.347
798.303
773.4
746.696
644.215
459.792
107.334
525.803
754.875
410.901
524.064
108.28
582.049
988.8
262.429
525.803
285.043
452.467
835.108
871.883
189.459
507.187
579.791
272.439
999.786
292.032
822.016
22.9804
513.749
861.415
555.376
172.43
995.239
691.916
45.7167
335.887
861.171
246.071
265.328
16.9378
839.442
123.844
563.402
221.168
253.761
833.125
479.232
641.682
591.632
710.776
104.16
198.401
11.6886
25.3609
898.495
212.012
947.05
792.84
369.945
993.896
460.128
335.826
519.517
133.244
506.241
119.144
461.226
263.131
761.193
891.293
122.013
585.681
169.713
663.991
427.87
938.78
871.09
561.266
882.412
684.805
657.46
68.2394
944.761
202.979
622.181
712.18
111.881
266.396
153.386
705.893
112.735
85.2077
929.899
585.864
119.816
296.823
74.9535
375.225
384.411
684.927
124.821
303.781
202.155
908.048
967.742
615.558
614.765
19.1351
409.864
495.804
754.418
57.7715
524.766
648.274
236.976
495.193
441.969
554.094
510.208
814.783
731.346
943.541
563.372
8.20948
39.4604
512.07
904.447
268.899
134.251
411.542
211.035
664.022
13.8859
548.326
561.602
66.2557
236.579
218.94
652.638
126.621
127.171
115.421
908.963
569.414
17.0598
230.293
892.239
590.899
173.528
693.96
915.036
642.506
574.694
74.4041
265.999
380.261
186.56
171.361
952.696
61.4032
898.251
835.78
368.084
169.378
771.386
845.82
787.5
548.906
760.735
370.983
101.352
831.721
561.357
55.1775
691.031
434.828
739.067
250.16
853.145
912.259
800.47
430.891
679.128
941.252
358.531
323.344
796.075
725.12
50.1724
776.91
875.149
92.5626
362.255
911.832
313.822
76.2658
21.485
573.504
998.291
250.74
105.808
624.622
551.958
611.255
531.968
106.296
976.867
275.369
76.7541
799.921
93.5698
787.561
587.695
220.161
686.514
308.908
539.109
571.459
760.277
472.61
590.503
698.019
813.684
186.834
302.927
559.832
537.736
166.204
669.851
264.779
843.623
472.762
618.793
189.032
626.728
848.292
139.836
216.346
173.864
118.564
197.363
627.827
618.671
451.521
81.3318
673.421
352.489
749.657
354.015
356.09
796.533
959.014
48.9517
460.402
441.359
574.969
278.115
356.243
560.595
126.896
903.165
609.394
504.379
922.3
427.808
929.777
979.278
832.148
767.083
489.029
220.801
398.328
49.4095
138.432
464.766
44.9232
108.798
558.397
623.585
673.849
822.016
870.846
574.053
426.679
948.302
745.903
962.584
893.887
626.942
533.738
934.416
552.355
189.428
453.261
692.74
712.851
442.305
368.511
294.382
758.324
76.9677
184.362
587.664
954.711
362.621
392.529
699.576
614.978
778.741
799.188
977.599
898.19
743.187
965.575
793.268
24.3538
92.4406
392.651
112.857
186.804
469.741
981.231
242.378
942.839
277.963
798.608
652.15
364.177
352.947
683.279
288.125
728.721
14.1301
718.65
275.643
34.0281
647.938
107.15
421.857
114.963
480.972
476.15
423.536
645.528
698.813
146.397
185.858
806.94
566.607
395.062
159.124
903.195
708.151
243.843
99.0326
704.764
199.225
803.827
157.17
802.332
631.703
708.274
707.846
751.305
804.407
664.357
817.225
288.919
197.638
655.66
761.864
404.584
886.746
825.861
501.694
545.03
51.4237
575.671
514.786
735.618
737.236
903.775
899.472
898.77
25.0252
523.026
150.151
150.975
265.084
783.685
513.84
359.539
531.663
933.958
332.041
740.44
954.833
750.267
276.101
778.191
85.2077
67.4459
880.886
249.641
948.424
241.066
283.609
632.13
944.884
71.9626
574.236
677.847
252.022
225.593
663.167
435.499
884.487
676.443
72.7256
500.412
68.453
209.052
559.221
774.407
87.2829
507.065
970.611
516.648
253.761
861.354
247.261
966.948
165.38
28.4433
971.557
322.275
899.594
270.913
372.051
348.43
304.147
110.141
189.642
407.239
39.9792
823.756
310.831
181.585
531.877
217.994
574.999
878.353
483.657
707.205
661.733
191.626
114.292
230.598
464.522
806.757
770.775
38.8806
856.96
726.463
74.1295
880.673
257.759
200.842
255.165
620.716
901.09
541.856
835.597
821.375
217.689
603.809
311.258
317.576
234.352
211.493
993.805
317.881
396.466
316.233
666.189
61.5253
721.061
162.267
209.571
563.799
686.178
243.812
856.716
480.422
762.597
334.422
228.706
622.333
994.69
370.006
811.335
152.013
535.936
466.536
26.7037
992.92
546.342
853.725
557.36
482.742
356.822
5.92059
78.1274
802.515
307.871
751.854
52.797
211.737
168.096
643.635
751.274
622.12
539.079
367.138
143.59
539.689
152.928
474.593
827.601
908.048
468.612
220.588
645.436
882.656
473.189
782.922
146.336
68.392
94.7295
649.342
550.92
251.106
132.542
451.857
373.974
154.515
111.24
29.1757
361.583
253.822
965.026
999.207
898.862
177.252
958.098
622.272
544.847
726.707
747.978
237.098
850.52
48.5549
997.253
49.7147
116.153
986.724
440.596
557.604
244.514
147.71
813.379
389.416
345.958
710.837
547.166
842.524
251.717
512.833
639.851
898.495
591.723
439.924
605.213
998.749
592.975
657.277
909.268
361.034
254.982
707.694
798.883
118.259
58.4735
10.9561
929.411
60.7929
863.369
794.488
697.226
263.497
152.532
986.969
683.92
378.887
277.657
106.235
117.496
877.377
862.972
672.628
758.141
16.2053
23.7739
178.503
113.315
818.323
555.528
146.306
389.874
841.487
749.84
305.185
88.1375
20.661
993.713
418.5
645.253
363.414
808.222
792.566
33.3262
779.809
482.986
998.444
719.26
828.883
962.493
838.038
891.659
662.069
140.538
85.2992
361.858
945.189
219.489
34.2723
45.2895
40.1318
289.743
384.899
428.541
227.882
786.523
497.971
929.502
253.182
979.675
550.768
556.139
973.449
153.05
623.737
770.47
391.858
629.597
250.771
963.683
856.868
298.074
463.057
448.927
708.64
798.608
858.577
378.094
154.302
21.9123
728.202
488.296
652.852
80.0195
769.738
85.0246
590.838
403.333
421.033
167.882
530.869
121.128
343.486
104.709
813.013
381.603
87.1303
761.406
791.375
767.449
468.856
492.538
486.496
463.485
694.479
899.991
935.27
332.469
756.279
765.007
18.8604
555.284
137.394
60.6708
51.088
992.065
353.832
450.453
907.163
919.889
365.642
179.54
975.066
304.056
388.745
764.885
710.471
258.705
138.035
390.149
76.1437
852.87
33.7535
412.58
647.755
918.882
401.654
886.654
666.433
18.7689
198.645
512.162
820.399
225.135
295.419
912.137
35.9813
872.738
846.4
647.114
59.8468
936.979
779.321
871.975
113.346
195.715
934.843
41.6883
400.433
830.5
888.089
572.039
750.45
623.371
982.879
861.721
176.763
405.683
610.218
581.988
632.801
915.403
262.062
640.278
746.574
718.253
391.888
723.563
814.783
350.23
612.903
828.547
838.313
336.68
265.755
683.859
879.604
244.575
886.258
471.572
523.82
424.39
604.999
753.563
724.601
597.736
9.7354
9.12503
816.004
946.654
502.06
690.39
971.435
861.415
679.22
201.331
891.415
2.59407
772.79
707.144
0.946074
834.01
675.1
179.54
938.017
282.357
585.04
585.162
613.849
680.349
803.858
622.15
627.705
649.037
712.912
912.534
315.287
76.0521
464.248
55.269
214.087
845.698
415.326
447.401
225.41
477.187
839.015
278.634
255.165
327.494
940.275
606.25
614.368
514.725
710.959
916.257
960.784
218.574
653.401
77.0898
62.4714
514.054
904.63
92.288
165.441
394.299
792.108
557.97
245.399
139.622
352.489
231.849
926.054
688.07
844.417
619.922
344.31
164.342
786.615
986.663
744.316
223.426
552.843
695.578
80.9656
364.269
54.6892
285.928
414.655
871.212
543.352
192.206
378.063
537.919
61.861
512.162
496.689
831.355
579.211
730.155
644.093
650.99
336.833
801.813
412.976
340.159
439.924
506.027
683.798
105.777
223.395
471.175
171.636
502.182
425.153
780.999
233.1
135.838
696.799
567.156
714.011
247.23
483.627
494.125
119.419
325.419
805.17
543.046
887.326
412.549
967.009
0.61037
46.7544
253.883
735.893
59.2669
42.3292
949.736
8.72829
935.057
5.79852
265.542
507.096
909.146
256.081
256.752
528.184
199.683
309.214
363.903
283.975
69.7348
179.327
635.06
859.31
77.8832
251.656
231.3
320.231
877.682
509.415
871.578
4.54726
472.152
395.062
373.455
524.491
329.722
87.8323
945.738
514.054
267.556
478.622
389.05
651.601
508.866
622.944
861.446
989.135
820.093
954.161
364.055
119.236
134.77
37.4462
604.266
211.554
569.689
146.123
391.552
449.202
239.845
441.389
223.304
897.244
778.802
36.8664
215.949
333.72
969.878
729.392
38.3007
75.1671
395.489
676.656
2.83822
327.067
509.781
803.674
971.74
91.4029
41.7798
218.909
233.283
161.809
134.526
421.461
5.61541
237.953
126.957
580.401
723.411
690.298
384.747
667.806
763.878
6.56148
85.7875
726.371
768.944
450.972
367.626
53.1327
219.001
967.803
741.844
580.615
414.869
859.951
182.714
236
524.4
274.758
795.74
560.747
849.727
27.1615
472.579
370.617
971.313
792.261
438.49
738.334
925.352
198.065
98.6969
79.5618
70.6503
850.398
89.7244
623.951
801.233
819.88
942.198
51.5763
760.46
623.737
261.025
577.502
714.194
232.856
829.646
263.985
737.51
135.075
544.115
843.226
872.829
987.03
583.758
830.5
914.548
884.426
724.235
209.967
477.096
783.349
199.347
473.83
2.34993
102.786
18.3416
296.243
862.819
40.1624
143.986
623.371
216.651
631.214
438.581
460.494
771.142
84.7194
783.776
137.822
110.233
424.635
280.251
336.1
743.248
969.39
934.141
652.913
529.984
680.776
735.374
991.699
639.668
913.144
535.63
553.911
698.813
594.073
630.726
716.208
285.012
368.084
454.756
573.412
422.803
734.55
291.421
429.06
237.373
710.746
409.65
14.008
423.2
51.7899
528.916
715.384
682.913
558.428
20.9662
595.904
793.451
503.769
754.418
486.038
455.306
710.746
987.609
929.441
581.164
310.801
217.109
262.886
180.395
715.934
387.371
612.934
495.315
834.407
367.595
88.9004
545.763
62.2883
103.03
955.351
738.09
81.3013
345.927
63.3564
694.967
994.69
372.906
323.771
962.004
832.209
595.05
501.907
747.459
955.687
466.628
116.245
351.848
395.795
599.048
721.793
442.793
652.272
486.038
359.325
831.965
987.671
746.452
452.04
910.398
747.093
290.902
930.754
397.961
734.092
318.461
868.587
563.89
174.81
549.699
407.086
573.931
301.065
602.283
254.341
120.853
83.7428
915.403
536.515
994.507
148.167
129.307
284.524
747.185
401.99
326.212
336.283
111.637
407.453
38.6059
936.674
326.609
28.9621
431.532
815.485
27.0699
387.371
564.959
25.7881
855.342
651.906
142.43
322.672
448.897
701.651
652.303
364.696
961.577
187.017
307.718
518.601
773.949
23.1941
691.946
548.967
549.913
846.217
514.603
973.785
294.595
463.179
385.876
367.168
571.062
828.211
14.3742
391.064
530.931
574.572
735.069
836.024
916.227
635.09
773.431
453.597
687.704
981.414
152.593
860.591
436.72
13.7638
648.793
297.128
236.396
632.527
702.231
519.303
88.4732
522.263
689.108
607.898
622.272
680.441
461.379
974.364
201.575
721.122
560.259
345.225
96.3164
985.412
9.64385
6.56148
874.752
989.898
96.2249
89.0835
672.414
244.148
41.8714
175.787
494.888
968.566
974.975
12.9093
209.235
743.889
106.662
605.945
381.756
623.737
518.937
481.155
617.359
741.142
469.466
395.123
557.299
940.428
621.113
271.95
191.259
465.804
100.894
650.929
640.278
238.014
795.709
424.787
66.3778
749.87
790.185
150.426
865.78
112.094
353.832
713.157
801.111
281.381
383.099
625.477
229.743
0.518815
704.52
742.241
83.8038
483.444
145.726
672.72
758.568
375.011
780.236
671.499
565.02
17.9754
252.266
288.888
903.531
557.482
587.848
562.456
814.173
914.823
398.602
30.8542
60.3351
161.504
884.335
351.146
401.868
325.327
540.544
800.867
213.721
158.696
977.569
446.028
106.876
901.669
756.981
256.6
707.022
570.055
652.12
950.377
248.085
800.378
238.319
846.492
136.387
782.495
220.008
510.147
141.575
311.472
399.701
469.649
370.83
490.066
696.524
786.584
682.699
112.339
119.236
761.223
696.31
260.628
100.986
553.728
52.9496
146.489
101.352
2.472
85.4518
727.012
882.504
421.278
552.263
127.689
365.062
655.965
592.12
403.485
470.748
182.196
555.742
668.691
857.204
525.62
870.785
127.293
951.842
785.272
595.965
35.1878
190.771
541.978
821.253
124.912
869.015
932.768
569.781
524.827
508.194
172.308
358.043
703.482
148.381
303.262
70.5283
470.87
469.588
455.885
305.033
567.248
149.876
399.152
844.996
871.395
366.008
663.869
414.869
759.026
842.891
19.3182
375.317
642.994
357.891
584.765
513.596
226.386
106.998
356.822
586.322
499.741
838.099
434.339
770.165
13.3976
158.025
721.549
677.206
457.106
920.316
391.003
90.8841
76.7541
98.4527
887.814
78.8293
960.906
52.4003
755.76
639.119
727.226
593.524
67.1407
535.661
641.041
754.662
737.48
479.659
696.219
671.743
505.844
312.723
690.664
482.864
863.002
348.338
826.991
650.96
707.602
527.757
869.869
616.901
12.3295
546.556
391.186
188.818
281.228
608.203
134.648
573.87
78.8293
960.753
30.2438
458.876
413.373
873.135
890.927
46.2966
254.25
206.977
321.665
451.125
966.002
240.516
873.226
365.642
938.993
900.54
970.611
397.87
199.164
58.9923
648.793
990.295
277.2
50.2335
626.087
324.534
118.717
65.0655
746.452
119.053
316.996
578.234
322.611
725.394
448.836
465.133
410.413
429.426
795.557
964.385
546.403
364.33
229.713
142.338
979.308
940.764
549.303
15.7781
926.908
200.812
40.2844
988.922
889.92
2.56355
549.089
761.345
553.148
440.382
845.851
362.865
306.314
407.971
560.259
471.358
915.128
710.593
470.656
670.278
373.669
631.764
427.961
801.904
470.26
361.827
695.7
72.2068
96.9878
193.793
987.152
64.4551
834.864
893.033
981.201
316.752
845.363
147.221
597.766
620.563
600.33
502.426
814.417
696.097
480.514
691.885
305.033
401.044
774.773
763.451
682.241
128.483
110.935
912.381
624.439
550.798
849.361
425.306
668.844
365.307
470.748
641.621
951.964
198.218
489.578
339.03
678.335
323.099
923.612
448.866
599.292
349.803
851.894
508.042
282.449
540.635
91.4945
753.166
453.841
909.574
524.918
263.985
193.152
760.887
108.829
61.5253
264.046
823.664
95.9807
567.675
360.363
638.05
501.205
332.316
549.486
349.895
342.509
434.523
694.51
569.658
689.352
463.424
135.899
452.254
48.2803
485.702
414.289
653.554
118.076
905.637
315.561
320.383
445.051
623.707
19.2877
769.89
10.1321
400.769
632.282
14.2827
278.848
833.125
887.661
788.202
745.201
845.271
291.665
233.589
501.328
106.54
498.672
899.503
863.552
278.024
196.142
212.317
586.291
495.315
280.496
73.1529
695.273
994.171
605.274
738.304
471.023
285.134
82.7967
639.088
614.002
782.891
420.759
297.708
122.715
297.098
274.453
994.69
915.86
290.994
96.7132
344.676
729.911
313.364
466.079
436.842
323.344
511.124
174.78
695.7
518.815
627.857
857.875
119.053
114.292
395.062
444.288
49.1958
194.8
722.19
212.012
133.427
875.668
591.876
727.348
630.268
8.72829
66.3167
450.636
717.704
882.626
311.38
289.102
959.777
448.469
44.4349
878.262
587.207
102.268
312.357
872.89
749.29
555.132
5.70696
29.4198
392.071
822.687
15.7476
360.24
920.438
864.711
439.985
141.545
299.051
906.766
743.065
56.2151
749.443
974.242
278.695
252.419
698.721
671.072
79.5618
599.567
136.692
733.39
320.566
922.91
37.3852
389.966
362.621
497.665
1.25126
60.7318
782.434
584.521
774.285
424.177
294.961
286.935
800.409
385.296
974.944
512.314
463.332
975.066
682.943
317.82
174.078
712.851
103.427
422.224
960.448
463.149
299.814
165.014
714.621
317.331
193.731
694.021
755.425
532.395
874.111
662.709
861.08
57.3138
142.766
218.696
428.999
678.854
202.673
564.47
918.851
317.331
894.62
871.395
234.901
504.654
389.325
828.73
204.23
574.389
740.959
608.753
806.818
596.942
207.801
528.733
313.852
589.251
747.185
191.839
990.539
31.7087
590.167
387.707
519.364
222.846
302.896
533.769
800.836
502.853
240.12
939.177
286.782
877.926
797.937
672.14
503.647
75.8385
371.258
311.869
921.171
565.02
422.956
366.863
823.084
566.851
570.33
640.095
336.07
594.256
95.3703
322.916
273.232
546.464
785.516
98.7579
948.119
891.629
510.025
37.7819
615.589
968.81
439.741
563.646
696.463
940.275
314.982
274.178
440.748
425.275
668.996
896.42
187.445
347.026
412.397
157.811
875.637
23.4687
685.476
854.884
964.08
33.8145
384.136
899.96
415.326
891.263
265.999
628.162
900.418
54.0178
42.787
145.024
880.398
305.399
365.276
996.765
721.335
33.9366
107.181
943.449
498.611
445.692
854.091
117.74
646.901
239.021
3.41807
349.04
112.186
773.797
382.611
935.057
161.962
265.572
790.46
641.957
509.812
37.08
368.847
214.362
910.733
356.883
210.944
176.092
883.511
897.671
111.667
203.497
716.147
344.737
867.183
851.985
410.81
186.193
29.2673
917.539
724.54
215.918
521.5
214.179
961.791
780.847
22.3395
48.7381
675.192
303.446
522.538
174.139
930.967
111.118
962.462
502.182
294.748
103.092
355.632
357.799
194.555
286.843
305.185
555.315
816.889
714.743
318.766
78.1884
192.267
852.138
828.669
643.635
626.667
908.78
323.344
933.195
134.495
164.037
496.506
770.531
30.2438
817.621
819.941
28.016
334.3
396.802
446.425
542.619
149.358
251.93
849.116
823.145
664.357
170.476
103.275
829.737
940.794
642.17
217.109
606.677
139.134
805.048
417.463
50.2029
340.831
604.968
796.838
592.212
621.906
199.042
228.187
81.0572
535.112
134.465
953.368
641.346
656.575
333.872
751.701
792.962
352.794
418.836
94.9126
611.469
425.001
402.326
194.647
210.608
786.34
281.594
348.613
328.318
828.822
562.731
492.264
297.708
635.853
248.054
361.217
183.721
696.615
317.728
171.728
367.29
278.817
236.671
224.83
358.104
115.787
518.235
340.464
116.733
564.44
875.607
527.94
668.355
889.798
992.401
799.28
288.003
833.277
443.831
530.9
40.2539
119.938
799.341
280.801
952.757
61.7389
437.941
466.872
606.372
912.656
108.188
812.769
422.468
131.718
763.207
967.65
428.541
211.28
702.139
206.061
783.776
224.921
550.127
614.216
845.546
753.349
106.876
668.386
58.2904
342.57
595.904
612.812
445.814
152.379
345.103
542.161
988.25
949.889
430.677
595.569
665.151
105.136
314.89
168.065
446.059
745.506
9.12503
546.22
9.12503
723.502
793.97
873.257
469.985
556.261
26.6732
851.039
901.151
991.485
68.392
84.4447
924.1
356.517
861.08
474.502
154.637
347.331
186.651
566.607
783.288
412.702
138.676
260.17
71.1386
390.637
838.404
785.821
43.7025
552.965
925.962
356.334
162.664
714.255
858.455
397.839
257.729
561.571
545.763
766.991
499.435
861.232
355.632
861.202
694.143
698.538
18.9215
27.3446
682.638
407.117
466.781
175.634
123.325
344.066
130.497
4.88296
441.877
166.784
735.618
745.323
227.454
768.242
121.281
825.068
858.119
526.505
116.489
367.016
635.517
25.2693
4.05896
921.873
211.005
900.998
603.626
343.577
583.636
973.388
505.234
213.965
451.827
315.439
484.603
722.098
200.049
419.05
631.031
405.194
300.974
112.552
219.672
657.155
415.479
386.67
859.066
410.535
970.702
784.6
945.402
899.228
498.123
513.077
954.588
906.766
512.65
930.326
603.595
407.819
213.813
567.064
412.03
8.20948
790.674
337.168
695.395
89.938
611.286
93.8749
521.348
67.7511
78.4021
188.147
659.963
663.198
432.264
184.881
59.4195
602.374
281.93
393.994
878.506
644.093
146.55
371.868
606.555
343.974
787.408
50.0198
303.11
461.409
612.323
646.809
487.625
415.265
933.775
18.4027
710.776
694.54
361.217
606.189
338.816
630.512
110.324
635.029
582.141
436.506
508.469
720.756
298.868
921.262
479.568
541.459
605.548
782.525
288.095
729.85
825.434
887.082
324.564
642.232
805.902
443.068
212.989
161.046
136.509
471.48
21.9123
186.621
298.502
482.345
860.286
974.731
277.047
762.658
639.18
975.89
668.05
181.463
281.137
333.354
809.992
919.187
157.567
695.059
972.503
26.6427
36.256
496.414
132.939
220.832
319.742
370.22
371.96
822.748
855.953
839.625
419.568
244.453
102.329
950.438
382.702
931.211
925.047
999.512
185.858
164.586
813.623
14.6489
755.852
633.656
793.42
143.071
481.704
179.418
816.218
604.022
981.536
619.984
910.886
362.285
707.114
61.3727
874.722
178.625
417.585
601.672
787.439
193.426
53.7431
833.125
128.33
699.698
43.6415
50.1114
778.466
261.879
571.398
568.072
688.62
836.604
839.93
59.9078
494.797
51.5458
859.188
316.507
861.995
298.868
791.07
337.046
837.916
799.341
382.092
156.011
997.559
293.222
515.275
312.296
660.115
514.725
412.397
367.534
959.593
105.564
517.991
379.376
49.6536
124.393
595.996
736.015
225.318
808.161
70.8945
258.339
240.974
741.6
143.864
976.165
607.624
91.3724
715.873
483.871
149.632
60.7318
648.457
283.273
602.496
221.107
393.78
18.3721
532.792
877.041
525.04
9.12503
361.858
120.457
198.462
990.539
774.102
730.857
78.2495
462.569
291.208
576.983
755.669
558.306
293.924
677.328
193.396
835.353
272.134
574.572
226.814
897.549
584.643
180.975
652.852
252.998
510.178
750.664
938.108
314.859
870.602
135.044
77.456
950.56
7.38548
978.027
634.205
486.312
393.353
6.25629
493.057
573.199
659.902
72.0542
357.341
820.399
321.879
104.129
521.714
602.405
980.773
622.7
951.17
946.471
287.637
975.677
198.279
906.247
447.401
951.384
189.489
327.982
544.816
924.802
411.695
415.601
474.471
193.121
530.503
0.793481
755.364
656.972
971.465
924.65
11.3529
503.647
495.346
436.415
399.274
48.5855
298.959
16.7241
764.977
391.308
672.323
530.32
809.687
41.7493
744.011
115.299
47.1816
174.108
345.5
715.201
833.064
663.472
526.048
659.444
247.749
561.907
748.955
199.255
114.231
170.476
300.821
404.736
931.822
363.109
945.311
329.508
6.80563
318.613
351.573
849.208
562.517
317.118
329.966
80.0195
108.036
757.408
405.438
783.807
848.842
50.9964
759.88
665.242
419.141
549.577
75.0755
968.474
718.101
161.748
307.321
278.237
130.436
815.638
924.802
932.798
913.602
423.231
639.088
954.009
31.4951
503.281
162.175
901.73
217.414
118.168
20.1117
557.726
546.251
282.052
954.405
846.492
297.952
495.346
942.625
898.099
393.2
562.883
369.518
660.298
182.592
351.36
379.772
965.514
870.602
642.445
943.205
459.151
355.449
737.938
664.846
295.48
766.533
972.93
869.747
7.53807
479.904
793.786
994.934
456.832
894.07
556.383
818.781
269.448
746.3
701.682
559.954
664.937
251.534
464.309
376.476
83.7733
844.691
770.562
296.548
520.096
807.611
482.223
112.125
965.545
562.304
642.384
266.915
870.846
911.344
879.208
269.417
31.2204
6.43941
624.378
662.832
801.996
327.525
302.255
82.8272
49.9893
451.949
145.878
434.431
748.283
896.786
796.136
719.23
619.098
813.929
340.495
544.267
732.322
820.582
947.569
843.989
464.888
745.354
753.105
846.004
728.111
571.642
154.942
812.616
868.526
359.844
171.789
588.549
149.113
428.907
22.9194
487.075
216.681
579.241
585.04
544.816
461.806
637.684
881.863
677.267
677.572
106.174
263.619
765.709
923.673
194.952
432.173
207.282
1.37333
21.9733
967.772
958.953
446.638
259.438
514.298
606.952
446.364
9.03348
279
493.027
585.376
186.712
2.77718
428.205
829.402
198.645
57.4358
26.0933
650.533
189.398
826.167
186.407
701.865
643.635
23.5298
760.002
946.959
622.425
111.179
926.969
650.533
415.906
465.316
318.888
137.059
892.941
452.589
416.425
723.075
329.295
70.3146
253.426
729.179
995.758
307.505
959.197
979.125
287.057
882.717
169.561
690.634
673.299
515.061
838.74
165.838
254.585
385.113
482.406
186.163
200.781
940.855
384.075
518.906
857.082
705.985
795.251
441.237
796.594
246.437
661.153
688.101
602.13
951.262
903.287
730.186
657.033
784.021
789.3
788.171
727.5
661.641
422.712
489.608
616.871
615.833
882.504
574.633
673.696
394.543
44.557
556.658
434.278
658.742
616.016
744.53
181.585
431.196
413.587
532.212
701.102
953.734
417.585
362.224
15.2287
608.539
632.191
269.265
377.819
60.4572
283.944
410.138
309.275
276.315
389.264
486.19
954.039
576.922
222.236
464.614
541.826
379.192
714.255
504.898
233.283
783.624
316.324
496.567
131.993
663.686
355.846
114.353
743.431
413.526
418.348
797.449
662.648
10.1627
786.157
558.641
771.691
546.342
464.919
29.8471
727.927
890.103
829.279
650.319
24.8421
628.04
418.744
403.394
406.049
947.722
915.555
8.69778
914.426
615.589
834.956
975.494
356.883
707.389
960.173
423.261
466.781
246.223
52.3392
76.9982
544.572
405.499
867.336
341.655
858.364
432.234
10.1627
863.369
585.284
947.539
658.986
483.2
575.64
780.236
689.077
989.898
719.84
989.99
228.736
577.136
200.598
235.908
177.892
412.885
411.237
147.496
720.908
225.776
820.673
853.481
364.818
315.439
567.553
324.992
534.227
893.033
63.8447
690.115
253.914
157.964
389.416
174.444
950.926
17.365
759.026
825.709
906.522
854.183
842.708
677.145
390.484
250.404
220.985
507.157
7.56859
71.8101
756.218
850.551
288.705
820.032
160.741
418.043
57.1306
658.467
544.298
580.432
601.489
18.5858
220.466
73.1223
186.682
192.236
554.613
577.99
933.805
816.492
133.793
337.931
600.604
657.674
40.5591
461.592
293.527
600.116
511.002
73.0918
642.598
246.406
759.239
964.141
470.443
35.2794
249.001
904.111
486.953
283.09
193.823
264.809
40.1013
55.5742
566.759
115.757
455.153
276.009
401.41
446.394
992.706
975.585
665.12
671.682
957.152
92.9594
485.549
76.9677
986.999
728.996
12.2379
358.806
57.741
262.123
694.021
917.264
229.286
232.185
253.67
57.0086
668.203
397.565
141.362
752.464
977.264
872.402
747.459
133.61
362.316
750.328
156.621
349.284
668.813
120.792
724.265
962.92
818.171
883.999
255.989
538.194
676.168
271.096
72.6341
570.574
884.243
475.631
740.471
420.148
684.591
302.591
749.199
403.363
271.035
241.401
918.424
698.813
696.341
868.648
813.593
223.67
867.428
987.518
953.368
137.516
659.688
409.65
88.8089
128.849
681.936
785.852
336.558
141.362
722.648
391.705
446.333
695.944
409.314
274.85
984.771
464.217
111.972
669.607
716.269
251.045
621.906
85.3298
962.706
40.6507
637.135
975.249
222.449
264.077
585.894
391.095
830.866
943.144
819.086
530.869
942.656
868.038
703.024
584.887
618.091
463.942
644.215
787.378
293.741
503.708
576.647
79.0429
419.355
322.214
943.358
287.515
541.887
689.169
703.421
231.391
618.244
996.063
395.52
654.408
837.58
914.243
789.544
395.947
734.703
179.479
156.957
704.428
875.851
660.146
692.221
98.7579
897.732
364.483
114.994
685.842
181.494
543.931
986.084
338.603
942.93
548.082
766.869
641.987
19.2267
588.031
154.515
12.8178
135.258
64.2415
723.777
899.472
928.709
614.856
406.262
468.123
516.709
541.154
839.686
681.509
884.732
766.198
116.55
176.336
878.78
982.971
965.3
846.187
82.522
147.893
893.704
535.203
360.363
976.989
326.853
749.84
347.789
599.322
270.425
794.122
670.278
25.7271
530.259
235.145
171.85
587.848
20.3253
104.892
934.904
3.90637
189.642
744.591
371.868
228.431
99.3072
697.775
170.904
740.44
181.646
558.672
375.958
428.205
211.829
181.799
382.916
725.425
524.003
159.124
133.274
155.858
2.44148
971.007
286.019
942.351
879.727
717.307
649.373
836.39
872.25
834.895
653.645
824.946
685.69
707.45
146.153
870.327
420.087
574.389
290.017
339.366
906.919
644.826
847.194
278.573
509.14
822.626
627.979
191.076
415.174
949.248
387.646
471.786
958.373
970.519
951.506
157.018
993.072
933.164
849.727
144.871
858.699
217.841
243.416
542.497
962.798
915.006
422.651
296.609
514.603
748.863
658.162
763.359
440.168
457.442
687.857
374.096
10.4678
33.021
619.221
52.9191
213.507
730.766
529.099
542.436
402.02
250.893
541.917
294.046
247.536
1.03763
667.714
79.0124
532.67
844.905
181.097
976.196
812.22
243.446
822.687
893.277
474.929
195.044
603.748
277.322
236.702
880.551
495.895
171.087
596.912
419.752
786.584
271.157
288.4
645.558
382.092
144.414
253.578
301.645
838.832
258.98
176.55
570.666
404.34
985.748
103.366
338.328
849.727
226.814
181.433
100.314
373.852
827.57
49.3484
918.088
361.37
427.412
908.17
329.417
275.43
907.102
805.78
620.777
466.262
87.2219
165.441
366.68
177.374
835.627
89.4803
643.544
529.923
238.563
469.832
822.962
766.9
993.194
436.323
351.695
538.591
676.504
174.291
424.299
509.995
47.9141
642.415
954.344
71.9321
40.9864
222.266
750.603
436.872
600.848
830.744
305.185
900.693
23.835
526.566
98.5137
551.897
955.138
142.399
828.578
209.204
700.827
973.327
469.985
868.892
10.773
53.2243
569.811
443.251
988.556
50.7218
685.385
71.1692
284.158
314.92
371.41
782.556
226.722
103.153
621.876
796.869
52.4613
521.592
173.528
238.533
884.976
209.906
576.647
548.875
623.31
301.248
439.955
376.934
394.971
689.199
755.272
230.11
729.24
132.084
708.762
665.517
107.517
227.027
884.793
303.781
47.2121
783.898
268.227
446.547
374.462
631.123
952.3
578.326
843.257
384.472
957.457
534.715
755.791
209.784
67.9037
617.725
741.813
111.179
92.1964
439.619
351.604
775.903
453.352
776.605
620.441
507.096
515.854
213.416
259.316
275.704
554.949
860.378
629.322
422.62
774.895
923.612
155.4
42.7564
282.083
410.413
335.673
581.744
419.843
750.481
2.77718
676.931
370.434
614.216
993.439
773.614
431.104
709.983
882.504
548.173
870.266
840.632
937.62
668.783
769.646
1.3123
950.957
925.504
759.636
799.768
103.977
260.659
52.7665
979.522
521.958
730.888
682.852
328.471
673.635
932.005
354.961
753.166
273.629
918.18
813.532
800.317
842.311
146.214
133.641
407.025
580.584
476.913
843.074
160.649
715.11
763.817
279.946
849.757
970.763
61.4032
93.7529
587.085
325.938
983.795
294.504
286.447
707.694
244.545
757.317
774.224
782.128
910.092
588.244
316.507
497.299
396.619
257.79
844.172
533.83
742.912
908.078
655.995
320.17
189.337
740.196
881.558
768.67
595.202
887.875
485.488
388.348
724.784
683.615
93.6003
931.181
934.08
723.991
422.803
227.515
289.102
639.546
595.508
367.443
647.084
976.348
120.426
884.03
731.712
95.0652
820.307
94.5463
733.848
493.881
488.357
256.783
468.917
461.318
554.308
695.151
622.181
465.651
541.643
554.521
113.01
186.621
597.034
336.894
109.745
596.332
873.165
877.621
726.127
994.812
46.5102
917.173
930.418
407.208
751.122
925.199
699.057
248.451
209.418
332.408
945.433
661.824
841.884
827.204
255.287
437.361
136.143
872.799
960.234
916.898
557.482
101.382
579.943
791.528
781.091
741.63
165.41
197.882
28.3517
735.343
573.382
19.6234
787.622
700.095
203.589
800.043
701.01
393.567
230.537
172.338
898.465
836.482
860.378
213.904
560.564
749.443
644.49
630.451
990.692
460.982
381.024
176.397
978.576
942.259
635.517
218.238
735.923
125.095
411.847
846.339
185.553
159.368
5.00504
441.816
885.495
766.228
566.546
105.258
368.755
343.089
414.289
852.29
180.639
977.081
617.542
983.428
394.635
22.7058
888.638
534.013
887.631
400.372
312.601
210.273
156.713
271.706
946.074
718.07
957.854
248.268
816.095
890.5
548.143
789.575
351.299
520.402
813.044
946.898
775.323
304.575
59.2975
108.921
494.736
805.109
755.486
905.881
12.1158
834.803
0.579852
927.641
396.191
172.674
3.02133
412.946
839.198
15.7781
349.986
565.6
334.025
73.4275
349.437
653.401
1.40385
710.532
225.684
547.105
98.8189
45.6557
449.385
854.64
242.317
410.932
983.856
307.596
872.463
78.9209
728.599
555.712
495.56
663.839
941.221
25.8492
731.895
102.39
919.187
1.83111
701.254
621.54
722.678
580.981
778.222
598.071
219.581
663.991
247.353
717.795
234.077
634.327
890.408
339.122
79.928
883.297
36.1034
468.52
259.804
836.787
104.343
253.121
612.018
640.706
175.481
397.504
685.446
160.497
616.657
410.291
624.561
451.491
295.511
87.2829
345.317
356.182
413.617
136.937
283.334
384.716
489.731
354.93
495.468
534.928
525.132
253.578
396.344
207.831
881.588
552.751
910.886
875.423
903.562
438.246
323.923
656.209
815.851
994.079
608.539
455.763
927.671
714.805
513.993
827.57
674.978
504.166
194.769
210.761
531.51
66.2862
662.038
701.651
320.566
95.8281
838.191
13.7638
958.312
173.04
496.536
784.661
159.795
770.318
867
883.724
139.47
276.131
188.818
878.842
836.756
443.068
992.035
317.209
698.416
165.563
388.44
976.989
548.814
994.446
154.057
745.628
579.363
293.558
883.297
281.93
988.189
445.601
996.857
116.977
301.523
12.8178
884.64
351.207
908.17
259.194
964.324
603.137
837.764
939.97
937.376
366.436
314.646
765.221
23.5603
431.593
118.534
443.495
455.245
527.909
282.54
711.692
12.5126
842.83
160.955
257.454
880.917
574.145
397.076
940.611
612.323
172.002
822.596
219.428
471.023
426.374
820.246
188.513
945.28
56.3677
180.212
133.946
706.595
958.159
982.238
12.4821
797.296
766.93
534.043
760.765
327.921
889.798
897.916
840.754
465.682
665.639
36.3475
928.007
994.995
807.947
108.036
148.503
231.758
787.469
945.585
770.684
572.375
310.16
245.857
758.812
458.541
547.411
505.051
93.8139
39.613
274.3
228.37
268.197
313.303
572.466
447.066
860.744
26.2154
253.273
72.8477
597.644
115.329
658.681
121.738
806.391
971.892
994.385
338.145
668.142
308.512
853.236
250.771
175.573
911.618
83.8343
191.168
201.666
59.0838
661.428
306.619
586.352
886.013
716.575
98.2696
646.84
478.195
378.735
516.129
18.0975
976.196
590.35
141.636
229.713
469.558
547.777
489.639
925.077
964.171
925.657
960.692
129.673
202.216
540.452
474.837
474.41
617.878
610.034
318.522
780.084
208.075
264.87
235.542
909.635
601.398
467.727
293.313
294.107
104.648
997.528
555.864
38.7585
10.0406
654.103
94.6989
15.5034
942.686
340.007
368.847
847.804
530.656
175.237
505.173
194.464
178.716
301.523
510.514
238.716
226.508
532.487
946.532
788.232
272.958
505.509
98.7579
893.033
947.783
491.928
171.209
387.036
911.74
521.805
537.278
259.896
366.405
979.034
578.814
264.87
855.22
323.74
144.322
669.515
636.464
97.9034
157.414
555.132
410.138
870.113
406.903
571.276
679.25
276.254
49.9893
551.561
527.36
812.22
859.371
897.153
93.3561
534.562
745.842
133.915
524.583
325.877
587.512
549.913
689.993
880.734
896.939
318.827
433.973
68.4835
357.372
16.4495
652.944
829.646
759.453
935.575
974.853
261.086
369.335
106.113
323.923
47.6394
260.048
426.74
151.25
895.26
636.738
813.807
612.629
122.166
687.368
774.194
474.807
65.2486
990.02
308.42
31.8003
456.191
8.27052
549.73
812.067
425.153
705.496
46.0829
357.646
287.637
809.595
90.8841
857.479
770.592
759.392
8.51466
914.762
834.223
864.071
801.752
230.842
746.025
706.534
66.1031
486.251
562.7
322.184
578.661
200.049
676.717
184.515
466.353
849.208
583.544
528.367
361.126
28.7179
525.742
42.4207
447.157
934.477
170.415
462.325
807.489
948.881
976.012
94.821
975.066
612.049
404.736
805.628
95.706
758.507
637.288
500.626
608.417
101.23
945.219
633.045
849.3
44.3739
378.277
766.961
485.885
5.61541
922.269
728.874
187.811
29.5419
783.654
378.216
439.619
973.449
957.732
528.489
902.982
46.1745
736.015
49.8062
233.436
982.574
309.305
684.591
759.148
632.954
122.929
607.135
926.328
250.771
140.019
258.766
919.34
258.003
669.179
489.547
360.424
770.898
912.992
537.797
495.865
666.372
893.429
879.086
774.682
470.901
910.52
475.082
226.203
852.748
190.435
454.604
542.772
999.115
879.177
757.073
273.659
659.139
38.2397
770.501
36.6222
134.312
798.853
494.583
153.294
997.436
329.966
260.689
614.643
821.039
777.612
539.415
782.647
697.195
830.866
867.58
734.825
829.463
71.0471
425.459
657.369
978.21
760.491
295.785
193.304
40.8643
226.875
935.392
152.257
548.173
499.649
891.293
487.503
357.585
354.472
291.879
946.989
325.388
422.376
145.116
304.361
238.258
519.364
974.12
576.617
786.34
853.114
822.413
133.732
857.967
262.795
159.093
107.761
938.444
148.534
716.178
6.56148
893.277
246.284
788.202
939.146
917.57
904.843
26.3985
358.257
932.585
21.0273
258.339
727.317
210.883
289.468
363.75
16.8462
511.216
922.666
738.701
437.696
504.379
498.459
378.613
316.446
771.477
90.5179
111.82
520.096
155.492
338.237
14.8625
335.368
747.917
612.384
540.3
209.662
290.933
932.768
389.019
259.468
277.444
793.909
657.888
952.605
529.16
555.498
293.832
870.479
534.562
553.148
386.12
956.877
328.104
586.505
327.433
159.124
191.321
940.184
375.683
868.221
957.854
594.44
647.176
63.6921
202.734
781.518
72.8172
570.605
98.2696
543.626
348.46
333.018
216.712
449.66
410.627
112.278
61.7084
125.919
468.764
514.847
609.394
757.775
125.584
756.523
640.584
218.055
616.443
69.277
145.146
979.034
698.965
157.201
580.035
463.332
224.677
606.891
261.879
991.18
923.154
659.841
675.741
978.912
430.433
251.961
981.079
546.19
93.0204
727.195
496.261
187.597
578.265
130.955
442.946
664.693
822.626
490.158
731.101
775.231
349.315
985.656
66.744
155.492
486.19
423.475
162.969
772.301
515.183
911.435
335.734
260.201
284.799
146.58
265.725
761.284
316.752
220.679
207.434
422.59
937.773
349.254
426.862
208.502
468.276
430.891
148.747
183.325
998.932
842.616
795.251
921.323
786.126
378.124
796.228
199.408
798.151
734.672
753.777
629.963
442.763
455.123
240.974
388.623
7.72118
731.285
16.9378
694.723
845.607
974.761
939.085
199.225
833.735
561.785
353.679
937.925
140.996
658.101
246.62
4.39467
832.484
529.984
934.812
600.909
343.089
247.993
579.913
621.723
351.909
189.642
305.765
426.222
87.7102
247.017
200.446
957.793
597.98
145.604
984.375
864.437
11.3224
781.03
625.446
777.764
326.09
979.278
683.279
406.323
754.875
587.237
662.557
599.78
157.506
299.509
157.811
39.8267
592.761
127.689
70.3452
714.652
520.737
918.577
678.61
832.24
686.697
827.387
843.41
330.18
217.902
152.501
129.093
636.86
964.629
437.574
122.227
840.968
616.26
247.414
728.355
925.535
624.622
524.216
728.843
222.633
464.492
929.868
378.643
745.231
263.863
80.9656
326.487
551.653
334.147
82.7052
638.173
800.378
632.435
267.739
205.115
649.648
686.148
546.19
318.613
659.749
12.2684
273.782
691.427
853.023
561.907
43.2752
707.938
88.5037
221.137
306.162
183.935
907.468
900.174
230.72
417.798
505.325
241.401
702.78
813.318
987.548
478.011
874.844
856.563
564.287
474.044
170.873
727.348
841.212
477.493
152.074
326.609
861.995
617.512
150.243
1.22074
59.2059
676.992
75.0755
747.215
769.585
171.667
301.492
172.704
469.832
267.495
43.2752
2.10578
389.782
566.668
119.327
402.203
658.254
294.321
518.723
912.168
638.874
916.868
670.858
257.912
611.164
723.136
826.868
833.003
453.841
399.67
458.785
126.102
486.251
131.565
82.3389
877.743
124.21
259.651
409.894
246.162
506.76
25.7271
239.784
764.611
749.382
437.147
988.128
370.739
981.048
781.365
269.539
289.56
820.276
822.443
432.905
51.0269
447.066
210.334
458.48
423.933
926.725
134.404
122.501
546.77
941.923
752.19
835.81
37.2326
589.251
424.757
62.2578
361.522
396.344
290.353
723.807
244.606
216.224
206.61
497.848
402.783
154.393
593.677
413.648
379.65
185.888
208.563
653.615
767.052
617.725
382.763
966.124
591.906
53.3464
753.624
595.752
150.182
15.3508
21.424
137.455
69.7043
882.626
762.993
220.74
882.382
298.074
833.064
430.158
887.722
703.635
385.083
368.511
588.366
158.025
42.0545
268.654
479.537
94.3327
249.397
60.7013
472.671
173.162
340.251
300.211
735.557
887.692
345.408
864.132
229.56
76.9372
78.2189
820.612
725.394
3.60118
526.475
378.765
578.478
152.593
81.8506
324.931
45.6252
406.201
638.783
851.314
423.872
752.953
93.5698
183.508
792.627
185.553
275.185
913.297
640.736
944.761
838.923
442.457
159.795
764.946
154.149
444.441
484.359
278.237
717.765
749.687
660.756
232.795
123.692
560.961
625.813
681.845
120.945
405.408
976.531
799.768
790.246
728.721
811.914
481.368
371.471
538.255
428.48
380.627
772.546
1.58696
150.426
544.939
291.055
405.805
75.869
301.553
580.523
384.838
20.2948
552.171
391.43
820.46
438.581
131.87
119.358
323.252
606.708
388.958
690.847
700.186
844.63
641.346
818.232
314.432
61.2506
666.829
155.339
744.346
402.997
882.015
384.228
647.176
287.149
367.565
765.343
234.443
601.184
395.245
181.372
264.657
349.345
612.812
206.915
959.96
527.848
543.931
234.413
752.8
509.659
558.367
188.208
269.021
720.542
969.359
857.753
453.475
887.051
413.984
380.932
244.331
638.325
173.254
909.421
702.811
742.546
587.725
986.633
3.7843
759.392
224.952
669.881
194.464
389.691
955.535
928.159
126.408
303.781
593.188
346.019
468.001
729.484
255.776
666.128
203.04
581.042
103.305
200.049
522.019
410.566
608.905
640.309
512.131
962.798
19.3487
303.323
552.507
614.521
161.626
335.917
820.582
480.422
250.893
915.403
816.156
465.804
856.929
975.249
309.336
47.8835
685.141
487.686
618.549
67.1102
328.104
833.735
624.561
309.183
644.093
292.673
427.564
159.459
918.76
181.738
52.8581
110.996
466.414
677.633
111.576
407.208
826.93
850.703
822.687
600.513
214.515
943.541
302.744
308.42
374.859
424.635
529.496
947.966
506.607
849.055
885.311
729.972
403.546
56.5203
687.094
694.296
473.739
739.341
608.844
67.5375
792.077
909.787
402.936
723.869
841.823
300.058
826.563
31.0068
102.329
224.494
179.327
862.056
138.524
936.216
358.654
54.4755
348.46
9.00296
838.893
97.9339
25.5745
776.086
480.453
331.431
891.476
356.273
575.457
431.928
755.608
300.058
35.7677
474.899
458.571
385.235
129.917
348.491
754.204
594.745
675.222
802.637
287.912
807.184
90.9452
913.755
326.884
231.544
219.428
247.23
398.114
117.283
320.719
498.062
491.348
770.959
147.374
891.385
982.574
410.932
505.753
123.875
934.294
891.14
209.601
127.842
929.228
825.129
832.759
438.246
93.4172
141.942
166.601
444.899
465.011
604.846
789.27
310.495
364.788
323.954
651.967
836.085
925.382
794.641
89.5108
54.8418
434.4
492.172
160.772
835.78
648.762
554.735
725.303
278.237
735.557
585.04
162.816
179.022
996.307
102.725
141.484
352.763
30.7016
678.335
340.983
86.9778
496.139
279.855
537.156
513.504
118.686
864.071
954.344
176.763
113.102
742.424
291.055
581.042
666.524
754.387
326.518
996.918
643.269
778.13
512.619
309.244
166.509
610.523
459.151
187.262
233.253
747.642
717.582
357.891
18.4332
96.6216
769.921
264.29
25.0862
150.822
628.864
890.194
736.351
658.712
955.87
31.2815
925.504
318.339
102.329
795.648
280.709
528.581
981.811
613.33
500.443
727.866
177.557
537.523
515.549
352.641
193.548
117.588
994.873
945.616
253.609
625.752
790.216
445.967
556.139
918.516
476.943
192.602
389.813
714.255
646.626
671.102
17.1209
567.797
107.791
536.332
731.59
323.832
651.265
941.923
995.025
329.783
536.027
706.931
61.1591
189.856
352.153
352.611
992.218
341.411
417.066
538.652
473.464
234.687
360.912
931.669
333.72
397.473
57.9546
36.256
176.672
165.593
559.771
20.539
30.0302
360.79
186.712
66.5304
418.317
697.195
433.668
277.81
765.801
197.302
846.889
674.551
535.783
399.274
527.238
307.962
12.6347
636.28
417.127
25.0862
132.237
169.378
26.7037
915.281
267.922
455.397
755.73
969.237
377.422
330.424
467.269
982.757
417.676
391.003
470.046
235.389
433.271
353.435
564.745
976.073
225.043
673.208
311.228
246.193
4.944
205.115
172.796
72.4509
943.571
186.01
693.533
559.496
16.3884
320.658
365.001
914.609
55.2995
252.632
339
935.026
411.206
201.178
641.804
989.532
134.342
45.32
46.9375
25.544
78.4631
636.555
262.429
632.527
834.986
620.96
588.458
693.594
903.5
552.965
702.261
656.087
4.91348
580.767
726.005
952.635
943.48
485.641
234.443
603.778
923.643
355.846
357.86
533.525
728.507
676.534
637.288
629.078
665.7
117.038
787.774
75.8995
687.185
796.777
26.0628
999.481
588.977
310.343
119.266
944.761
697.47
294.534
810.114
225.135
947.966
816.828
775.567
671.529
762.383
367.718
774.895
813.074
631.947
737.938
143.59
20.8136
810.968
561.388
288.98
645.741
28.5348
805.597
344.066
681.661
623.859
990.6
636.128
985.29
11.6581
417.432
125.584
583.85
884.182
187.963
472.243
102.084
55.0859
296.793
884.396
839.503
353.252
576.495
407.514
529.069
470.534
778.069
808.802
309.336
171.545
566.942
713.34
940.184
770.989
716.697
148.778
794.214
284.28
280.77
154.393
654.683
159.001
24.4453
610.584
851.405
992.187
897.58
945.738
765.74
140.141
829.493
876.003
236.03
627.491
627.827
834.681
894.589
260.903
261.605
247.169
967.62
354.472
310.648
308.023
569.262
972.35
862.3
415.998
21.2104
95.4314
636.311
923.887
228.584
618.152
619.953
358.654
644.093
581.347
993.835
768.883
851.07
547.99
630.024
355.144
296.976
527.665
943.876
40.0403
208.716
355.876
380.23
133.854
220.496
935.148
316.202
752.007
746.147
243.233
660.604
141.057
626.606
515.61
932.432
568.865
84.2616
507.462
98.6663
935.514
514.969
242.683
953.612
761.284
149.327
154.912
319.742
707.785
114.353
27.6498
852.962
288.522
926.786
639.454
731.864
925.108
949.156
520.249
13.4587
5.49333
840.205
725.547
936.125
100.589
530.564
34.2418
950.621
994.873
755.119
476.608
761.711
688.04
673.208
598.529
159.917
23.7434
608.051
368.358
926.206
101.169
436.476
132.633
589.709
126.194
660.36
526.933
320.597
858.486
690.878
747.734
738.701
309.977
377.026
92.288
919.492
852.474
309.458
172.155
378.643
388.592
930.845
706.534
316.263
744.438
984.344
302.438
902.158
938.414
331.004
127.018
883.267
483.779
667.867
878.994
295.022
380.535
177.221
964.843
556.871
952.757
639.271
286.782
734.275
188.147
38.5754
547.899
247.719
735.771
195.99
481.307
810.541
218.146
457.381
909.391
875.942
14.0996
970.031
39.2468
375.744
168.523
578.173
900.937
31.0068
585.376
869.289
334.269
15.9917
160.131
401.502
430.952
257.332
7.99585
644.246
837.855
148.869
443.922
662.954
827.906
964.08
870.907
79.0735
544.969
746.452
232.765
336.955
328.532
960.417
187.75
808.252
525.01
682.608
658.742
765.831
691.275
615.772
916.929
757.805
597.43
706.015
854.915
413.465
934.355
644.887
605.548
211.829
132.603
37.4767
162.511
244.484
199.164
517.93
159.398
503.891
977.66
592.944
462.966
727.989
738.701
495.773
737.327
333.293
507.035
830.775
634.846
466.475
30.488
290.139
770.653
706.717
798.547
224.647
135.96
449.751
15.2287
348.643
107.883
504.44
934.019
361.248
710.41
933.927
459.822
765.038
284.188
671.804
425.062
662.74
220.496
945.219
445.753
814.325
915.922
35.5846
763.878
734.519
603.961
408.856
982.391
112.949
220.038
745.567
99.002
337.84
955.748
903.134
745.231
404.035
658.864
340.648
36.2255
987.64
735.313
38.0566
939.177
967.345
709.403
440.504
564.226
174.841
98.3917
459.517
286.843
654.53
757.988
61.9221
105.35
214.393
354.35
478.042
141.82
549.333
119.816
560.137
691.488
717.673
547.838
322.672
727.042
252.724
183.447
195.288
264.748
690.237
166.112
20.0507
497.787
793.085
680.319
323.923
103.427
254.463
970.946
898.16
630.39
161.168
79.2261
215.217
372.539
997.253
955.657
715.232
635.121
470.565
106.021
492.447
799.799
942.534
427.198
413.739
94.7295
742.607
388.043
199.53
476.211
149.052
213.08
499.313
527.604
316.691
223.609
492.233
782.128
933.164
993.652
44.5265
376.049
885.311
476.547
954.711
437.757
716.117
758.69
317.942
119.694
154.241
595.904
540.849
679.067
496.963
389.904
37.8735
513.596
127.812
760.186
140.66
558.58
950.316
367.687
251.442
951.628
18.891
147.099
771.844
371.105
148.625
603.229
838.374
954.772
784.173
328.135
395.886
204.535
910.306
395.489
639.973
784.295
284.219
787.866
359.813
615.711
771.935
513.382
212.897
180.151
68.7582
568.59
462.325
431.013
586.322
402.6
208.35
224.25
786.706
39.9487
645.375
672.353
744.896
517.747
375.622
328.623
221.32
793.42
310.495
607.776
25.3304
779.473
191.259
348.827
950.621
661.672
260.17
927.366
64.5161
156.285
112.918
822.199
632.099
863.369
264.351
43.9772
455.855
371.746
458.144
331.034
913.266
272.5
251.808
519.089
472.152
736.503
908.475
991.119
966.582
813.013
126.469
613.422
413.099
105.136
638.173
64.5772
649.709
978.332
208.96
962.859
578.112
958.495
68.2089
698.752
290.689
475.784
302.866
379.192
863.857
610.401
245.247
788.903
98.0255
996.338
386.273
775.872
986.938
539.933
845.363
966.826
195.837
108.89
928.098
218.848
331.553
848.384
803.125
714.042
284.127
280.038
829.463
102.329
422.285
841.121
565.386
600.116
923.765
18.4332
990.204
449.538
21.3935
734.977
970.275
645.863
446.76
144.322
500.198
338.42
851.985
489.883
750.999
811.701
491.501
184.24
455.794
452.651
945.128
766.198
664.907
610.858
162.664
890.378
401.196
757.225
612.934
6.592
247.2
847.804
816.645
885.098
394.971
299.203
46.0219
643.178
190.069
481.277
471.419
430.616
701.254
133.732
536.241
429.304
346.324
612.873
842.036
323.466
106.326
374.584
324.229
897
358.531
600.055
0.457778
913.968
860.042
370.067
72.1458
938.597
912.839
294.595
661
250.771
242.012
3.66222
961.394
513.932
617.847
405.805
90.1822
350.536
753.319
120.09
415.052
482.528
508.53
988.8
642.232
592.242
932.676
75.7469
445.784
560.32
175.268
57.8326
918.882
236.854
797.937
414.777
628.376
401.898
517.502
324.534
554.765
71.8406
912.473
669.637
697.409
807.52
122.898
61.1896
627.583
180.7
76.6015
286.966
769.829
55.0249
271.096
89.0835
693.106
837.489
644.063
678.488
192.785
357.006
562.609
891.69
445.387
526.261
463.179
396.496
16.1748
442.763
172.857
852.931
2.04474
85.7875
443.617
434.98
90.2432
265.328
730.979
620.624
814.264
979.003
747.52
655.141
788.354
833.613
823.695
594.684
201.91
687.368
605.945
336.283
354.595
169.134
124.302
540.269
513.932
230.689
760.399
851.619
876.431
388.531
146.672
326.243
913.297
811.487
529.16
468.947
882.382
910.123
623.859
788.415
787.194
584.49
498.703
276.559
564.592
786.218
512.253
717.734
782.22
551.317
840.083
233.985
626.728
160.039
620.441
973.632
464.553
579.882
250.282
347.697
756.249
847.865
863.063
722.343
605.121
548.906
518.876
971.953
722.434
45.8083
139.714
800.165
89.5718
617.603
719.108
234.535
98.8189
162.175
838.984
201.605
453.78
620.045
24.3843
587.695
610.981
774.316
967.193
692.953
43.611
584.765
149.968
483.688
108.982
710.623
902.28
550.218
800.439
379.376
418.928
175.665
165.38
257.607
772.973
422.681
670.949
479.873
453.841
643.574
297.525
492.019
462.355
321.024
642.628
865.413
493.21
644.704
815.424
737.785
237.037
730.705
403.699
37.6293
332.682
889.676
294.321
147.954
0.946074
850.154
628.376
165.41
891.629
343.089
672.414
411.969
174.169
954.1
886.959
354.198
404.401
649.373
973.449
587.481
197.027
881.863
181.005
40.5896
236.915
683.554
654.378
57.4664
658.864
650.624
103.61
511.979
327.982
227.027
578.082
612.293
51.8815
193.64
624.348
550.89
255.531
768.365
610.92
656.606
150.304
223.731
499.557
204.718
928.404
428.968
845.546
541.581
14.008
221.259
307.505
680.105
902.341
14.069
448.378
21.7597
617.573
547.655
108.493
362.499
321.635
188.391
132.359
837.245
104.16
683.584
730.033
960.814
485.611
776.91
254.616
420.484
664.449
592.242
677.023
776.757
39.7351
190.588
539.109
728.629
40.437
207.678
666.86
99.4903
792.352
977.386
424.238
200.262
654.469
48.0361
789.636
725.211
155.736
497.665
35.5541
837.703
363.109
953.887
293.283
601.459
212.897
725.455
783.441
413.77
835.994
951.415
993.774
596.942
408.643
173.772
585.62
804.071
559.771
240.73
310.068
395.795
866.237
945.708
715.049
443.739
467.055
309.244
924.68
517.319
328.532
909.97
272.317
909.818
190.283
169.897
68.3004
460.402
724.754
1.92267
283.517
627.979
940.58
724.357
430.494
973.113
361.492
649.251
422.834
704.703
11.7191
251.32
694.479
447.096
739.433
322.611
360.057
884.335
909.116
19.9896
697.378
437.33
994.598
211.615
733.482
631.001
103.488
28.1381
215.461
306.467
964.782
25.5135
747.368
335.734
410.077
865.413
374.218
994.415
880.947
919.034
394.696
648.549
992.248
701.651
683.554
912.9
683.737
542.985
304.849
935.331
990.631
400.281
697.897
964.995
964.69
220.313
216.132
859.859
776.879
756.401
301.401
689.657
532.823
246.681
73.5801
91.0672
832.636
860.195
618.122
531.175
605.945
316.355
751.518
134.892
253.517
585.101
547.075
233.802
627.064
72.8477
401.257
291.269
877.834
201.27
922.544
361.278
705.863
784.906
423.719
736.32
40.6507
113.681
299.02
941.282
684.988
147.099
67.1407
729.179
952.666
725.517
361.644
234.993
831.629
205.725
649.77
944.243
704.001
426.313
961.119
631.794
153.661
409.528
407.3
928.098
893.307
705.496
773.888
668.416
341.38
785.516
965.819
681.478
881.497
390.332
587.512
173.864
333.659
239.692
439.253
366.466
670.736
9.49126
210.547
538.804
509.415
982.91
152.135
138.34
408.368
281.228
7.87378
109.958
504.044
81.576
987.304
102.786
515.732
726.615
60.7929
709.891
650.868
133.488
358.257
397.778
442.122
407.819
952.239
281.289
47.3952
68.6361
807.306
400.647
43.7635
791.528
176.763
656.667
246.986
74.8619
227.699
60.2435
587.573
737.022
175.939
452.834
574.908
648.824
711.783
353.74
380.169
609.638
998.383
90.4569
70.0095
771.538
23.2246
868.831
21.6987
518.967
584.826
938.536
51.088
209.418
694.967
510.727
284.921
682.119
678.518
583.941
308.237
939.94
751.701
334.178
618.854
912.046
360.057
226.02
919.218
702.322
57.5884
500.504
277.841
230.75
207.892
196.081
690.939
673.482
289.071
359.539
75.5028
607.776
83.224
601.917
225.837
268.715
532.182
656.88
763.543
823.145
540.239
97.232
613.392
67.5375
505.539
865.719
35.5846
455.947
861.293
776.482
746.239
864.376
407.788
643.91
156.316
997.497
717.032
194.037
261.879
844.447
390.393
416.059
215.155
89.5413
451.582
508.957
108.982
884.457
655.171
80.5383
5.2797
887.753
992.706
754.448
738.792
978.454
177.038
841.578
527.543
549.699
386.853
232.337
921.415
788.568
51.6678
166.021
119.297
848.537
959.563
32.7464
187.384
320.811
468.093
865.78
208.411
910.825
100.253
678.518
894.162
725.822
306.314
304.453
692.038
80.1721
672.811
894.65
917.142
224.677
360.179
729.789
940.641
905.454
50.325
503.098
966.491
159.703
184.79
730.216
426.832
253.822
775.567
442.03
528.306
170.202
569.262
817.316
979.4
549.364
845.973
910.611
431.135
493.24
634.358
132.572
661.916
136.143
623.829
638.234
37.3241
389.477
555.223
279.58
277.047
766.564
371.471
279.336
59.4195
693.869
908.963
281.014
495.163
214.606
411.42
932.829
1.58696
491.531
647.267
660.543
608.356
14.2216
911.557
786.493
226.081
918.455
694.174
650.075
909.33
322.428
295.145
886.776
644.551
87.3135
168.615
521.561
695.273
907.743
276.284
33.021
34.4554
138.34
232.185
44.2824
896.817
263.405
519.7
797.357
980.621
414.869
561.724
66.6524
331.95
845.698
926.176
668.783
441.359
764.367
446.944
223.395
584.887
437.117
542.558
323.13
940.245
964.019
513.138
767.449
509.934
634.877
97.0489
17.365
382.122
271.706
68.8498
527.116
360.515
463.851
159.215
109.104
494.858
101.627
78.5241
988.098
542.955
115.238
925.26
701.254
895.566
825.159
760.125
500.29
995.483
809.595
628.01
411.481
782.006
696.524
807.764
610.279
192.022
785.089
572.344
266.732
249.062
903.806
239.479
517.838
771.294
410.993
795.099
722.861
230.14
744.438
869.808
658.376
790.46
425.764
350.383
808.954
63.509
926.267
407.392
409.711
604.236
300.424
219.642
397.107
683.798
993.103
177.74
924.284
368.755
726.859
846.889
596.82
438.307
875.637
470.87
85.9706
170.385
230.995
298.654
274.545
528.489
567.156
513.901
592.456
779.778
911.191
49.5621
698.172
76.3268
924.406
68.6666
161.809
30.5795
301.462
392.01
306.681
815.79
593.249
654.592
864.986
823.572
359.783
471.694
604.572
409.07
59.5416
396.1
582.446
755.364
581.347
947.508
181.433
388.195
824.946
495.407
586.474
372.478
236.854
276.864
856.471
721.397
707.511
330.149
248.115
50.0809
735.832
625.813
948.027
4.36415
267.739
176.031
869.167
496.139
114.811
404.096
668.142
276.803
359.142
554.46
639.241
879.94
650.777
425.459
642.018
463.851
804.132
205.237
717.826
586.383
599.292
692.74
552.629
442.305
194.739
684.286
441.267
594.714
57.8021
807.947
910.276
732.231
818.537
586.047
654.866
482.406
954.1
7.56859
946.928
813.318
709.189
391.491
169.744
54.1093
159.246
822.626
636.006
66.1641
822.382
940.55
345.164
595.599
726.249
363.781
836.756
338.847
336.589
529.71
795.282
752.556
253.059
231.666
563.768
138.279
78.9209
634.907
221.29
34.5775
371.014
51.912
381.634
446.486
75.7164
259.041
368.542
944.182
357.982
635.304
924.406
162.206
228.523
904.599
108.341
730.399
876.797
762.932
540.056
167.211
114.719
171.361
645.314
767.968
838.404
596.454
60.0909
17.6702
913.419
979.125
849.055
561.144
390.24
713.157
694.205
260.598
456.16
415.143
711.417
372.6
29.4504
766.106
49.4095
375.317
402.753
207.068
928.587
477.371
841.212
769.341
275.124
339.732
542.07
820.49
607.807
41.5967
861.934
7.99585
332.194
821.863
217.719
181.341
99.7955
626.759
567.705
573.565
387.768
996.155
878.964
24.0791
955.504
318.216
487.381
523.881
334.605
984.985
756.401
863.887
8.14844
479.354
941.008
668.386
435.774
924.986
662.801
594.409
580.523
130.375
903.012
978.301
94.1191
658.437
918.882
710.685
816.675
952.391
990.539
621.662
746.788
49.8062
404.004
156.468
139.073
915.952
576.739
623.707
884.64
927
732.109
797.052
830.836
535.386
28.9621
151.708
197.058
647.816
552.385
516.923
742.393
747.429
72.1763
425.489
841.273
291.391
975.127
942.351
123.814
415.174
277.139
252.235
836.909
474.593
122.288
789.056
581.774
457.106
673.727
186.895
585.528
793.42
803.766
835.017
161.412
600.848
489.151
317.27
515.244
889.37
317.515
517.869
553.606
762.108
11.3529
674.123
850.215
140.843
375.927
157.75
426.862
48.6465
577.227
266.305
505.051
979.766
156.224
804.956
884.396
389.203
685.842
741.111
104.465
832.545
476.455
712.394
46.0524
787.255
236.824
669.179
127.903
686.972
96.1028
433.485
755.638
200.018
893.612
454.817
178.808
283.273
142.094
544.755
412.519
42.4512
571.642
871.151
379.406
930.723
659.322
993.408
929.014
315.958
51.7594
220.099
890.042
948.912
286.569
69.9789
812.22
362.438
718.528
117.801
553.85
734.214
57.3748
6.16474
371.166
243.11
423.261
904.63
666.219
451.277
325.602
197.272
48.7991
742.576
472.579
680.258
869.411
349.223
816.401
49.9893
878.964
997.436
741.569
964.019
171.88
703.269
801.813
455
68.453
750.511
912.046
979.888
93.0509
380.993
401.746
884.671
704.184
229.499
835.932
566.729
932.798
33.784
9.70489
115.604
585.009
651.143
23.4077
713.462
165.685
913.297
843.501
576.556
178.808
349.834
256.325
719.169
961.028
312.693
620.93
320.75
704.733
531.724
326.395
978.24
826.93
633.381
360.912
623.798
339.885
653.584
898.465
390.576
380.078
75.9606
308.939
206.214
551.622
426.679
498.856
396.741
240.211
957.091
987.945
81.0877
554.46
445.723
628.62
638.142
49.6841
650.533
374.157
26.8868
892.148
442.732
1.86163
242.012
617.939
153.722
197.821
684.835
144.688
165.96
908.933
731.895
190.985
279.275
368.999
281.838
760.43
883.847
704.764
562.426
846.187
471.145
528.336
977.996
12.8788
513.81
422.132
279.763
11.3834
246.193
722.831
839.259
83.0714
376.293
509.995
306.681
109.897
260.659
206.641
435.194
266.335
573.534
696.738
352.611
329.661
1.3123
366.894
61.4643
304.422
993.622
978.332
448.958
517.93
102.145
774.438
587.725
842.494
939.177
731.834
609.149
200.842
285.592
359.539
930.021
11.2003
381.512
953.612
113.804
727.897
929.014
712.821
148.503
133.793
839.473
622.394
421.003
541.398
256.05
510.941
170.385
557.909
883.145
187.902
701.193
571.215
153.111
67.3544
137.15
612.842
262.978
183.935
997.65
754.051
610.736
8.20948
377.453
691.458
663.717
966.643
11.3834
678.182
789.911
73.0613
4.79141
457.228
83.0714
577.807
511.49
352.855
713.645
40.5591
140.049
176.366
835.871
733.268
370.128
102.878
583.27
779.412
759.301
174.718
182.806
935.972
222.785
588.214
719.871
423.994
166.265
419.874
584.46
714.469
753.502
948.332
130.65
675.283
90.1517
228.126
580.065
986.084
604.785
71.8406
700.491
226.539
408.246
96.5911
291.543
545.183
913.022
991.211
8.05689
314.096
493.484
660.298
552.416
676.565
468.49
401.837
767.571
393.2
187.292
773.919
661.55
893.582
500.565
307.108
894.925
938.719
397.046
719.169
762.261
801.508
87.8628
787.561
199.225
370.891
318.888
536.637
846.095
85.8791
193.396
895.535
699.24
106.296
285.287
482.803
381.756
625.721
324.778
674.673
564.623
733.512
237.648
612.201
569.109
731.742
819.239
304.605
682.516
313.7
824.183
484.329
217.841
509.72
753.96
370.281
848.842
806.848
122.288
995.697
251.717
348.796
481.063
256.508
584.765
622.089
986.48
336.894
837.184
534.715
788.018
667.714
578.082
293.741
20.7221
74.6483
137.394
988.037
682.394
272.134
749.565
282.052
176.458
358.806
691.183
127.567
802.484
471.633
944.487
898.923
974.975
254.311
416.852
858.547
452.04
296.152
248.878
358.715
355.113
198.37
241.096
685.934
260.75
423.139
931.211
954.1
146.123
582.385
353.038
952.727
469.222
322.184
8.36207
356.639
165.044
459.029
82.9188
203.131
839.167
524.522
437.513
42.848
939.573
374.248
406.201
671.041
188.574
17.5787
932.096
844.813
55.5132
324.32
72.3289
893.185
551.897
764.489
403.577
625.874
129.704
837.825
358.837
447.31
965.117
348.582
27.6193
81.637
407.422
182.745
449.904
815.76
876.003
743.034
935.636
665.67
985.168
698.569
440.687
373.455
179.205
205.237
531.083
640.126
658.284
253.029
965.911
501.328
876.492
296.487
430.952
251.747
393.628
824.58
453.841
824.641
361.675
26.3985
32.1055
32.5327
427.229
208.899
5.31022
576.037
331.156
122.501
702.78
225.593
986.999
851.497
897.58
84.17
318.735
424.787
598.865
335.765
640.156
804.163
713.034
386.7
855.861
405.103
105.38
805.628
266.213
807.52
93.4172
968.688
256.874
811.914
902.982
816.034
654.439
497.696
118.534
625.843
29.1452
439.589
659.078
212.134
726.493
738.517
310.221
452.864
908.139
23.133
344.615
554.064
384.198
78.4631
261.208
956.725
517.624
257.607
175.176
292.55
982.116
332.835
889.126
294.748
654.836
942.686
177.496
69.9789
425.184
290.567
315.165
638.234
200.659
252.113
380.993
146.062
891.476
546.464
368.389
660.451
654.714
128.483
633.869
948.546
179.724
458.083
714.286
150.06
295.602
802.484
44.8317
748.955
682.18
227.912
608.753
749.382
965.941
437.452
49.3789
463.668
981.933
110.233
277.139
817.591
482.65
899.228
101.138
579.394
75.869
743.339
918.027
419.08
672.018
650.258
988.342
203.986
222.327
606.342
332.163
436.781
29.8776
769.402
775.231
242.47
413.495
601.398
176.397
810.358
6.83615
96.3469
368.419
697.47
473.312
760.674
842.555
899.472
918.332
501.267
708.457
95.2788
780.023
78.3715
961.303
972.167
479.781
279.092
585.986
36.5307
613.788
467.757
531.175
818.079
966.857
669.424
83.285
871.944
129.521
843.165
672.384
486.709
0.457778
500.656
640.767
503.098
954.344
327.067
5.73748
150.731
957.183
959.838
748.131
308.359
410.321
582.141
656.667
94.3327
4.02844
486.984
261.025
193.487
362.163
268.197
883.816
826.38
758.995
794.763
342.387
767.541
689.81
624.348
333.293
318.705
575.945
12.8788
28.6874
643.513
386.12
175.848
917.478
369.518
454.878
957.793
421.522
864.315
279.55
566.362
318.796
91.5555
577.074
527.024
504.013
453.383
381.726
514.756
118.778
525.437
465.255
218.879
582.049
90.5789
860.256
897.366
551.927
377.88
768.7
776.879
350.841
912.87
636.128
954.772
884.548
885.128
673.421
959.288
586.383
440.138
606.708
624.073
418.683
800.928
937.437
433.699
461.592
626.057
493.088
995.788
121.189
510.208
550.645
796.564
488.021
33.723
312.937
895.84
877.377
267.067
20.2948
717.643
82.0948
136.601
478.042
592.761
370.067
558.123
281.014
209.601
756.554
744.102
517.045
629.536
583.514
590.899
229.835
22.6142
936.796
552.538
423.048
780.786
932.249
906.949
886.563
163.732
402.417
820.887
626.27
134.648
14.9236
120.212
178.777
541.49
353.526
171.422
591.784
299.997
993.5
780.45
352.123
735.466
102.206
515.702
42.024
738.273
596.728
361.095
5.34074
890.805
388.806
105.167
804.621
220.649
749.443
373.089
750.542
737.693
323.466
707.144
284.86
409.986
826.228
602.71
498.184
735.984
952.544
905.271
563.555
568.01
530.412
475.082
367.443
344.615
449.782
525.681
119.449
387.066
398.022
542.467
221.259
416.303
933.164
187.536
177.129
947.447
926.572
97.354
826.472
716.88
905.759
978.881
679.586
799.249
328.99
911.008
638.966
569.903
322.642
257.332
885.739
169.408
912.748
96.469
213.965
626.27
281.961
576.067
593.249
293.893
83.3155
97.1099
241.066
758.66
341.502
734.428
986.206
874.508
973.601
799.738
204.352
81.0266
460.036
953.703
107.547
661
697.409
772.881
667.745
93.2951
563.768
178.045
957.06
158.238
228.553
630.146
184.881
950.743
737.632
500.107
213.691
458.052
904.874
518.509
834.559
858.486
41.8714
711.905
583.514
196.356
556.841
731.437
380.627
591.174
953.398
980.56
772.118
635.212
261.696
447.401
57.4053
137.486
431.959
649.098
82.4
869.686
722.343
593.005
979.675
469.619
611.957
162.267
637.318
160.07
271.065
831.263
177.709
437.666
118.534
117.252
227.21
388.928
498.764
674.947
257.851
789.544
9.064
439.497
782.922
642.964
508.499
724.876
687.185
315.043
339.64
683.432
473.037
920.133
794.641
33.0821
704.031
115.757
356.365
458.327
426.771
961.699
746.666
591.296
852.901
999.481
311.869
979.095
81.576
209.235
778.161
943.968
144.841
999.573
906.644
741.935
155.828
886.715
80.5994
926.786
842.402
19.6844
355.358
325.205
246.315
207.343
2.34993
529.771
869.9
603.351
78.5241
315.317
51.1185
705.954
52.5529
885.769
848.598
828.272
18.6773
357.219
217.2
695.639
530.015
383.465
756.706
325.999
581.866
330.485
812.952
850.032
777.093
905.942
214.728
426.557
203.986
649.953
425.947
910.306
58.6566
193.64
395.55
427.686
542.375
691.427
885.647
517.106
65.9505
333.079
559.526
989.746
291.94
342.692
610.858
167.669
45.5947
369.671
214.728
654.897
626.82
679.037
582.659
297.861
553.301
46.3271
902.066
491.867
266.64
764.245
941.893
489.151
832.911
666.585
605.396
865.413
168.004
576.22
211.707
800.653
820.368
82.9188
786.798
330.79
840.846
57.8021
145.573
226.203
772.423
810.083
46.5712
653.401
289.773
292.734
199.561
276.345
520.768
263.314
408.551
953.246
580.676
806.085
630.238
685.385
350.749
121.616
230.171
974.364
31.8918
990.387
217.17
243.385
505.387
816.187
737.632
479.629
30.8542
656.178
610.736
753.319
314.219
143.376
186.01
770.074
475.295
707.907
304.575
112.857
947.356
3.35704
644.612
329.386
839.686
944.67
233.528
521.683
794.061
263.161
406.842
593.677
866.726
985.992
996.002
813.349
467.025
745.018
25.544
845.668
883.786
322.581
701.804
912.32
431.074
339.549
973.235
234.596
744.133
492.203
444.777
416.028
257.088
244.301
926.908
920.469
393.475
380.413
400.372
302.011
500.961
326.792
678.61
343.669
61.3422
646.229
548.418
759.758
207.434
612.812
670.4
619.587
77.517
273.08
20.6305
147.771
39.1552
899.838
154.424
57.9852
313.334
244.514
73.5191
75.7775
30.3049
495.163
978.301
807.703
248.207
344.981
685.751
611.621
965.88
79.2871
994.964
625.996
661
85.6044
780.938
613.147
385.144
694.266
98.117
773.278
946.379
755.028
75.3197
185.553
211.005
856.655
882.321
32.4412
56.2151
594.989
550.493
263.253
3.6317
796.197
927.946
853.664
66.2252
101.382
550.798
316.874
839.381
818.873
711.57
623.493
367.016
449.965
506.272
185.278
814.783
795.251
141.057
59.9078
480.728
46.9069
280.129
32.7464
175.42
773.766
715.659
731.529
502.335
204.901
141.453
430.86
69.8263
718.925
311.258
702.109
166.143
943.785
362.957
565.538
928.434
374.767
590.442
300.302
537.156
916.196
443.434
569.201
467.33
252.937
37.6598
13.9775
327.372
458.632
955.626
977.66
317.362
746.117
619.587
509.903
837.458
767.022
18.6163
312.174
277.993
366.192
69.8874
778.161
522.813
197.577
395.947
786.584
196.081
107.639
799.738
401.746
185.247
692.587
217.689
139.134
469.955
935.759
432.783
951.109
789.3
331.187
328.562
589.831
178.137
399.945
965.423
503.586
903.592
5.09659
260.353
922.147
833.46
371.96
551.744
288.064
767.296
219.489
829.676
690.146
761.803
909.33
913.968
454.482
981.536
18.6468
360.515
550.645
106.082
243.324
377.422
968.23
825.709
36.9274
532.09
720.176
455.214
892.727
530.717
629.81
199.072
674.337
851.253
556.871
97.7508
901.608
510.941
219.428
186.956
397.443
750.298
267.739
901.181
202.857
913.846
766.32
252.327
165.166
309.671
740.501
815.516
106.601
328.806
943.48
52.0646
979.431
605.457
500.717
2.31941
913.175
499.344
587.054
878.445
561.113
682.15
793.786
588.733
651.57
107.913
340.983
725.455
150.67
150.273
792.047
46.0829
942.717
186.254
426.405
980.438
434.095
409.101
926.664
194.067
987.732
150.517
536.332
740.135
593.493
494.217
344.768
829.585
681.265
461.409
855.098
752.464
482.986
550.188
491.531
980.499
849.666
909.33
202.795
982.604
929.594
928.312
817.042
784.692
614.368
524.522
305.094
804.651
158.666
909.116
608.448
994.079
880.093
112.308
187.445
817.896
345.134
50.2029
946.989
103.122
948.21
413.221
694.845
288.156
288.919
158.757
789.972
103.275
254.921
888.028
136.174
214.484
215.827
889.279
177.862
861.385
234.687
128.025
53.9872
20.1727
703.452
966.185
566.332
123.844
308.329
890.255
118.748
869.533
731.742
31.4341
283.12
145.573
996.49
757.408
148.564
608.905
858.974
117.466
110.263
943.754
157.659
423.2
253.67
333.506
522.416
744.407
991.089
176.733
351.817
602.557
105.93
578.478
464.156
642.994
862.148
648.183
328.41
566.546
333.415
135.533
281.838
102.298
610.279
435.621
639.79
302.713
39.7656
494.156
104.556
942.198
154.79
644.673
379.376
300.241
449.11
908.231
393.506
111.087
654.317
787.713
45.0758
960.021
675.1
87.1609
867.794
908.628
838.832
787.957
527.482
629.749
615.833
512.65
555.254
833.277
466.811
608.295
223.121
264.321
973.235
379.772
968.322
55.0249
907.254
505.112
272.866
710.837
397.473
163.488
404.523
513.047
846.553
907.407
925.077
618.61
756.798
810.205
372.6
638.264
120.701
920.438
23.896
974.67
531.724
553.88
143.04
701.193
672.292
454.817
622.7
263.558
334.819
357.738
424.055
784.387
632.466
980.468
722.159
252.785
555.132
980.468
162.145
380.169
527.97
905.179
133.58
402.814
127.628
667.684
468.093
613.453
613.3
578.997
467.36
902.249
427.992
468.398
667.562
89.0835
327.525
922.788
245.979
327.952
291.879
176.336
476.974
364.818
876.583
682.211
142.521
930.357
159.551
896.451
304.392
48.677
940.062
306.711
343.822
543.382
345.5
236.061
675.039
521.897
503.311
453.383
38.7585
119.846
432.844
121.708
782.311
286.325
814.631
115.848
31.7087
891.415
792.871
240.181
163.427
937.254
467.025
378.216
480.514
153.874
229.621
105.014
500.351
761.01
605.487
793.878
760.033
677.236
749.535
748.039
545.396
957.61
258.827
389.538
450.301
740.959
455.641
35.5541
172.094
488.418
796.899
294.107
449.843
794
567.461
610.004
551.042
548.784
512.436
992.584
213.904
740.013
565.355
456.13
450.545
665.822
328.227
204.779
117.862
847.621
460.005
92.4711
662.465
420.82
629.109
389.66
945.341
285.348
187.078
387.921
553.056
797.174
218.94
873.806
501.572
281.991
126.713
2.86874
738.701
152.776
402.692
605.548
351.756
911.679
748.039
455.794
886.624
818.018
193.487
533.86
684.164
503.952
378.582
814.6
640.736
318.033
644.642
612.201
298.532
679.067
99.0936
13.0009
672.475
220.618
306.558
427.412
719.443
8.05689
762.871
792.077
856.502
608.905
808.954
453.78
434.309
297.983
140.172
266.396
571.49
178.808
567.766
931.73
256.966
501.968
188.116
115.726
125.919
962.004
617.206
371.807
815.821
254.341
444.899
401.288
308.878
673.147
566.851
683.737
167.058
31.0068
549.364
7.11081
65.8284
682.974
683.584
930.052
533.097
934.416
885.678
706.565
299.387
615.68
98.6663
705.222
165.685
103.61
352.763
853.664
795.099
571.673
139.805
139.47
334.33
749.779
258.827
699.515
272.134
975.249
788.141
527.726
439.528
815.973
340.953
333.811
559.374
47.0901
260.231
583.422
250.954
262.52
909.513
251.076
895.779
902.249
715.232
317.515
270.913
977.172
117.801
542.192
356.426
272.347
86.7336
542.405
222.51
310.068
356.639
710.654
403.302
853.725
40.0098
0.671407
662.984
234.199
773.644
114.231
560.93
279.672
53.8347
119.236
721.854
130.253
917.997
31.1289
217.261
718.436
627.644
388.043
964.476
196.997
509.934
351.543
549.486
95.4924
613.544
364.025
379.986
486.282
335.185
893.948
574.664
941.679
673.299
300.119
494.888
563.341
264.626
346.629
325.632
865.352
860.5
399.091
611.133
791.772
398.663
834.04
151.86
650.441
327.311
692.343
169.439
243.873
336.924
108.097
144.963
978.881
156.896
544.053
237.678
235.694
572.71
364.849
689.779
778.375
320.078
779.809
123.997
487.197
12.421
685.568
139.897
194.922
757.591
440.748
115.268
907.468
620.35
103.366
618.732
190.71
587.024
162.358
340.19
4.76089
187.963
294.595
944.945
766.472
434.889
178.381
757.744
921.842
228.553
895.108
683.493
809.381
893.704
949.736
270.302
95.8892
996.796
441.816
321.36
565.6
103.763
418.348
962.096
543.962
633.106
939.055
568.316
737.938
460.677
886.258
462.325
772.851
433.393
49.8672
782.586
208.502
446.791
519.272
433.576
314.432
243.477
912.717
521.867
386.517
588.672
476.119
184.973
885.769
978.668
582.446
218.848
180.639
538.987
662.16
410.596
174.2
268.166
97.1099
982.299
597.003
283.456
108.31
52.6444
247.627
224.799
169.134
522.446
961.547
473.067
975.158
289.834
589.587
339.366
501.846
202.185
767.846
880.917
181.524
650.502
759.362
500.32
730.705
212.531
149.754
984.313
658.773
251.106
677.297
138.127
989.959
873.623
979.125
671.896
229.255
159.307
534.776
495.041
103.793
60.2741
588.214
75.5333
110.691
882.473
329.508
19.3793
403.027
753.075
117.618
527.451
44.7401
980.651
25.544
885.22
166.173
713.797
488.815
642.17
50.9964
805.139
338.664
636.83
686.148
286.477
1.70904
523.637
805.963
361.644
146.275
958.281
961.547
323.069
557.604
97.1709
646.901
298.563
522.752
567.98
12.9398
234.26
506.455
566.637
200.69
20.2948
399.426
238.075
824.641
165.197
119.846
996.216
637.928
925.474
850.002
939.238
910.611
296.304
688.498
17.6397
551.531
770.226
0.335704
109.806
506.241
269.082
244.911
662.313
460.891
156.59
564.074
50.7828
384.655
736.9
911.161
318.033
940.733
145.726
2.31941
444.96
298.105
40.6507
871.334
811.274
374.889
996.124
309.091
1.67852
44.3434
9.76592
969.39
614.154
335.368
26.8868
421.461
226.295
158.055
887.814
931.7
176.397
586.2
606.22
254.524
314.768
227.302
383.221
214.728
382.488
712.302
264.412
361.797
173.04
834.925
845.332
477.798
133.549
373.424
932.402
220.191
561.724
124.76
564.898
680.532
54.5671
183.081
304.758
140.294
365.581
993.469
199.988
805.628
326.243
212.439
328.288
801.386
988.098
906.43
326.853
206.549
642.079
119.144
815.058
411.725
870.815
339.549
115.543
580.187
290.445
901.395
180.792
493.698
138.157
845.515
130.741
564.379
361.644
276.589
308.176
293.832
366.802
745.079
257.668
960.723
79.8059
685.629
535.02
818.171
480.148
443.709
752.617
582.141
260.109
921.354
767.632
492.172
768.029
372.875
418.958
725.578
890.591
382.824
719.169
446.181
31.0373
556.352
907.895
269.601
839.32
954.039
272.713
425.275
850.276
801.843
144.047
397.229
686.453
507.889
969.787
324.595
981.658
517.167
876.522
943.297
681.204
35.0963
623.371
349.498
875.668
151.86
354.442
367.321
823.847
398.053
56.4898
800.623
321.635
263.436
127.903
351.176
72.7561
709.769
965.27
484.115
217.597
208.899
973.663
21.6376
676.626
337.748
907.254
746.788
464.522
461.013
945.921
798.059
631.153
532.975
414.716
136.265
985.931
549.852
552.11
865.078
261.361
683.706
233.07
686.117
872.555
629.139
53.7736
270.241
928.526
194.433
683.859
826.044
651.692
667.684
892.239
646.718
862.117
989.868
153.294
916.99
681.906
265.694
239.326
560.778
117.069
643.666
705.435
411.328
672.353
96.3469
673.36
484.695
655.568
132.511
820.429
638.112
327.525
972.045
979.736
394.269
554.186
214.911
257.881
212.989
116.642
535.844
76.7846
991.424
335.917
435.194
45.1369
73.6412
168.218
577.99
66.6219
551.988
427.259
752.251
590.442
139.775
289.651
977.203
410.81
398.297
740.074
793.634
921.384
598.224
111.637
266.976
231.147
996.887
378.765
734.397
47.9446
813.257
357.799
827.357
735.588
681.021
472.365
800.928
451.155
861.66
239.204
700.888
768.853
998.505
131.291
399.915
696.005
692.923
973.846
34.3333
488.327
684.286
529.771
872.341
169.866
914.365
431.196
145.054
164.739
258.034
112.491
872.188
945.891
201.209
901.822
212.256
108.097
246.986
926.908
370.464
771.02
331.98
991.729
593.524
718.314
33.3567
80.0501
284.219
179.571
848.415
642.109
766.167
661.031
327.219
320.811
730.216
731.315
340.648
273.721
893.704
168.462
263.955
746.788
903.958
374.767
357.616
56.4592
17.0904
465.102
127.079
636.311
583.605
935.636
941.893
303.964
871.487
318.583
695.914
405.56
258.919
729.881
790.002
992.981
327.189
715.323
217.994
690.634
885.067
302.133
37.5378
408.032
456.404
661.489
6.98874
554.369
261.544
288.949
669.454
910.978
224.494
108.585
665.334
818.628
36.195
407.117
554.918
835.383
806.452
4.4557
931.669
521.195
334.025
566.851
107.822
506.18
528.153
468.825
153.722
497.787
10.9867
110.141
571.673
384.167
433.088
94.2412
385.907
89.1751
533.189
174.047
929.899
335.612
473.342
371.838
111.911
973.144
480.544
178.93
440.87
26.5511
326.365
242.012
592.456
121.494
675.771
441.755
798.242
442.671
836.177
770.409
837.825
882.26
938.322
914.426
915.952
533.464
79.8059
948.454
205.573
186.407
463.179
46.8764
338.389
982.055
58.8092
619.312
623.371
880.306
825.007
775.719
275.704
99.5209
15.5034
528.611
436.323
182.287
606.677
637.074
263.771
844.722
374.493
500.198
879.849
265.084
653.584
5.18815
449.446
968.413
309
737.022
177.221
962.584
952.239
455.58
500.717
283.059
932.371
246.742
262.429
601.947
134.281
253.365
141.758
57.4053
114.353
392.712
127.567
960.723
605.518
966.491
313.334
535.813
922.666
569.597
795.679
348.766
299.631
204.016
957.671
582.812
689.199
4.15052
918.271
815.332
57.1306
479.476
428.755
452.864
701.621
681.234
998.108
481.033
629.353
199.072
527.543
684.652
519.639
394.238
236.793
995.056
307.291
774.987
161.962
120.64
916.471
921.171
7.44652
116.855
175.512
863.704
632.221
51.7594
445.265
325.297
952.361
423.627
991.089
729.148
540.819
486.77
630.482
380.902
705.588
141.881
687.429
731.223
327.83
546.892
784.295
124.149
240.73
104.862
503.281
938.81
431.013
985.26
447.951
528.855
843.562
834.346
736.625
868.221
70.9555
831.538
458.327
307.138
709.464
747.703
123.447
346.446
661.275
161.382
639.18
835.383
166.417
490.005
841.914
499.435
843.654
991.089
117.557
204.871
522.538
391.034
140.934
865.383
148.076
296.854
265.419
397.748
538.56
47.2732
594.44
632.893
278.115
159.673
265.725
587.603
525.712
28.9621
979.888
4.4557
20.8747
34.5775
304.056
565.294
68.3309
712.149
782.525
684.683
782.25
145.36
384.991
289.895
371.41
235.603
324.107
493.423
747.002
3.93689
773.431
564.257
233.345
583.117
516.831
104.221
664.083
54.9944
61.037
835.902
643.635
790.185
242.256
907.59
256.6
445.509
857.845
122.745
5.31022
276.315
355.205
999.115
257.149
919.218
108.219
64.0584
983.001
301.92
312.723
292.947
67.8121
836.238
32.6853
95.9502
975.097
550.432
427.87
760.063
45.4115
317.515
694.205
752.434
211.798
835.261
748.711
791.345
411.634
514.451
189.398
90.9452
477.645
931.791
562.181
686.087
788.202
3.26548
465.255
243.416
459.029
534.562
523.087
265.175
356.944
304.727
760.338
91.7692
717.093
339.183
407.849
609.394
645.131
528.581
671.224
68.9108
285.226
249.397
493.576
922.636
935.484
143.04
843.959
84.3837
891.751
709.098
561.876
520.31
301.34
869.472
290.353
575.274
807.611
159.368
527.696
942.564
266.915
701.682
329.6
681.814
319.01
620.502
693.411
192.48
92.288
50.6912
154.485
548.296
825.068
399.121
627.583
99.5209
683.798
14.1911
22.8278
748.894
560.442
920.011
668.966
807.672
128.88
770.959
73.9463
838.252
943.052
683.401
55.269
388.806
856.594
100.528
770.074
27.4361
546.709
346.782
677.297
580.889
422.376
27.6803
962.645
984.771
698.721
932.066
457.564
651.387
918.607
591.968
583.789
761.345
702.658
157.537
354.411
385.327
9.36918
742.21
962.859
842.067
685.873
894.986
990.936
198.889
591.021
356.059
767.51
321.299
72.2678
751.64
908.628
377.422
76.9677
384.594
570.482
203.742
679.922
777.184
446.638
438.765
308.023
121.708
40.6812
830.073
443.678
295.938
245.43
621.723
87.5576
598.834
759.941
427.87
762.932
863.735
375.805
499.069
341.594
104.221
663.93
787.286
474.105
349.956
92.6847
716.056
904.019
827.723
109.104
61.9221
448.561
144.719
214.209
853.572
926.634
630.116
563.738
694.571
814.997
490.738
125.462
416.456
914.487
937.834
924.497
467.94
807.215
940.428
407.483
946.776
385.876
762.291
457.686
680.502
236.824
937.925
91.0978
262.123
157.598
844.6
365.917
447.279
590.838
526.109
535.936
818.873
255.074
924.986
979.339
125.584
754.326
178.686
934.233
200.476
447.401
137.272
571.947
865.841
358.074
757.195
439.711
730.735
407.727
528.703
803.278
287.301
751.305
592.883
921.659
212.134
498.215
704.031
784.509
278.939
599.2
694.082
343.669
788.995
180.303
595.386
770.135
925.138
105.686
77.8527
767.602
935.942
49.8367
356.7
474.105
556.383
861.11
227.302
982.482
570.94
497.208
383.221
11.475
925.382
314.615
673.544
758.446
293.863
992.462
456.069
464.705
507.401
872.311
702.536
725.547
749.565
995.605
11.7496
75.0145
926.42
619.343
187.445
877.834
116.184
491.592
536.729
58.8702
505.661
668.02
545.427
702.078
718.589
150.639
86.8252
49.3789
943.541
130.192
819.727
931.761
766.381
113.224
932.066
162.633
114.292
715.079
886.746
925.993
217.414
400.342
325.694
689.23
993.988
951.75
788.049
673.36
766.015
948.698
399.274
410.535
710.959
36.9274
187.323
420.972
956.175
270.638
181.799
540.239
721.946
307.627
952.635
928.19
419.935
739.677
744.469
290.628
112.613
338.725
863.124
345.561
240.638
500.32
470.046
64.1194
23.5603
665.67
441.328
718.894
441.206
3.35704
447.493
269.539
200.842
132.145
910.123
117.954
597.369
166.051
991.577
763.634
671.957
862.789
274.575
390.545
576.067
157.201
287.118
917.356
546.556
860.683
529.374
541.215
398.572
807.459
158.879
307.413
942.198
230.079
990.417
735.374
228.95
644.185
965.88
32.6243
35.1268
24.2317
752.098
928.068
487.197
551.958
620.899
655.293
236.213
717.795
269.295
117.893
87.5576
57.4969
735.13
767.571
491.501
304.575
64.4551
226.051
801.843
239.937
887.661
182.958
708.09
20.2338
559.465
599.963
747.703
265.877
20.0201
752.77
304.91
689.993
32.8074
142.491
1.83111
549.669
955.748
807.306
888.638
701.01
701.651
65.6148
338.45
538.408
44.6791
222.419
54.1704
600.391
928.617
269.448
92.2575
122.257
932.92
110.996
310.739
317.667
554.094
346.171
147.069
669.546
456.923
139.195
132.481
12.421
353.191
208.777
48.7991
686.819
663.381
467.91
134.251
547.044
617.725
345.225
244.026
104.099
953.459
319.285
372.509
584.307
863.247
697.104
442.946
185.156
352.55
167.882
770.959
310.068
661.031
163.64
107.974
62.3798
904.721
557.39
671.407
780.908
595.264
730.735
66.805
897.214
192.236
541.734
509.537
896.817
344.981
224.555
250.801
665.029
980.132
751.732
615.711
998.749
891.079
690.817
558.245
565.569
985.656
86.3063
140.66
91.4335
848.292
398.358
842.586
57.9852
772.851
29.0536
106.449
690.97
922.391
468.276
25.7881
520.92
772.149
589.526
582.049
297.372
492.05
127.689
336.589
537.736
424.818
869.655
984.191
492.386
316.05
588.763
673.727
806.726
452.559
255.196
503.189
662.069
365.123
552.507
94.3022
676.077
251.93
232.215
653.768
344.401
779.077
337.718
427.015
304.331
414.014
828.303
950.713
202.124
948.82
634.938
10.4068
445.204
368.816
679.098
709.647
620.167
723.411
885.342
556.261
858.058
154.912
719.687
973.022
928.373
742.088
284.494
137.791
342.723
313.944
501.053
560.625
249.306
891.202
411.542
302.896
400.006
910.092
131.352
245.582
970.702
886.41
482.894
312.54
516.556
674.673
842.463
54.9944
843.257
979.583
231.117
503.952
75.2586
275.613
181.219
695.853
703.177
790.918
409.07
778.954
890.164
712.088
826.106
105.564
819.941
265.816
918.577
217.2
366.771
833.888
28.2601
128.117
868.954
757.225
564.348
814.508
287.21
986.175
678.335
314.493
529.069
232.276
433.088
346.11
220.344
778.71
997.467
848.75
705.405
604.633
897.214
354.93
556.932
980.712
854.03
598.468
376.873
191.321
243.721
264.87
169.713
540.117
704.794
290.902
68.9718
294.9
928.404
619.129
698.813
728.355
161.534
813.562
951.353
910.459
454.299
443.342
461.531
409.558
182.287
639.912
560.35
557.512
876.034
734.153
987.823
435.499
887.844
380.322
146.947
237.22
928.373
72.1458
180.212
164.769
2.99081
457.839
649.22
514.389
780.358
360.363
99.2157
107.517
923.276
908.841
289.956
724.326
414.167
687.551
373.241
694.845
405.927
308.878
799.493
305.063
628.986
316.263
233.802
173.437
886.776
823.511
263.161
254.402
669.912
796.503
175.817
625.111
421.155
384.045
594.195
711.753
481.796
203.589
242.622
111.24
250.771
988.311
631.123
665.304
588.336
501.724
936.216
942.381
994.781
126.377
860.561
784.082
595.843
32.197
752.251
72.6646
466.262
331.553
764.885
374.889
322.123
126.621
340.403
619.617
113.804
855.892
794.855
464.4
550.523
845.302
289.438
508.316
87.7102
471.114
967.284
6.13422
408.673
840.327
537.4
241.218
931.455
394.452
87.5576
212.561
372.509
344.096
406.598
792.596
898.129
339.274
597.644
12.0548
895.108
282.54
263.985
627.979
891.781
691
48.2803
631.001
660.665
513.23
806.299
848.781
33.9366
807.764
197.058
300.76
463.332
188.849
970
461.837
854.946
446.303
730.766
89.7549
711.173
245.369
466.659
773.919
110.233
312.754
613.208
860.5
555.01
15.4118
943.022
911.222
222.053
738.243
57.8631
351.451
642.476
966.491
766.106
463.912
345.561
479.873
125.431
384.411
496.658
564.196
433.515
255.776
60.3351
646.474
946.623
196.234
520.28
260.659
608.448
238.533
686.911
749.29
569.689
895.962
624.439
607.776
779.962
511.551
227.973
877.773
433.21
46.8459
482.559
495.315
547.96
466.323
934.904
0.427259
463.576
373.516
409.314
514.451
533.616
55.9099
499.13
390.698
797.906
593.707
864.559
445.906
914.274
189.642
868.587
177.404
131.352
375.591
582.08
873.287
583.728
252.51
689.047
20.9052
690.176
419.66
323.74
921.262
937.376
749.748
370.556
913.663
828.944
665.792
258.187
118.931
282.296
76.3268
778.954
105.96
253.578
625.233
964.904
388.256
872.616
411.664
551.988
157.018
868.831
837.733
62.9597
156.926
569.384
738.792
41.0474
110.355
250.862
453.475
465.072
597.095
125.858
989.257
877.438
794.916
745.201
940.184
256.417
988.342
97.7508
312.449
163.671
250.557
188.91
915.036
198.553
206.091
378.277
470.26
290.078
279.122
258.827
101.901
858.364
334.941
358.257
356.395
376.08
119.968
443.709
413.16
361.919
406.842
711.447
641.163
336.589
250.923
642.232
156.865
773.37
264.351
804.498
540.849
573.565
313.944
385.418
368.664
98.941
549.089
732.292
712.363
292.154
166.021
684.469
268.99
915.799
814.814
977.996
272.53
442.396
54.8418
503.311
844.935
625.813
765.831
698.202
943.022
285.409
919.645
856.288
557.36
334.696
620.197
633.168
319.407
584.948
816.919
530.808
172.887
355.785
598.163
641.896
266.121
423.627
471.328
435.041
721.061
338.969
535.234
862.362
435.743
644.52
951.384
570.482
576.128
24.5674
620.533
496.536
913.572
917.508
470.229
629.749
664.327
622.272
260.17
220.74
987.213
430.525
311.441
219.062
795.74
815.027
65.4622
220.618
40.9864
206.244
879.849
706.076
121.403
387.951
966.185
851.466
575.701
43.2752
877.224
692.404
715.415
482.315
448.775
923.124
352.916
82.6441
603.137
111.301
281.716
474.227
919.919
610.462
664.602
999.237
380.779
950.499
986.45
478.835
194.403
988.311
727.653
818.018
107.578
599.414
414.655
478.988
108.829
191.626
203.436
355.693
931.181
822.413
652.669
79.2871
259.59
200.842
842.372
287.027
50.0504
355.937
494.766
884.976
866.207
251.778
253.212
836.177
639.424
131.474
775.536
505.692
759.667
870.907
797.998
93.0815
901.944
123.112
826.624
184.576
495.743
535.508
611.194
955.077
243.446
820.154
59.0228
52.1561
593.249
958.922
744.438
692.984
573.931
324.778
669.912
5.09659
897.153
0.396741
435.957
142.827
733.146
74.8924
474.776
210.242
67.0797
200.72
505.234
522.05
41.3831
191.473
864.406
233.497
190.588
941.923
872.433
870.937
975.402
451.46
886.929
793.695
521.256
232.612
202.887
119.083
968.993
885.311
454.878
141.514
342.112
118.29
676.87
776.849
338.939
999.664
677.206
63.4785
953.917
716.269
883.755
251.534
335.826
625.05
316.263
510.727
788.385
875.881
841.884
789.087
319.59
388.47
369.945
852.962
646.443
463.698
142.857
40.2234
60.5487
811.121
778.588
757.378
61.7084
273.69
221.32
252.113
165.044
31.0068
257.057
692.618
788.507
562.334
749.26
84.5668
626.27
150.609
251.869
57.5274
415.235
208.777
155.522
51.5152
499.985
209.54
23.011
935.301
102.817
500.015
270.608
587.481
705.435
782.22
851.283
472.06
447.768
541.032
95.9807
738.853
951.018
200.476
369.884
881.069
470.504
289.956
698.63
480.392
785.058
401.288
21.9733
71.4438
728.751
218.207
230.628
656.636
771.691
399.335
642.293
902.28
555.712
595.752
73.6717
548.235
791.528
384.777
164.342
61.1286
423.383
401.013
108.676
